   1              		.file	"vl53l8cx.c"
   2              		.text
   3              	.Ltext0:
   4              		.file 1 "src/Flightlib/vl53l8cx_driver/Core/Src/vl53l8cx/vl53l8cx.c"
   5              		.section	.rodata.VL53L8CX_GET_XTALK_CMD,"a"
   6              		.align 32
   9              	VL53L8CX_GET_XTALK_CMD:
  10 0000 5400     		.string	"T"
  11 0002 00       		.string	""
  12 0003 409FD800 		.string	"@\237\330"
  13 0007 C09FE401 		.string	"\300\237\344\001@\237\370"
  13      409FF800 
  14 000f 409FFC04 		.string	"@\237\374\004\004\240\374\001"
  14      04A0FC01 
  14      00
  15 0018 A10C0100 		.string	"\241\f\001"
  16 001c A11C00   		.string	"\241\034"
  17 001f C0A12809 		.string	"\300\241(\t\002\242H"
  17      02A24800 
  18 0027 40A24C00 		.string	"@\242L"
  19 002b 81A25400 		.string	"\201\242T"
  20 002f 81A25C00 		.string	"\201\242\\"
  21 0033 81A26400 		.string	"\201\242d"
  22 0037 81A26C00 		.string	"\201\242l"
  23 003b 84A28C00 		.string	"\204\242\214"
  24 003f 8200     		.string	"\202"
  25 0041 00       		.string	""
  26 0042 00       		.string	""
  27 0043 0F070200 		.string	"\017\007\002"
  28 0047 44       		.ascii	"D"
  29              		.section	.rodata.VL53L8CX_CALIBRATE_XTALK,"a"
  30              		.align 32
  33              	VL53L8CX_CALIBRATE_XTALK:
  34 0000 545000   		.string	"TP"
  35 0003 8000     		.string	"\200"
  36 0005 04080800 		.string	"\004\b\b"
  37 0009 00       		.string	""
  38 000a 0404AD30 		.string	"\004\004\2550"
  38      00
  39 000f 80030106 		.string	"\200\003\001\006\003"
  39      0300
  40 0015 00       		.string	""
  41 0016 0100     		.string	"\001"
  42 0018 AD380100 		.string	"\2558\001"
  43 001c 01E00140 		.string	"\001\340\001@"
  43      00
  44 0021 1000     		.string	"\020"
  45 0023 100100   		.string	"\020\001"
  46 0026 0100     		.string	"\001"
  47 0028 00       		.string	""
  48 0029 00       		.string	""
  49 002a 00       		.string	""
  50 002b 01545800 		.string	"\001TX"
  51 002f 40041A02 		.string	"@\004\032\002"
  51      00
  52 0034 545C0140 		.string	"T\\\001@"
  52      00
  53 0039 0100     		.string	"\001"
  54 003b 5100     		.string	"Q"
  55 003d 00       		.string	""
  56 003e 0FA00FA0 		.string	"\017\240\017\240\003\350\002\200\037@"
  56      03E80280 
  56      1F4000
  57 0049 00       		.string	""
  58 004a 0500     		.string	"\005"
  59 004c 547000   		.string	"Tp"
  60 004f 80032003 		.string	"\200\003 \003 "
  60      2000
  61 0055 00       		.string	""
  62 0056 00       		.string	""
  63 0057 08547801 		.string	"\bTx\001"
  63      00
  64 005c 011B00   		.string	"\001\033"
  65 005f 2100     		.string	"!"
  66 0061 3300     		.string	"3"
  67 0063 00       		.string	""
  68 0064 0200     		.string	"\002"
  69 0066 00       		.string	""
  70 0067 01040108 		.string	"\001\004\001\b\002T\210\001@"
  70      02548801 
  70      4000
  71 0071 00       		.string	""
  72 0072 00       		.string	""
  73 0073 00       		.string	""
  74 0074 00       		.string	""
  75 0075 00       		.string	""
  76 0076 00       		.string	""
  77 0077 00       		.string	""
  78 0078 00       		.string	""
  79 0079 00       		.string	""
  80 007a 00       		.string	""
  81 007b 00       		.string	""
  82 007c 00       		.string	""
  83 007d 00       		.string	""
  84 007e 00       		.string	""
  85 007f 00       		.string	""
  86 0080 00       		.string	""
  87 0081 00       		.string	""
  88 0082 0800     		.string	"\b"
  89 0084 AD480100 		.string	"\255H\001"
  90 0088 01F400   		.string	"\001\364"
  91 008b 00       		.string	""
  92 008c 030600   		.string	"\003\006"
  93 008f 10080808 		.string	"\020\b\b\b\b"
  93      0800
  94 0095 00       		.string	""
  95 0096 00       		.string	""
  96 0097 08AD6001 		.string	"\b\255`\001"
  96      00
  97 009c 00       		.string	""
  98 009d 00       		.string	""
  99 009e 00       		.string	""
 100 009f 8000     		.string	"\200"
 101 00a1 00       		.string	""
 102 00a2 00       		.string	""
 103 00a3 00       		.string	""
 104 00a4 201F01F4 		.string	" \037\001\364"
 104      00
 105 00a9 00       		.string	""
 106 00aa 1D0AAD70 		.string	"\035\n\255p"
 106      00
 107 00af 800800   		.string	"\200\b"
 108 00b2 1F4000   		.string	"\037@"
 109 00b5 00       		.string	""
 110 00b6 00       		.string	""
 111 00b7 01AD7800 		.string	"\001\255x"
 112 00bb 8000     		.string	"\200"
 113 00bd A0032000 		.string	"\240\003 "
 114 00c1 010190AD 		.string	"\001\001\220\255\200"
 114      8000
 115 00c7 4000     		.string	"@"
 116 00c9 00       		.string	""
 117 00ca 2800     		.string	"("
 118 00cc AD8400   		.string	"\255\204"
 119 00cf 8000     		.string	"\200"
 120 00d1 00       		.string	""
 121 00d2 3200     		.string	"2"
 122 00d4 032000   		.string	"\003 "
 123 00d7 00       		.string	""
 124 00d8 AD8C00   		.string	"\255\214"
 125 00db 800258FF 		.string	"\200\002X\3778"
 125      3800
 126 00e1 00       		.string	""
 127 00e2 00       		.string	""
 128 00e3 0CAD9401 		.string	"\f\255\224\001"
 128      00
 129 00e8 00       		.string	""
 130 00e9 019000   		.string	"\001\220"
 131 00ec FFFFFC00 		.string	"\377\377\374"
 132 00f0 00       		.string	""
 133 00f1 00       		.string	""
 134 00f2 0400     		.string	"\004"
 135 00f4 00       		.string	""
 136 00f5 00       		.string	""
 137 00f6 0100     		.string	"\001"
 138 00f8 ADA400   		.string	"\255\244"
 139 00fb C0048006 		.string	"\300\004\200\006\032"
 139      1A00
 140 0101 80058000 		.string	"\200\005\200"
 141 0105 00       		.string	""
 142 0106 0106ADB0 		.string	"\001\006\255\260"
 142      00
 143 010b C0048006 		.string	"\300\004\200\006\032\031"
 143      1A1900
 144 0112 058000   		.string	"\005\200"
 145 0115 00       		.string	""
 146 0116 0190ADBC 		.string	"\001\220\255\274\004@"
 146      044000
 147 011d 00       		.string	""
 148 011e 00       		.string	""
 149 011f 00       		.string	""
 150 0120 00       		.string	""
 151 0121 00       		.string	""
 152 0122 00       		.string	""
 153 0123 00       		.string	""
 154 0124 00       		.string	""
 155 0125 1200     		.string	"\022"
 156 0127 2500     		.string	"%"
 157 0129 00       		.string	""
 158 012a 00       		.string	""
 159 012b 0600     		.string	"\006"
 160 012d 00       		.string	""
 161 012e 00       		.string	""
 162 012f 0500     		.string	"\005"
 163 0131 00       		.string	""
 164 0132 00       		.string	""
 165 0133 0500     		.string	"\005"
 166 0135 00       		.string	""
 167 0136 00       		.string	""
 168 0137 0600     		.string	"\006"
 169 0139 00       		.string	""
 170 013a 00       		.string	""
 171 013b 0400     		.string	"\004"
 172 013d 00       		.string	""
 173 013e 00       		.string	""
 174 013f 0F00     		.string	"\017"
 175 0141 00       		.string	""
 176 0142 00       		.string	""
 177 0143 5A00     		.string	"Z"
 178 0145 00       		.string	""
 179 0146 00       		.string	""
 180 0147 00       		.string	""
 181 0148 00       		.string	""
 182 0149 00       		.string	""
 183 014a 00       		.string	""
 184 014b 090B0C0B 		.string	"\t\013\f\013\013\003\003\021\005\001\001\001\001"
 184      0B030311 
 184      05010101 
 184      0100
 185 0159 00       		.string	""
 186 015a 00       		.string	""
 187 015b 00       		.string	""
 188 015c 00       		.string	""
 189 015d 0D00     		.string	"\r"
 190 015f 00       		.string	""
 191 0160 AE00     		.string	"\256"
 192 0162 010400   		.string	"\001\004"
 193 0165 00       		.string	""
 194 0166 00       		.string	""
 195 0167 0400     		.string	"\004"
 196 0169 00       		.string	""
 197 016a 00       		.string	""
 198 016b 0800     		.string	"\b"
 199 016d 00       		.string	""
 200 016e 00       		.string	""
 201 016f 0A00     		.string	"\n"
 202 0171 00       		.string	""
 203 0172 00       		.string	""
 204 0173 0C00     		.string	"\f"
 205 0175 00       		.string	""
 206 0176 00       		.string	""
 207 0177 0D00     		.string	"\r"
 208 0179 00       		.string	""
 209 017a 00       		.string	""
 210 017b 0E00     		.string	"\016"
 211 017d 00       		.string	""
 212 017e 00       		.string	""
 213 017f 0800     		.string	"\b"
 214 0181 00       		.string	""
 215 0182 00       		.string	""
 216 0183 0800     		.string	"\b"
 217 0185 00       		.string	""
 218 0186 00       		.string	""
 219 0187 1000     		.string	"\020"
 220 0189 00       		.string	""
 221 018a 00       		.string	""
 222 018b 1000     		.string	"\020"
 223 018d 00       		.string	""
 224 018e 00       		.string	""
 225 018f 2000     		.string	" "
 226 0191 00       		.string	""
 227 0192 00       		.string	""
 228 0193 2000     		.string	" "
 229 0195 00       		.string	""
 230 0196 00       		.string	""
 231 0197 0600     		.string	"\006"
 232 0199 00       		.string	""
 233 019a 050A0200 		.string	"\005\n\002"
 234 019e 0C0800   		.string	"\f\b"
 235 01a1 00       		.string	""
 236 01a2 00       		.string	""
 237 01a3 00       		.string	""
 238 01a4 AE4000   		.string	"\256@"
 239 01a7 4000     		.string	"@"
 240 01a9 00       		.string	""
 241 01aa 00       		.string	""
 242 01ab FFAE4400 		.string	"\377\256D"
 243 01af 4000     		.string	"@"
 244 01b1 100401AE 		.string	"\020\004\001\256H"
 244      4800
 245 01b7 4000     		.string	"@"
 246 01b9 00       		.string	""
 247 01ba 1000     		.string	"\020"
 248 01bc AE4C00   		.string	"\256L"
 249 01bf 4000     		.string	"@"
 250 01c1 00       		.string	""
 251 01c2 00       		.string	""
 252 01c3 01AE5001 		.string	"\001\256P\001@"
 252      4000
 253 01c9 00       		.string	""
 254 01ca 00       		.string	""
 255 01cb 140400   		.string	"\024\004"
 256 01ce 2800     		.string	"("
 257 01d0 03206C00 		.string	"\003 l"
 258 01d4 00       		.string	""
 259 01d5 00       		.string	""
 260 01d6 00       		.string	""
 261 01d7 00       		.string	""
 262 01d8 00       		.string	""
 263 01d9 00       		.string	""
 264 01da 00       		.string	""
 265 01db 00       		.string	""
 266 01dc AE6400   		.string	"\256d"
 267 01df 4000     		.string	"@"
 268 01e1 00       		.string	""
 269 01e2 00       		.string	""
 270 01e3 01AED801 		.string	"\001\256\330\001"
 270      00
 271 01e8 00       		.string	""
 272 01e9 C805DC00 		.string	"\310\005\334"
 273 01ed 00       		.string	""
 274 01ee 0CCD0104 		.string	"\f\315\001\004"
 274      00
 275 01f3 00       		.string	""
 276 01f4 00       		.string	""
 277 01f5 012601B5 		.string	"\001&\001\265P\002\202\243\350\243\270\2448\244(\246H\244H\247\210\247H\254\020\247\220\2
 277      500282A3 
 277      E8A3B8A4 
 277      38A428A6 
 277      48A448A7 
 278 0219 00       		.string	""
 279 021a 00       		.string	""
 280 021b 00       		.string	""
 281 021c 00       		.string	""
 282 021d 00       		.string	""
 283 021e 00       		.string	""
 284 021f 00       		.string	""
 285 0220 00       		.string	""
 286 0221 00       		.string	""
 287 0222 00       		.string	""
 288 0223 00       		.string	""
 289 0224 00       		.string	""
 290 0225 00       		.string	""
 291 0226 00       		.string	""
 292 0227 00       		.string	""
 293 0228 00       		.string	""
 294 0229 00       		.string	""
 295 022a 00       		.string	""
 296 022b 00       		.string	""
 297 022c 00       		.string	""
 298 022d 00       		.string	""
 299 022e 00       		.string	""
 300 022f 00       		.string	""
 301 0230 00       		.string	""
 302 0231 00       		.string	""
 303 0232 00       		.string	""
 304 0233 00       		.string	""
 305 0234 00       		.string	""
 306 0235 00       		.string	""
 307 0236 00       		.string	""
 308 0237 00       		.string	""
 309 0238 00       		.string	""
 310 0239 00       		.string	""
 311 023a 00       		.string	""
 312 023b 00       		.string	""
 313 023c 00       		.string	""
 314 023d 00       		.string	""
 315 023e 00       		.string	""
 316 023f 00       		.string	""
 317 0240 00       		.string	""
 318 0241 00       		.string	""
 319 0242 00       		.string	""
 320 0243 00       		.string	""
 321 0244 00       		.string	""
 322 0245 00       		.string	""
 323 0246 00       		.string	""
 324 0247 00       		.string	""
 325 0248 00       		.string	""
 326 0249 00       		.string	""
 327 024a 00       		.string	""
 328 024b 00       		.string	""
 329 024c B5A00282 		.string	"\265\240\002\202"
 329      00
 330 0251 880300   		.string	"\210\003"
 331 0254 00       		.string	""
 332 0255 8200     		.string	"\202"
 333 0257 82040404 		.string	"\202\004\004\004\b"
 333      0800
 334 025d 80040109 		.string	"\200\004\001\t\002\t\b\004\004"
 334      02090804 
 334      0400
 335 0267 80040104 		.string	"\200\004\001\004\001"
 335      0100
 336 026d 00       		.string	""
 337 026e 00       		.string	""
 338 026f 00       		.string	""
 339 0270 00       		.string	""
 340 0271 00       		.string	""
 341 0272 00       		.string	""
 342 0273 00       		.string	""
 343 0274 00       		.string	""
 344 0275 00       		.string	""
 345 0276 00       		.string	""
 346 0277 00       		.string	""
 347 0278 00       		.string	""
 348 0279 00       		.string	""
 349 027a 00       		.string	""
 350 027b 00       		.string	""
 351 027c 00       		.string	""
 352 027d 00       		.string	""
 353 027e 00       		.string	""
 354 027f 00       		.string	""
 355 0280 00       		.string	""
 356 0281 00       		.string	""
 357 0282 00       		.string	""
 358 0283 00       		.string	""
 359 0284 00       		.string	""
 360 0285 00       		.string	""
 361 0286 00       		.string	""
 362 0287 00       		.string	""
 363 0288 00       		.string	""
 364 0289 00       		.string	""
 365 028a 00       		.string	""
 366 028b 00       		.string	""
 367 028c 00       		.string	""
 368 028d 00       		.string	""
 369 028e 00       		.string	""
 370 028f 00       		.string	""
 371 0290 00       		.string	""
 372 0291 00       		.string	""
 373 0292 00       		.string	""
 374 0293 00       		.string	""
 375 0294 00       		.string	""
 376 0295 00       		.string	""
 377 0296 00       		.string	""
 378 0297 00       		.string	""
 379 0298 00       		.string	""
 380 0299 00       		.string	""
 381 029a 00       		.string	""
 382 029b 00       		.string	""
 383 029c 00       		.string	""
 384 029d 00       		.string	""
 385 029e 00       		.string	""
 386 029f 00       		.string	""
 387 02a0 B5F000   		.string	"\265\360"
 388 02a3 4000     		.string	"@"
 389 02a5 0400     		.string	"\004"
 390 02a7 00       		.string	""
 391 02a8 B39C0100 		.string	"\263\234\001"
 392 02ac 4000     		.string	"@"
 393 02ae 051E021B 		.string	"\005\036\002\033\b|\200"
 393      087C8000 
 394 02b6 120100   		.string	"\022\001"
 395 02b9 010800   		.string	"\001\b"
 396 02bc B6C000   		.string	"\266\300"
 397 02bf C000     		.string	"\300"
 398 02c1 00       		.string	""
 399 02c2 6000     		.string	"`"
 400 02c4 00       		.string	""
 401 02c5 00       		.string	""
 402 02c6 2000     		.string	" "
 403 02c8 00       		.string	""
 404 02c9 00       		.string	""
 405 02ca 00       		.string	""
 406 02cb 00       		.string	""
 407 02cc AEA800   		.string	"\256\250"
 408 02cf 4000     		.string	"@"
 409 02d1 00       		.string	""
 410 02d2 0405AEAC 		.string	"\004\005\256\254"
 410      00
 411 02d7 800100   		.string	"\200\001"
 412 02da 0100     		.string	"\001"
 413 02dc 00       		.string	""
 414 02dd 0200     		.string	"\002"
 415 02df 00       		.string	""
 416 02e0 AEB400   		.string	"\256\264"
 417 02e3 4000     		.string	"@"
 418 02e5 00       		.string	""
 419 02e6 00       		.string	""
 420 02e7 00       		.string	""
 421 02e8 AEB800   		.string	"\256\270"
 422 02eb 8100     		.string	"\201"
 423 02ed 00       		.string	""
 424 02ee 00       		.string	""
 425 02ef 00       		.string	""
 426 02f0 00       		.string	""
 427 02f1 00       		.string	""
 428 02f2 00       		.string	""
 429 02f3 00       		.string	""
 430 02f4 AEC000   		.string	"\256\300"
 431 02f7 8100     		.string	"\201"
 432 02f9 00       		.string	""
 433 02fa 00       		.string	""
 434 02fb 00       		.string	""
 435 02fc 00       		.string	""
 436 02fd 00       		.string	""
 437 02fe 00       		.string	""
 438 02ff 00       		.string	""
 439 0300 AEC800   		.string	"\256\310"
 440 0303 81080101 		.string	"\201\b\001\001\b"
 440      0800
 441 0309 00       		.string	""
 442 030a 00       		.string	""
 443 030b 08AED000 		.string	"\b\256\320"
 444 030f 81010808 		.string	"\201\001\b\b\b"
 444      0800
 445 0315 00       		.string	""
 446 0316 00       		.string	""
 447 0317 01B5F400 		.string	"\001\265\364"
 448 031b 8000     		.string	"\200"
 449 031d 00       		.string	""
 450 031e 00       		.string	""
 451 031f 00       		.string	""
 452 0320 00       		.string	""
 453 0321 00       		.string	""
 454 0322 00       		.string	""
 455 0323 00       		.string	""
 456 0324 B5FC00   		.string	"\265\374"
 457 0327 8000     		.string	"\200"
 458 0329 00       		.string	""
 459 032a 00       		.string	""
 460 032b 00       		.string	""
 461 032c 00       		.string	""
 462 032d 00       		.string	""
 463 032e 00       		.string	""
 464 032f 00       		.string	""
 465 0330 B60400   		.string	"\266\004"
 466 0333 4000     		.string	"@"
 467 0335 00       		.string	""
 468 0336 00       		.string	""
 469 0337 00       		.string	""
 470 0338 B60800   		.string	"\266\b"
 471 033b 4400     		.string	"D"
 472 033d 00       		.string	""
 473 033e 00       		.string	""
 474 033f 00       		.string	""
 475 0340 00       		.string	""
 476 0341 00       		.string	""
 477 0342 00       		.string	""
 478 0343 00       		.string	""
 479 0344 00       		.string	""
 480 0345 00       		.string	""
 481 0346 00       		.string	""
 482 0347 00       		.string	""
 483 0348 00       		.string	""
 484 0349 00       		.string	""
 485 034a 00       		.string	""
 486 034b 00       		.string	""
 487 034c B61800   		.string	"\266\030"
 488 034f 4400     		.string	"D"
 489 0351 00       		.string	""
 490 0352 00       		.string	""
 491 0353 00       		.string	""
 492 0354 00       		.string	""
 493 0355 00       		.string	""
 494 0356 00       		.string	""
 495 0357 00       		.string	""
 496 0358 00       		.string	""
 497 0359 00       		.string	""
 498 035a 00       		.string	""
 499 035b 00       		.string	""
 500 035c 00       		.string	""
 501 035d 00       		.string	""
 502 035e 00       		.string	""
 503 035f 00       		.string	""
 504 0360 B62800   		.string	"\266("
 505 0363 4400     		.string	"D"
 506 0365 00       		.string	""
 507 0366 00       		.string	""
 508 0367 00       		.string	""
 509 0368 00       		.string	""
 510 0369 00       		.string	""
 511 036a 00       		.string	""
 512 036b 00       		.string	""
 513 036c 00       		.string	""
 514 036d 00       		.string	""
 515 036e 00       		.string	""
 516 036f 00       		.string	""
 517 0370 00       		.string	""
 518 0371 00       		.string	""
 519 0372 00       		.string	""
 520 0373 00       		.string	""
 521 0374 B63800   		.string	"\2668"
 522 0377 4400     		.string	"D"
 523 0379 00       		.string	""
 524 037a 00       		.string	""
 525 037b 00       		.string	""
 526 037c 00       		.string	""
 527 037d 00       		.string	""
 528 037e 00       		.string	""
 529 037f 00       		.string	""
 530 0380 00       		.string	""
 531 0381 00       		.string	""
 532 0382 00       		.string	""
 533 0383 00       		.string	""
 534 0384 00       		.string	""
 535 0385 00       		.string	""
 536 0386 00       		.string	""
 537 0387 00       		.string	""
 538 0388 B6480100 		.string	"\266H\001"
 539 038c 00       		.string	""
 540 038d 00       		.string	""
 541 038e 00       		.string	""
 542 038f 00       		.string	""
 543 0390 00       		.string	""
 544 0391 00       		.string	""
 545 0392 00       		.string	""
 546 0393 00       		.string	""
 547 0394 00       		.string	""
 548 0395 00       		.string	""
 549 0396 00       		.string	""
 550 0397 00       		.string	""
 551 0398 00       		.string	""
 552 0399 00       		.string	""
 553 039a 00       		.string	""
 554 039b 00       		.string	""
 555 039c B6580100 		.string	"\266X\001"
 556 03a0 00       		.string	""
 557 03a1 00       		.string	""
 558 03a2 00       		.string	""
 559 03a3 00       		.string	""
 560 03a4 00       		.string	""
 561 03a5 00       		.string	""
 562 03a6 00       		.string	""
 563 03a7 00       		.string	""
 564 03a8 00       		.string	""
 565 03a9 00       		.string	""
 566 03aa 00       		.string	""
 567 03ab 00       		.string	""
 568 03ac 00       		.string	""
 569 03ad 00       		.string	""
 570 03ae 00       		.string	""
 571 03af 00       		.string	""
 572 03b0 B6680100 		.string	"\266h\001"
 573 03b4 00       		.string	""
 574 03b5 00       		.string	""
 575 03b6 00       		.string	""
 576 03b7 00       		.string	""
 577 03b8 00       		.string	""
 578 03b9 00       		.string	""
 579 03ba 00       		.string	""
 580 03bb 00       		.string	""
 581 03bc 00       		.string	""
 582 03bd 00       		.string	""
 583 03be 00       		.string	""
 584 03bf 00       		.string	""
 585 03c0 00       		.string	""
 586 03c1 00       		.string	""
 587 03c2 00       		.string	""
 588 03c3 00       		.string	""
 589 03c4 547000   		.string	"Tp"
 590 03c7 8000     		.string	"\200"
 591 03c9 00       		.string	""
 592 03ca 00       		.string	""
 593 03cb 00       		.string	""
 594 03cc 00       		.string	""
 595 03cd 00       		.string	""
 596 03ce 00       		.string	""
 597 03cf 0200     		.string	"\002"
 598 03d1 00       		.string	""
 599 03d2 00       		.string	""
 600 03d3 0F00     		.string	"\017"
 601 03d5 0103D4   		.ascii	"\001\003\324"
 602              		.globl	VL53L8CX_RANGING_SENSOR_Driver
 603              		.section	.data.rel.local.VL53L8CX_RANGING_SENSOR_Driver,"aw"
 604              		.align 32
 607              	VL53L8CX_RANGING_SENSOR_Driver:
 608 0000 00000000 		.quad	VL53L8CX_Init
 608      00000000 
 609 0008 00000000 		.quad	VL53L8CX_DeInit
 609      00000000 
 610 0010 00000000 		.quad	VL53L8CX_ReadID
 610      00000000 
 611 0018 00000000 		.quad	VL53L8CX_GetCapabilities
 611      00000000 
 612 0020 00000000 		.quad	VL53L8CX_ConfigProfile
 612      00000000 
 613 0028 00000000 		.quad	VL53L8CX_ConfigROI
 613      00000000 
 614 0030 00000000 		.quad	VL53L8CX_ConfigIT
 614      00000000 
 615 0038 00000000 		.quad	VL53L8CX_GetDistance
 615      00000000 
 616 0040 00000000 		.quad	VL53L8CX_Start
 616      00000000 
 617 0048 00000000 		.quad	VL53L8CX_Stop
 617      00000000 
 618 0050 00000000 		.quad	VL53L8CX_SetAddress
 618      00000000 
 619 0058 00000000 		.quad	VL53L8CX_GetAddress
 619      00000000 
 620 0060 00000000 		.quad	VL53L8CX_SetPowerMode
 620      00000000 
 621 0068 00000000 		.quad	VL53L8CX_GetPowerMode
 621      00000000 
 622              		.section	.text.VL53L8CX_RegisterBusIO,"ax",@progbits
 623              		.globl	VL53L8CX_RegisterBusIO
 625              	VL53L8CX_RegisterBusIO:
 626              	.LFB0:
   1:src/Flightlib/vl53l8cx_driver/Core/Src/vl53l8cx/vl53l8cx.c **** /**
   2:src/Flightlib/vl53l8cx_driver/Core/Src/vl53l8cx/vl53l8cx.c ****   ******************************************************************************
   3:src/Flightlib/vl53l8cx_driver/Core/Src/vl53l8cx/vl53l8cx.c ****   * @file    vl53l8cx.c
   4:src/Flightlib/vl53l8cx_driver/Core/Src/vl53l8cx/vl53l8cx.c ****   * @author  IMG SW Application Team
   5:src/Flightlib/vl53l8cx_driver/Core/Src/vl53l8cx/vl53l8cx.c ****   * @brief   This file provides the VL53L8CX ranging sensor component driver
   6:src/Flightlib/vl53l8cx_driver/Core/Src/vl53l8cx/vl53l8cx.c ****   ******************************************************************************
   7:src/Flightlib/vl53l8cx_driver/Core/Src/vl53l8cx/vl53l8cx.c ****   * @attention
   8:src/Flightlib/vl53l8cx_driver/Core/Src/vl53l8cx/vl53l8cx.c ****   *
   9:src/Flightlib/vl53l8cx_driver/Core/Src/vl53l8cx/vl53l8cx.c ****   * Copyright (c) 2022 STMicroelectronics.
  10:src/Flightlib/vl53l8cx_driver/Core/Src/vl53l8cx/vl53l8cx.c ****   * All rights reserved.
  11:src/Flightlib/vl53l8cx_driver/Core/Src/vl53l8cx/vl53l8cx.c ****   *
  12:src/Flightlib/vl53l8cx_driver/Core/Src/vl53l8cx/vl53l8cx.c ****   * This software is licensed under terms that can be found in the LICENSE file
  13:src/Flightlib/vl53l8cx_driver/Core/Src/vl53l8cx/vl53l8cx.c ****   * in the root directory of this software component.
  14:src/Flightlib/vl53l8cx_driver/Core/Src/vl53l8cx/vl53l8cx.c ****   * If no LICENSE file comes with this software, it is provided AS-IS.
  15:src/Flightlib/vl53l8cx_driver/Core/Src/vl53l8cx/vl53l8cx.c ****   *
  16:src/Flightlib/vl53l8cx_driver/Core/Src/vl53l8cx/vl53l8cx.c ****   ******************************************************************************
  17:src/Flightlib/vl53l8cx_driver/Core/Src/vl53l8cx/vl53l8cx.c ****   */
  18:src/Flightlib/vl53l8cx_driver/Core/Src/vl53l8cx/vl53l8cx.c **** 
  19:src/Flightlib/vl53l8cx_driver/Core/Src/vl53l8cx/vl53l8cx.c **** /* Includes ------------------------------------------------------------------*/
  20:src/Flightlib/vl53l8cx_driver/Core/Src/vl53l8cx/vl53l8cx.c **** #include "vl53l8cx/vl53l8cx.h"
  21:src/Flightlib/vl53l8cx_driver/Core/Src/vl53l8cx/vl53l8cx.c **** 
  22:src/Flightlib/vl53l8cx_driver/Core/Src/vl53l8cx/vl53l8cx.c **** /** @addtogroup BSP
  23:src/Flightlib/vl53l8cx_driver/Core/Src/vl53l8cx/vl53l8cx.c ****   * @{
  24:src/Flightlib/vl53l8cx_driver/Core/Src/vl53l8cx/vl53l8cx.c ****   */
  25:src/Flightlib/vl53l8cx_driver/Core/Src/vl53l8cx/vl53l8cx.c **** 
  26:src/Flightlib/vl53l8cx_driver/Core/Src/vl53l8cx/vl53l8cx.c **** /** @addtogroup Components
  27:src/Flightlib/vl53l8cx_driver/Core/Src/vl53l8cx/vl53l8cx.c ****   * @{
  28:src/Flightlib/vl53l8cx_driver/Core/Src/vl53l8cx/vl53l8cx.c ****   */
  29:src/Flightlib/vl53l8cx_driver/Core/Src/vl53l8cx/vl53l8cx.c **** 
  30:src/Flightlib/vl53l8cx_driver/Core/Src/vl53l8cx/vl53l8cx.c **** /** @addtogroup VL53L8CX
  31:src/Flightlib/vl53l8cx_driver/Core/Src/vl53l8cx/vl53l8cx.c ****   * @brief     This file provides a set of functions needed to drive the
  32:src/Flightlib/vl53l8cx_driver/Core/Src/vl53l8cx/vl53l8cx.c ****   *            VL53L8CX ranging sensor.
  33:src/Flightlib/vl53l8cx_driver/Core/Src/vl53l8cx/vl53l8cx.c ****   * @{
  34:src/Flightlib/vl53l8cx_driver/Core/Src/vl53l8cx/vl53l8cx.c ****   */
  35:src/Flightlib/vl53l8cx_driver/Core/Src/vl53l8cx/vl53l8cx.c **** 
  36:src/Flightlib/vl53l8cx_driver/Core/Src/vl53l8cx/vl53l8cx.c **** /** @defgroup VL53L8CX_Private_TypesDefinitions Private Types Definitions
  37:src/Flightlib/vl53l8cx_driver/Core/Src/vl53l8cx/vl53l8cx.c ****   * @{
  38:src/Flightlib/vl53l8cx_driver/Core/Src/vl53l8cx/vl53l8cx.c ****   */
  39:src/Flightlib/vl53l8cx_driver/Core/Src/vl53l8cx/vl53l8cx.c **** 
  40:src/Flightlib/vl53l8cx_driver/Core/Src/vl53l8cx/vl53l8cx.c **** /* 0x1388 corresponds to 5000 decimal. This will do a timeout of 5 seconds */
  41:src/Flightlib/vl53l8cx_driver/Core/Src/vl53l8cx/vl53l8cx.c **** #define V53L8CX_POLL_TIMEOUT  (0x1388U)
  42:src/Flightlib/vl53l8cx_driver/Core/Src/vl53l8cx/vl53l8cx.c **** #ifndef UNUSED
  43:src/Flightlib/vl53l8cx_driver/Core/Src/vl53l8cx/vl53l8cx.c **** #define UNUSED(x) (void)(x)
  44:src/Flightlib/vl53l8cx_driver/Core/Src/vl53l8cx/vl53l8cx.c **** #endif
  45:src/Flightlib/vl53l8cx_driver/Core/Src/vl53l8cx/vl53l8cx.c **** 
  46:src/Flightlib/vl53l8cx_driver/Core/Src/vl53l8cx/vl53l8cx.c **** /**
  47:src/Flightlib/vl53l8cx_driver/Core/Src/vl53l8cx/vl53l8cx.c ****   * @}
  48:src/Flightlib/vl53l8cx_driver/Core/Src/vl53l8cx/vl53l8cx.c ****   */
  49:src/Flightlib/vl53l8cx_driver/Core/Src/vl53l8cx/vl53l8cx.c **** 
  50:src/Flightlib/vl53l8cx_driver/Core/Src/vl53l8cx/vl53l8cx.c **** /** @defgroup VL53L8CX_Private_Variables Private Variables
  51:src/Flightlib/vl53l8cx_driver/Core/Src/vl53l8cx/vl53l8cx.c ****   * @{
  52:src/Flightlib/vl53l8cx_driver/Core/Src/vl53l8cx/vl53l8cx.c ****   */
  53:src/Flightlib/vl53l8cx_driver/Core/Src/vl53l8cx/vl53l8cx.c **** 
  54:src/Flightlib/vl53l8cx_driver/Core/Src/vl53l8cx/vl53l8cx.c **** VL53L8CX_RANGING_SENSOR_Drv_t VL53L8CX_RANGING_SENSOR_Driver =
  55:src/Flightlib/vl53l8cx_driver/Core/Src/vl53l8cx/vl53l8cx.c **** {
  56:src/Flightlib/vl53l8cx_driver/Core/Src/vl53l8cx/vl53l8cx.c ****   VL53L8CX_Init,
  57:src/Flightlib/vl53l8cx_driver/Core/Src/vl53l8cx/vl53l8cx.c ****   VL53L8CX_DeInit,
  58:src/Flightlib/vl53l8cx_driver/Core/Src/vl53l8cx/vl53l8cx.c ****   VL53L8CX_ReadID,
  59:src/Flightlib/vl53l8cx_driver/Core/Src/vl53l8cx/vl53l8cx.c ****   VL53L8CX_GetCapabilities,
  60:src/Flightlib/vl53l8cx_driver/Core/Src/vl53l8cx/vl53l8cx.c ****   VL53L8CX_ConfigProfile,
  61:src/Flightlib/vl53l8cx_driver/Core/Src/vl53l8cx/vl53l8cx.c ****   VL53L8CX_ConfigROI,
  62:src/Flightlib/vl53l8cx_driver/Core/Src/vl53l8cx/vl53l8cx.c ****   VL53L8CX_ConfigIT,
  63:src/Flightlib/vl53l8cx_driver/Core/Src/vl53l8cx/vl53l8cx.c ****   VL53L8CX_GetDistance,
  64:src/Flightlib/vl53l8cx_driver/Core/Src/vl53l8cx/vl53l8cx.c ****   VL53L8CX_Start,
  65:src/Flightlib/vl53l8cx_driver/Core/Src/vl53l8cx/vl53l8cx.c ****   VL53L8CX_Stop,
  66:src/Flightlib/vl53l8cx_driver/Core/Src/vl53l8cx/vl53l8cx.c ****   VL53L8CX_SetAddress,
  67:src/Flightlib/vl53l8cx_driver/Core/Src/vl53l8cx/vl53l8cx.c ****   VL53L8CX_GetAddress,
  68:src/Flightlib/vl53l8cx_driver/Core/Src/vl53l8cx/vl53l8cx.c ****   VL53L8CX_SetPowerMode,
  69:src/Flightlib/vl53l8cx_driver/Core/Src/vl53l8cx/vl53l8cx.c ****   VL53L8CX_GetPowerMode
  70:src/Flightlib/vl53l8cx_driver/Core/Src/vl53l8cx/vl53l8cx.c **** };
  71:src/Flightlib/vl53l8cx_driver/Core/Src/vl53l8cx/vl53l8cx.c **** 
  72:src/Flightlib/vl53l8cx_driver/Core/Src/vl53l8cx/vl53l8cx.c **** /**
  73:src/Flightlib/vl53l8cx_driver/Core/Src/vl53l8cx/vl53l8cx.c ****   * @}
  74:src/Flightlib/vl53l8cx_driver/Core/Src/vl53l8cx/vl53l8cx.c ****   */
  75:src/Flightlib/vl53l8cx_driver/Core/Src/vl53l8cx/vl53l8cx.c **** 
  76:src/Flightlib/vl53l8cx_driver/Core/Src/vl53l8cx/vl53l8cx.c **** 
  77:src/Flightlib/vl53l8cx_driver/Core/Src/vl53l8cx/vl53l8cx.c **** /** @defgroup VL53L8CX_Private_Functions_Prototypes Private Functions Prototypes
  78:src/Flightlib/vl53l8cx_driver/Core/Src/vl53l8cx/vl53l8cx.c ****   * @{
  79:src/Flightlib/vl53l8cx_driver/Core/Src/vl53l8cx/vl53l8cx.c ****   */
  80:src/Flightlib/vl53l8cx_driver/Core/Src/vl53l8cx/vl53l8cx.c **** static int32_t vl53l8cx_poll_for_measurement(VL53L8CX_Object_t *pObj, uint32_t Timeout);
  81:src/Flightlib/vl53l8cx_driver/Core/Src/vl53l8cx/vl53l8cx.c **** static int32_t vl53l8cx_get_result(VL53L8CX_Object_t *pObj, VL53L8CX_Result_t *pResult);
  82:src/Flightlib/vl53l8cx_driver/Core/Src/vl53l8cx/vl53l8cx.c **** static uint8_t vl53l8cx_map_target_status(uint8_t status);
  83:src/Flightlib/vl53l8cx_driver/Core/Src/vl53l8cx/vl53l8cx.c **** /**
  84:src/Flightlib/vl53l8cx_driver/Core/Src/vl53l8cx/vl53l8cx.c ****   * @}
  85:src/Flightlib/vl53l8cx_driver/Core/Src/vl53l8cx/vl53l8cx.c ****   */
  86:src/Flightlib/vl53l8cx_driver/Core/Src/vl53l8cx/vl53l8cx.c **** 
  87:src/Flightlib/vl53l8cx_driver/Core/Src/vl53l8cx/vl53l8cx.c **** /**
  88:src/Flightlib/vl53l8cx_driver/Core/Src/vl53l8cx/vl53l8cx.c ****   * @brief Initializes the vl53l8cx context object.
  89:src/Flightlib/vl53l8cx_driver/Core/Src/vl53l8cx/vl53l8cx.c ****   * @param pObj    vl53l8cx context object.
  90:src/Flightlib/vl53l8cx_driver/Core/Src/vl53l8cx/vl53l8cx.c ****   * @param pIO     BSP IO struct.
  91:src/Flightlib/vl53l8cx_driver/Core/Src/vl53l8cx/vl53l8cx.c ****   * @retval VL53L8CX status
  92:src/Flightlib/vl53l8cx_driver/Core/Src/vl53l8cx/vl53l8cx.c ****   */
  93:src/Flightlib/vl53l8cx_driver/Core/Src/vl53l8cx/vl53l8cx.c **** int32_t VL53L8CX_RegisterBusIO(VL53L8CX_Object_t *pObj, VL53L8CX_IO_t *pIO)
  94:src/Flightlib/vl53l8cx_driver/Core/Src/vl53l8cx/vl53l8cx.c **** {
 627              		.loc 1 94 1
 628              		.cfi_startproc
 629 0000 F30F1EFA 		endbr64
 630 0004 55       		pushq	%rbp
 631              	.LCFI0:
 632              		.cfi_def_cfa_offset 16
 633              		.cfi_offset 6, -16
 634 0005 4889E5   		movq	%rsp, %rbp
 635              	.LCFI1:
 636              		.cfi_def_cfa_register 6
 637 0008 4883EC20 		subq	$32, %rsp
 638 000c 48897DE8 		movq	%rdi, -24(%rbp)
 639 0010 488975E0 		movq	%rsi, -32(%rbp)
  95:src/Flightlib/vl53l8cx_driver/Core/Src/vl53l8cx/vl53l8cx.c ****   int32_t ret;
  96:src/Flightlib/vl53l8cx_driver/Core/Src/vl53l8cx/vl53l8cx.c **** 
  97:src/Flightlib/vl53l8cx_driver/Core/Src/vl53l8cx/vl53l8cx.c ****   if ((pObj == NULL) || (pIO == NULL))
 640              		.loc 1 97 6
 641 0014 48837DE8 		cmpq	$0, -24(%rbp)
 641      00
 642 0019 7407     		je	.L2
 643              		.loc 1 97 22 discriminator 1
 644 001b 48837DE0 		cmpq	$0, -32(%rbp)
 644      00
 645 0020 750C     		jne	.L3
 646              	.L2:
  98:src/Flightlib/vl53l8cx_driver/Core/Src/vl53l8cx/vl53l8cx.c ****   {
  99:src/Flightlib/vl53l8cx_driver/Core/Src/vl53l8cx/vl53l8cx.c ****     ret = VL53L8CX_INVALID_PARAM;
 647              		.loc 1 99 9
 648 0022 C745FCFE 		movl	$-2, -4(%rbp)
 648      FFFFFF
 649 0029 E9900000 		jmp	.L4
 649      00
 650              	.L3:
 100:src/Flightlib/vl53l8cx_driver/Core/Src/vl53l8cx/vl53l8cx.c ****   }
 101:src/Flightlib/vl53l8cx_driver/Core/Src/vl53l8cx/vl53l8cx.c ****   else
 102:src/Flightlib/vl53l8cx_driver/Core/Src/vl53l8cx/vl53l8cx.c ****   {
 103:src/Flightlib/vl53l8cx_driver/Core/Src/vl53l8cx/vl53l8cx.c ****     pObj->IO.Init      = pIO->Init;
 651              		.loc 1 103 29
 652 002e 488B45E0 		movq	-32(%rbp), %rax
 653 0032 488B10   		movq	(%rax), %rdx
 654              		.loc 1 103 24
 655 0035 488B45E8 		movq	-24(%rbp), %rax
 656 0039 488910   		movq	%rdx, (%rax)
 104:src/Flightlib/vl53l8cx_driver/Core/Src/vl53l8cx/vl53l8cx.c ****     pObj->IO.DeInit    = pIO->DeInit;
 657              		.loc 1 104 29
 658 003c 488B45E0 		movq	-32(%rbp), %rax
 659 0040 488B5008 		movq	8(%rax), %rdx
 660              		.loc 1 104 24
 661 0044 488B45E8 		movq	-24(%rbp), %rax
 662 0048 48895008 		movq	%rdx, 8(%rax)
 105:src/Flightlib/vl53l8cx_driver/Core/Src/vl53l8cx/vl53l8cx.c ****     pObj->IO.Address   = pIO->Address;
 663              		.loc 1 105 29
 664 004c 488B45E0 		movq	-32(%rbp), %rax
 665 0050 0FB75010 		movzwl	16(%rax), %edx
 666              		.loc 1 105 24
 667 0054 488B45E8 		movq	-24(%rbp), %rax
 668 0058 66895010 		movw	%dx, 16(%rax)
 106:src/Flightlib/vl53l8cx_driver/Core/Src/vl53l8cx/vl53l8cx.c ****     pObj->IO.WriteReg  = pIO->WriteReg;
 669              		.loc 1 106 29
 670 005c 488B45E0 		movq	-32(%rbp), %rax
 671 0060 488B5018 		movq	24(%rax), %rdx
 672              		.loc 1 106 24
 673 0064 488B45E8 		movq	-24(%rbp), %rax
 674 0068 48895018 		movq	%rdx, 24(%rax)
 107:src/Flightlib/vl53l8cx_driver/Core/Src/vl53l8cx/vl53l8cx.c ****     pObj->IO.ReadReg   = pIO->ReadReg;
 675              		.loc 1 107 29
 676 006c 488B45E0 		movq	-32(%rbp), %rax
 677 0070 488B5020 		movq	32(%rax), %rdx
 678              		.loc 1 107 24
 679 0074 488B45E8 		movq	-24(%rbp), %rax
 680 0078 48895020 		movq	%rdx, 32(%rax)
 108:src/Flightlib/vl53l8cx_driver/Core/Src/vl53l8cx/vl53l8cx.c ****     pObj->IO.GetTick   = pIO->GetTick;
 681              		.loc 1 108 29
 682 007c 488B45E0 		movq	-32(%rbp), %rax
 683 0080 488B5028 		movq	40(%rax), %rdx
 684              		.loc 1 108 24
 685 0084 488B45E8 		movq	-24(%rbp), %rax
 686 0088 48895028 		movq	%rdx, 40(%rax)
 109:src/Flightlib/vl53l8cx_driver/Core/Src/vl53l8cx/vl53l8cx.c **** 
 110:src/Flightlib/vl53l8cx_driver/Core/Src/vl53l8cx/vl53l8cx.c ****     /* fill vl53l8cx platform structure */
 111:src/Flightlib/vl53l8cx_driver/Core/Src/vl53l8cx/vl53l8cx.c ****     pObj->Dev.platform.address = pIO->Address;
 687              		.loc 1 111 37
 688 008c 488B45E0 		movq	-32(%rbp), %rax
 689 0090 0FB74010 		movzwl	16(%rax), %eax
 690              		.loc 1 111 32
 691 0094 89C2     		movl	%eax, %edx
 692 0096 488B45E8 		movq	-24(%rbp), %rax
 693 009a 88503B   		movb	%dl, 59(%rax)
 112:src/Flightlib/vl53l8cx_driver/Core/Src/vl53l8cx/vl53l8cx.c ****     //pObj->Dev.platform.Read = pIO->ReadReg;
 113:src/Flightlib/vl53l8cx_driver/Core/Src/vl53l8cx/vl53l8cx.c ****     //pObj->Dev.platform.Write = pIO->WriteReg;
 114:src/Flightlib/vl53l8cx_driver/Core/Src/vl53l8cx/vl53l8cx.c ****     //pObj->Dev.platform.GetTick = pIO->GetTick;
 115:src/Flightlib/vl53l8cx_driver/Core/Src/vl53l8cx/vl53l8cx.c **** 
 116:src/Flightlib/vl53l8cx_driver/Core/Src/vl53l8cx/vl53l8cx.c ****     if (pObj->IO.Init != NULL)
 694              		.loc 1 116 17
 695 009d 488B45E8 		movq	-24(%rbp), %rax
 696 00a1 488B00   		movq	(%rax), %rax
 697              		.loc 1 116 8
 698 00a4 4885C0   		testq	%rax, %rax
 699 00a7 740E     		je	.L5
 117:src/Flightlib/vl53l8cx_driver/Core/Src/vl53l8cx/vl53l8cx.c ****     {
 118:src/Flightlib/vl53l8cx_driver/Core/Src/vl53l8cx/vl53l8cx.c ****       ret = pObj->IO.Init();
 700              		.loc 1 118 21
 701 00a9 488B45E8 		movq	-24(%rbp), %rax
 702 00ad 488B00   		movq	(%rax), %rax
 703              		.loc 1 118 13
 704 00b0 FFD0     		call	*%rax
 705              	.LVL0:
 706 00b2 8945FC   		movl	%eax, -4(%rbp)
 707 00b5 EB07     		jmp	.L4
 708              	.L5:
 119:src/Flightlib/vl53l8cx_driver/Core/Src/vl53l8cx/vl53l8cx.c ****     }
 120:src/Flightlib/vl53l8cx_driver/Core/Src/vl53l8cx/vl53l8cx.c ****     else
 121:src/Flightlib/vl53l8cx_driver/Core/Src/vl53l8cx/vl53l8cx.c ****     {
 122:src/Flightlib/vl53l8cx_driver/Core/Src/vl53l8cx/vl53l8cx.c ****       ret = VL53L8CX_ERROR;
 709              		.loc 1 122 11
 710 00b7 C745FCFF 		movl	$-1, -4(%rbp)
 710      FFFFFF
 711              	.L4:
 123:src/Flightlib/vl53l8cx_driver/Core/Src/vl53l8cx/vl53l8cx.c ****     }
 124:src/Flightlib/vl53l8cx_driver/Core/Src/vl53l8cx/vl53l8cx.c ****   }
 125:src/Flightlib/vl53l8cx_driver/Core/Src/vl53l8cx/vl53l8cx.c **** 
 126:src/Flightlib/vl53l8cx_driver/Core/Src/vl53l8cx/vl53l8cx.c ****   return ret;
 712              		.loc 1 126 10
 713 00be 8B45FC   		movl	-4(%rbp), %eax
 127:src/Flightlib/vl53l8cx_driver/Core/Src/vl53l8cx/vl53l8cx.c **** }
 714              		.loc 1 127 1
 715 00c1 C9       		leave
 716              	.LCFI2:
 717              		.cfi_def_cfa 7, 8
 718 00c2 C3       		ret
 719              		.cfi_endproc
 720              	.LFE0:
 722              		.section	.text.VL53L8CX_Init,"ax",@progbits
 723              		.globl	VL53L8CX_Init
 725              	VL53L8CX_Init:
 726              	.LFB1:
 128:src/Flightlib/vl53l8cx_driver/Core/Src/vl53l8cx/vl53l8cx.c **** 
 129:src/Flightlib/vl53l8cx_driver/Core/Src/vl53l8cx/vl53l8cx.c **** /**
 130:src/Flightlib/vl53l8cx_driver/Core/Src/vl53l8cx/vl53l8cx.c ****   * @brief Initializes the vl53l8cx.
 131:src/Flightlib/vl53l8cx_driver/Core/Src/vl53l8cx/vl53l8cx.c ****   * @param pObj    vl53l8cx context object.
 132:src/Flightlib/vl53l8cx_driver/Core/Src/vl53l8cx/vl53l8cx.c ****   * @retval VL53L8CX status
 133:src/Flightlib/vl53l8cx_driver/Core/Src/vl53l8cx/vl53l8cx.c ****   */
 134:src/Flightlib/vl53l8cx_driver/Core/Src/vl53l8cx/vl53l8cx.c **** int32_t VL53L8CX_Init(VL53L8CX_Object_t *pObj)
 135:src/Flightlib/vl53l8cx_driver/Core/Src/vl53l8cx/vl53l8cx.c **** {
 727              		.loc 1 135 1
 728              		.cfi_startproc
 729 0000 F30F1EFA 		endbr64
 730 0004 55       		pushq	%rbp
 731              	.LCFI3:
 732              		.cfi_def_cfa_offset 16
 733              		.cfi_offset 6, -16
 734 0005 4889E5   		movq	%rsp, %rbp
 735              	.LCFI4:
 736              		.cfi_def_cfa_register 6
 737 0008 4883EC20 		subq	$32, %rsp
 738 000c 48897DE8 		movq	%rdi, -24(%rbp)
 136:src/Flightlib/vl53l8cx_driver/Core/Src/vl53l8cx/vl53l8cx.c ****   int32_t ret;
 137:src/Flightlib/vl53l8cx_driver/Core/Src/vl53l8cx/vl53l8cx.c **** 
 138:src/Flightlib/vl53l8cx_driver/Core/Src/vl53l8cx/vl53l8cx.c ****   if (pObj == NULL)
 739              		.loc 1 138 6
 740 0010 48837DE8 		cmpq	$0, -24(%rbp)
 740      00
 741 0015 7509     		jne	.L8
 139:src/Flightlib/vl53l8cx_driver/Core/Src/vl53l8cx/vl53l8cx.c ****   {
 140:src/Flightlib/vl53l8cx_driver/Core/Src/vl53l8cx/vl53l8cx.c ****     ret = VL53L8CX_INVALID_PARAM;
 742              		.loc 1 140 9
 743 0017 C745FCFE 		movl	$-2, -4(%rbp)
 743      FFFFFF
 744 001e EB7E     		jmp	.L9
 745              	.L8:
 141:src/Flightlib/vl53l8cx_driver/Core/Src/vl53l8cx/vl53l8cx.c ****   }
 142:src/Flightlib/vl53l8cx_driver/Core/Src/vl53l8cx/vl53l8cx.c ****   else if (pObj->IsInitialized != 0U)
 746              		.loc 1 142 16
 747 0020 488B45E8 		movq	-24(%rbp), %rax
 748 0024 0FB680F8 		movzbl	2808(%rax), %eax
 748      0A0000
 749              		.loc 1 142 11
 750 002b 84C0     		testb	%al, %al
 751 002d 7409     		je	.L10
 143:src/Flightlib/vl53l8cx_driver/Core/Src/vl53l8cx/vl53l8cx.c ****   {
 144:src/Flightlib/vl53l8cx_driver/Core/Src/vl53l8cx/vl53l8cx.c ****     ret =  VL53L8CX_ERROR;
 752              		.loc 1 144 9
 753 002f C745FCFF 		movl	$-1, -4(%rbp)
 753      FFFFFF
 754 0036 EB66     		jmp	.L9
 755              	.L10:
 145:src/Flightlib/vl53l8cx_driver/Core/Src/vl53l8cx/vl53l8cx.c ****   }
 146:src/Flightlib/vl53l8cx_driver/Core/Src/vl53l8cx/vl53l8cx.c ****   else if (vl53l8cx_init(&pObj->Dev) != VL53L8CX_STATUS_OK)
 756              		.loc 1 146 12
 757 0038 488B45E8 		movq	-24(%rbp), %rax
 758 003c 4883C030 		addq	$48, %rax
 759 0040 4889C7   		movq	%rax, %rdi
 760 0043 E8000000 		call	vl53l8cx_init@PLT
 760      00
 761              		.loc 1 146 11 discriminator 1
 762 0048 84C0     		testb	%al, %al
 763 004a 7409     		je	.L11
 147:src/Flightlib/vl53l8cx_driver/Core/Src/vl53l8cx/vl53l8cx.c ****   {
 148:src/Flightlib/vl53l8cx_driver/Core/Src/vl53l8cx/vl53l8cx.c ****     ret = VL53L8CX_ERROR;
 764              		.loc 1 148 9
 765 004c C745FCFF 		movl	$-1, -4(%rbp)
 765      FFFFFF
 766 0053 EB49     		jmp	.L9
 767              	.L11:
 149:src/Flightlib/vl53l8cx_driver/Core/Src/vl53l8cx/vl53l8cx.c ****   }
 150:src/Flightlib/vl53l8cx_driver/Core/Src/vl53l8cx/vl53l8cx.c ****   else
 151:src/Flightlib/vl53l8cx_driver/Core/Src/vl53l8cx/vl53l8cx.c ****   {
 152:src/Flightlib/vl53l8cx_driver/Core/Src/vl53l8cx/vl53l8cx.c ****     pObj->IsRanging = 0U;
 768              		.loc 1 152 21
 769 0055 488B45E8 		movq	-24(%rbp), %rax
 770 0059 C680F90A 		movb	$0, 2809(%rax)
 770      000000
 153:src/Flightlib/vl53l8cx_driver/Core/Src/vl53l8cx/vl53l8cx.c ****     pObj->IsBlocking = 0U;
 771              		.loc 1 153 22
 772 0060 488B45E8 		movq	-24(%rbp), %rax
 773 0064 C680FA0A 		movb	$0, 2810(%rax)
 773      000000
 154:src/Flightlib/vl53l8cx_driver/Core/Src/vl53l8cx/vl53l8cx.c ****     pObj->IsContinuous = 0U;
 774              		.loc 1 154 24
 775 006b 488B45E8 		movq	-24(%rbp), %rax
 776 006f C680FB0A 		movb	$0, 2811(%rax)
 776      000000
 155:src/Flightlib/vl53l8cx_driver/Core/Src/vl53l8cx/vl53l8cx.c ****     pObj->IsAmbientEnabled = 0U;
 777              		.loc 1 155 28
 778 0076 488B45E8 		movq	-24(%rbp), %rax
 779 007a C680FC0A 		movb	$0, 2812(%rax)
 779      000000
 156:src/Flightlib/vl53l8cx_driver/Core/Src/vl53l8cx/vl53l8cx.c ****     pObj->IsSignalEnabled = 0U;
 780              		.loc 1 156 27
 781 0081 488B45E8 		movq	-24(%rbp), %rax
 782 0085 C680FD0A 		movb	$0, 2813(%rax)
 782      000000
 157:src/Flightlib/vl53l8cx_driver/Core/Src/vl53l8cx/vl53l8cx.c ****     pObj->IsInitialized = 1U;
 783              		.loc 1 157 25
 784 008c 488B45E8 		movq	-24(%rbp), %rax
 785 0090 C680F80A 		movb	$1, 2808(%rax)
 785      000001
 158:src/Flightlib/vl53l8cx_driver/Core/Src/vl53l8cx/vl53l8cx.c ****     ret = VL53L8CX_OK;
 786              		.loc 1 158 9
 787 0097 C745FC00 		movl	$0, -4(%rbp)
 787      000000
 788              	.L9:
 159:src/Flightlib/vl53l8cx_driver/Core/Src/vl53l8cx/vl53l8cx.c ****   }
 160:src/Flightlib/vl53l8cx_driver/Core/Src/vl53l8cx/vl53l8cx.c **** 
 161:src/Flightlib/vl53l8cx_driver/Core/Src/vl53l8cx/vl53l8cx.c ****   return ret;
 789              		.loc 1 161 10
 790 009e 8B45FC   		movl	-4(%rbp), %eax
 162:src/Flightlib/vl53l8cx_driver/Core/Src/vl53l8cx/vl53l8cx.c **** }
 791              		.loc 1 162 1
 792 00a1 C9       		leave
 793              	.LCFI5:
 794              		.cfi_def_cfa 7, 8
 795 00a2 C3       		ret
 796              		.cfi_endproc
 797              	.LFE1:
 799              		.section	.text.VL53L8CX_DeInit,"ax",@progbits
 800              		.globl	VL53L8CX_DeInit
 802              	VL53L8CX_DeInit:
 803              	.LFB2:
 163:src/Flightlib/vl53l8cx_driver/Core/Src/vl53l8cx/vl53l8cx.c **** 
 164:src/Flightlib/vl53l8cx_driver/Core/Src/vl53l8cx/vl53l8cx.c **** /**
 165:src/Flightlib/vl53l8cx_driver/Core/Src/vl53l8cx/vl53l8cx.c ****   * @brief Deinitializes the vl53l8cx.
 166:src/Flightlib/vl53l8cx_driver/Core/Src/vl53l8cx/vl53l8cx.c ****   * @param pObj    vl53l8cx context object.
 167:src/Flightlib/vl53l8cx_driver/Core/Src/vl53l8cx/vl53l8cx.c ****   * @retval VL53L8CX status
 168:src/Flightlib/vl53l8cx_driver/Core/Src/vl53l8cx/vl53l8cx.c ****   */
 169:src/Flightlib/vl53l8cx_driver/Core/Src/vl53l8cx/vl53l8cx.c **** int32_t VL53L8CX_DeInit(VL53L8CX_Object_t *pObj)
 170:src/Flightlib/vl53l8cx_driver/Core/Src/vl53l8cx/vl53l8cx.c **** {
 804              		.loc 1 170 1
 805              		.cfi_startproc
 806 0000 F30F1EFA 		endbr64
 807 0004 55       		pushq	%rbp
 808              	.LCFI6:
 809              		.cfi_def_cfa_offset 16
 810              		.cfi_offset 6, -16
 811 0005 4889E5   		movq	%rsp, %rbp
 812              	.LCFI7:
 813              		.cfi_def_cfa_register 6
 814 0008 4883EC20 		subq	$32, %rsp
 815 000c 48897DE8 		movq	%rdi, -24(%rbp)
 171:src/Flightlib/vl53l8cx_driver/Core/Src/vl53l8cx/vl53l8cx.c ****   int32_t ret;
 172:src/Flightlib/vl53l8cx_driver/Core/Src/vl53l8cx/vl53l8cx.c **** 
 173:src/Flightlib/vl53l8cx_driver/Core/Src/vl53l8cx/vl53l8cx.c ****   if (pObj == NULL)
 816              		.loc 1 173 6
 817 0010 48837DE8 		cmpq	$0, -24(%rbp)
 817      00
 818 0015 7509     		jne	.L14
 174:src/Flightlib/vl53l8cx_driver/Core/Src/vl53l8cx/vl53l8cx.c ****   {
 175:src/Flightlib/vl53l8cx_driver/Core/Src/vl53l8cx/vl53l8cx.c ****     ret = VL53L8CX_INVALID_PARAM;
 819              		.loc 1 175 9
 820 0017 C745FCFE 		movl	$-2, -4(%rbp)
 820      FFFFFF
 821 001e EB41     		jmp	.L15
 822              	.L14:
 176:src/Flightlib/vl53l8cx_driver/Core/Src/vl53l8cx/vl53l8cx.c ****   }
 177:src/Flightlib/vl53l8cx_driver/Core/Src/vl53l8cx/vl53l8cx.c ****   else if (pObj->IsInitialized == 1U)
 823              		.loc 1 177 16
 824 0020 488B45E8 		movq	-24(%rbp), %rax
 825 0024 0FB680F8 		movzbl	2808(%rax), %eax
 825      0A0000
 826              		.loc 1 177 11
 827 002b 3C01     		cmpb	$1, %al
 828 002d 752B     		jne	.L16
 178:src/Flightlib/vl53l8cx_driver/Core/Src/vl53l8cx/vl53l8cx.c ****   {
 179:src/Flightlib/vl53l8cx_driver/Core/Src/vl53l8cx/vl53l8cx.c ****     /* De-initialize the vl53l8cx interface */
 180:src/Flightlib/vl53l8cx_driver/Core/Src/vl53l8cx/vl53l8cx.c ****     if (pObj->IO.DeInit() != 0)
 829              		.loc 1 180 17
 830 002f 488B45E8 		movq	-24(%rbp), %rax
 831 0033 488B4008 		movq	8(%rax), %rax
 832              		.loc 1 180 9
 833 0037 FFD0     		call	*%rax
 834              	.LVL1:
 835              		.loc 1 180 8 discriminator 1
 836 0039 85C0     		testl	%eax, %eax
 837 003b 7409     		je	.L17
 181:src/Flightlib/vl53l8cx_driver/Core/Src/vl53l8cx/vl53l8cx.c ****     {
 182:src/Flightlib/vl53l8cx_driver/Core/Src/vl53l8cx/vl53l8cx.c ****       ret = VL53L8CX_ERROR;
 838              		.loc 1 182 11
 839 003d C745FCFF 		movl	$-1, -4(%rbp)
 839      FFFFFF
 840 0044 EB1B     		jmp	.L15
 841              	.L17:
 183:src/Flightlib/vl53l8cx_driver/Core/Src/vl53l8cx/vl53l8cx.c ****     }
 184:src/Flightlib/vl53l8cx_driver/Core/Src/vl53l8cx/vl53l8cx.c ****     else
 185:src/Flightlib/vl53l8cx_driver/Core/Src/vl53l8cx/vl53l8cx.c ****     {
 186:src/Flightlib/vl53l8cx_driver/Core/Src/vl53l8cx/vl53l8cx.c ****       ret = VL53L8CX_OK;
 842              		.loc 1 186 11
 843 0046 C745FC00 		movl	$0, -4(%rbp)
 843      000000
 187:src/Flightlib/vl53l8cx_driver/Core/Src/vl53l8cx/vl53l8cx.c ****       pObj->IsInitialized = 0;
 844              		.loc 1 187 27
 845 004d 488B45E8 		movq	-24(%rbp), %rax
 846 0051 C680F80A 		movb	$0, 2808(%rax)
 846      000000
 847 0058 EB07     		jmp	.L15
 848              	.L16:
 188:src/Flightlib/vl53l8cx_driver/Core/Src/vl53l8cx/vl53l8cx.c ****     }
 189:src/Flightlib/vl53l8cx_driver/Core/Src/vl53l8cx/vl53l8cx.c ****   }
 190:src/Flightlib/vl53l8cx_driver/Core/Src/vl53l8cx/vl53l8cx.c ****   else
 191:src/Flightlib/vl53l8cx_driver/Core/Src/vl53l8cx/vl53l8cx.c ****   {
 192:src/Flightlib/vl53l8cx_driver/Core/Src/vl53l8cx/vl53l8cx.c ****     /* if device not initialized return error */
 193:src/Flightlib/vl53l8cx_driver/Core/Src/vl53l8cx/vl53l8cx.c ****     ret = VL53L8CX_ERROR;
 849              		.loc 1 193 9
 850 005a C745FCFF 		movl	$-1, -4(%rbp)
 850      FFFFFF
 851              	.L15:
 194:src/Flightlib/vl53l8cx_driver/Core/Src/vl53l8cx/vl53l8cx.c ****   }
 195:src/Flightlib/vl53l8cx_driver/Core/Src/vl53l8cx/vl53l8cx.c **** 
 196:src/Flightlib/vl53l8cx_driver/Core/Src/vl53l8cx/vl53l8cx.c ****   return ret;
 852              		.loc 1 196 10
 853 0061 8B45FC   		movl	-4(%rbp), %eax
 197:src/Flightlib/vl53l8cx_driver/Core/Src/vl53l8cx/vl53l8cx.c **** }
 854              		.loc 1 197 1
 855 0064 C9       		leave
 856              	.LCFI8:
 857              		.cfi_def_cfa 7, 8
 858 0065 C3       		ret
 859              		.cfi_endproc
 860              	.LFE2:
 862              		.section	.text.VL53L8CX_ReadID,"ax",@progbits
 863              		.globl	VL53L8CX_ReadID
 865              	VL53L8CX_ReadID:
 866              	.LFB3:
 198:src/Flightlib/vl53l8cx_driver/Core/Src/vl53l8cx/vl53l8cx.c **** 
 199:src/Flightlib/vl53l8cx_driver/Core/Src/vl53l8cx/vl53l8cx.c **** /**
 200:src/Flightlib/vl53l8cx_driver/Core/Src/vl53l8cx/vl53l8cx.c ****   * @brief Read the vl53l8cx device ID.
 201:src/Flightlib/vl53l8cx_driver/Core/Src/vl53l8cx/vl53l8cx.c ****   * @param pObj    vl53l8cx context object.
 202:src/Flightlib/vl53l8cx_driver/Core/Src/vl53l8cx/vl53l8cx.c ****   * @param pId    Pointer to the device ID.
 203:src/Flightlib/vl53l8cx_driver/Core/Src/vl53l8cx/vl53l8cx.c ****   * @retval VL53L8CX status
 204:src/Flightlib/vl53l8cx_driver/Core/Src/vl53l8cx/vl53l8cx.c ****   */
 205:src/Flightlib/vl53l8cx_driver/Core/Src/vl53l8cx/vl53l8cx.c **** int32_t VL53L8CX_ReadID(VL53L8CX_Object_t *pObj, uint32_t *pId)
 206:src/Flightlib/vl53l8cx_driver/Core/Src/vl53l8cx/vl53l8cx.c **** {
 867              		.loc 1 206 1
 868              		.cfi_startproc
 869 0000 F30F1EFA 		endbr64
 870 0004 55       		pushq	%rbp
 871              	.LCFI9:
 872              		.cfi_def_cfa_offset 16
 873              		.cfi_offset 6, -16
 874 0005 4889E5   		movq	%rsp, %rbp
 875              	.LCFI10:
 876              		.cfi_def_cfa_register 6
 877 0008 4883EC20 		subq	$32, %rsp
 878 000c 48897DE8 		movq	%rdi, -24(%rbp)
 879 0010 488975E0 		movq	%rsi, -32(%rbp)
 880              		.loc 1 206 1
 881 0014 64488B04 		movq	%fs:40, %rax
 881      25280000 
 881      00
 882 001d 488945F8 		movq	%rax, -8(%rbp)
 883 0021 31C0     		xorl	%eax, %eax
 207:src/Flightlib/vl53l8cx_driver/Core/Src/vl53l8cx/vl53l8cx.c ****   int32_t ret;
 208:src/Flightlib/vl53l8cx_driver/Core/Src/vl53l8cx/vl53l8cx.c ****   uint8_t device_id = 0;
 884              		.loc 1 208 11
 885 0023 C645F100 		movb	$0, -15(%rbp)
 209:src/Flightlib/vl53l8cx_driver/Core/Src/vl53l8cx/vl53l8cx.c ****   uint8_t revision_id = 0;
 886              		.loc 1 209 11
 887 0027 C645F200 		movb	$0, -14(%rbp)
 210:src/Flightlib/vl53l8cx_driver/Core/Src/vl53l8cx/vl53l8cx.c ****   uint8_t status = VL53L8CX_STATUS_OK;
 888              		.loc 1 210 11
 889 002b C645F300 		movb	$0, -13(%rbp)
 211:src/Flightlib/vl53l8cx_driver/Core/Src/vl53l8cx/vl53l8cx.c **** 
 212:src/Flightlib/vl53l8cx_driver/Core/Src/vl53l8cx/vl53l8cx.c ****   if ((pObj == NULL) || (pId == NULL))
 890              		.loc 1 212 6
 891 002f 48837DE8 		cmpq	$0, -24(%rbp)
 891      00
 892 0034 7407     		je	.L20
 893              		.loc 1 212 22 discriminator 1
 894 0036 48837DE0 		cmpq	$0, -32(%rbp)
 894      00
 895 003b 750C     		jne	.L21
 896              	.L20:
 213:src/Flightlib/vl53l8cx_driver/Core/Src/vl53l8cx/vl53l8cx.c ****   {
 214:src/Flightlib/vl53l8cx_driver/Core/Src/vl53l8cx/vl53l8cx.c ****     ret = VL53L8CX_INVALID_PARAM;
 897              		.loc 1 214 9
 898 003d C745F4FE 		movl	$-2, -12(%rbp)
 898      FFFFFF
 899 0044 E9D30000 		jmp	.L22
 899      00
 900              	.L21:
 215:src/Flightlib/vl53l8cx_driver/Core/Src/vl53l8cx/vl53l8cx.c ****   }
 216:src/Flightlib/vl53l8cx_driver/Core/Src/vl53l8cx/vl53l8cx.c ****   else
 217:src/Flightlib/vl53l8cx_driver/Core/Src/vl53l8cx/vl53l8cx.c ****   {
 218:src/Flightlib/vl53l8cx_driver/Core/Src/vl53l8cx/vl53l8cx.c ****     status |= VL53L8CX_WrByte(&pObj->Dev.platform, 0x7fff, 0x00);
 901              		.loc 1 218 15
 902 0049 488B45E8 		movq	-24(%rbp), %rax
 903 004d 4883C030 		addq	$48, %rax
 904 0051 BA000000 		movl	$0, %edx
 904      00
 905 0056 BEFF7F00 		movl	$32767, %esi
 905      00
 906 005b 4889C7   		movq	%rax, %rdi
 907 005e E8000000 		call	VL53L8CX_WrByte@PLT
 907      00
 908              		.loc 1 218 12 discriminator 1
 909 0063 89C2     		movl	%eax, %edx
 910 0065 0FB645F3 		movzbl	-13(%rbp), %eax
 911 0069 09D0     		orl	%edx, %eax
 912 006b 8845F3   		movb	%al, -13(%rbp)
 219:src/Flightlib/vl53l8cx_driver/Core/Src/vl53l8cx/vl53l8cx.c ****     status |= VL53L8CX_RdByte(&pObj->Dev.platform, 0, &device_id);
 913              		.loc 1 219 15
 914 006e 488B45E8 		movq	-24(%rbp), %rax
 915 0072 488D4830 		leaq	48(%rax), %rcx
 916 0076 488D45F1 		leaq	-15(%rbp), %rax
 917 007a 4889C2   		movq	%rax, %rdx
 918 007d BE000000 		movl	$0, %esi
 918      00
 919 0082 4889CF   		movq	%rcx, %rdi
 920 0085 E8000000 		call	VL53L8CX_RdByte@PLT
 920      00
 921              		.loc 1 219 12 discriminator 1
 922 008a 89C2     		movl	%eax, %edx
 923 008c 0FB645F3 		movzbl	-13(%rbp), %eax
 924 0090 09D0     		orl	%edx, %eax
 925 0092 8845F3   		movb	%al, -13(%rbp)
 220:src/Flightlib/vl53l8cx_driver/Core/Src/vl53l8cx/vl53l8cx.c ****     status |= VL53L8CX_RdByte(&pObj->Dev.platform, 1, &revision_id);
 926              		.loc 1 220 15
 927 0095 488B45E8 		movq	-24(%rbp), %rax
 928 0099 488D4830 		leaq	48(%rax), %rcx
 929 009d 488D45F2 		leaq	-14(%rbp), %rax
 930 00a1 4889C2   		movq	%rax, %rdx
 931 00a4 BE010000 		movl	$1, %esi
 931      00
 932 00a9 4889CF   		movq	%rcx, %rdi
 933 00ac E8000000 		call	VL53L8CX_RdByte@PLT
 933      00
 934              		.loc 1 220 12 discriminator 1
 935 00b1 89C2     		movl	%eax, %edx
 936 00b3 0FB645F3 		movzbl	-13(%rbp), %eax
 937 00b7 09D0     		orl	%edx, %eax
 938 00b9 8845F3   		movb	%al, -13(%rbp)
 221:src/Flightlib/vl53l8cx_driver/Core/Src/vl53l8cx/vl53l8cx.c ****     status |= VL53L8CX_WrByte(&pObj->Dev.platform, 0x7fff, 0x02);
 939              		.loc 1 221 15
 940 00bc 488B45E8 		movq	-24(%rbp), %rax
 941 00c0 4883C030 		addq	$48, %rax
 942 00c4 BA020000 		movl	$2, %edx
 942      00
 943 00c9 BEFF7F00 		movl	$32767, %esi
 943      00
 944 00ce 4889C7   		movq	%rax, %rdi
 945 00d1 E8000000 		call	VL53L8CX_WrByte@PLT
 945      00
 946              		.loc 1 221 12 discriminator 1
 947 00d6 89C2     		movl	%eax, %edx
 948 00d8 0FB645F3 		movzbl	-13(%rbp), %eax
 949 00dc 09D0     		orl	%edx, %eax
 950 00de 8845F3   		movb	%al, -13(%rbp)
 222:src/Flightlib/vl53l8cx_driver/Core/Src/vl53l8cx/vl53l8cx.c **** 
 223:src/Flightlib/vl53l8cx_driver/Core/Src/vl53l8cx/vl53l8cx.c ****     if (status == 0U)
 951              		.loc 1 223 8
 952 00e1 807DF300 		cmpb	$0, -13(%rbp)
 953 00e5 7524     		jne	.L23
 224:src/Flightlib/vl53l8cx_driver/Core/Src/vl53l8cx/vl53l8cx.c ****     {
 225:src/Flightlib/vl53l8cx_driver/Core/Src/vl53l8cx/vl53l8cx.c ****       *pId = ((uint32_t)device_id << 8) + revision_id;
 954              		.loc 1 225 15
 955 00e7 0FB645F1 		movzbl	-15(%rbp), %eax
 956 00eb 0FB6C0   		movzbl	%al, %eax
 957              		.loc 1 225 35
 958 00ee C1E008   		sall	$8, %eax
 959 00f1 89C2     		movl	%eax, %edx
 960              		.loc 1 225 41
 961 00f3 0FB645F2 		movzbl	-14(%rbp), %eax
 962 00f7 0FB6C0   		movzbl	%al, %eax
 963 00fa 01C2     		addl	%eax, %edx
 964              		.loc 1 225 12
 965 00fc 488B45E0 		movq	-32(%rbp), %rax
 966 0100 8910     		movl	%edx, (%rax)
 226:src/Flightlib/vl53l8cx_driver/Core/Src/vl53l8cx/vl53l8cx.c ****       ret = VL53L8CX_OK;
 967              		.loc 1 226 11
 968 0102 C745F400 		movl	$0, -12(%rbp)
 968      000000
 969 0109 EB11     		jmp	.L22
 970              	.L23:
 227:src/Flightlib/vl53l8cx_driver/Core/Src/vl53l8cx/vl53l8cx.c ****     }
 228:src/Flightlib/vl53l8cx_driver/Core/Src/vl53l8cx/vl53l8cx.c ****     else
 229:src/Flightlib/vl53l8cx_driver/Core/Src/vl53l8cx/vl53l8cx.c ****     {
 230:src/Flightlib/vl53l8cx_driver/Core/Src/vl53l8cx/vl53l8cx.c ****       *pId = 0;
 971              		.loc 1 230 12
 972 010b 488B45E0 		movq	-32(%rbp), %rax
 973 010f C7000000 		movl	$0, (%rax)
 973      0000
 231:src/Flightlib/vl53l8cx_driver/Core/Src/vl53l8cx/vl53l8cx.c ****       ret = VL53L8CX_ERROR;
 974              		.loc 1 231 11
 975 0115 C745F4FF 		movl	$-1, -12(%rbp)
 975      FFFFFF
 976              	.L22:
 232:src/Flightlib/vl53l8cx_driver/Core/Src/vl53l8cx/vl53l8cx.c ****     }
 233:src/Flightlib/vl53l8cx_driver/Core/Src/vl53l8cx/vl53l8cx.c ****   }
 234:src/Flightlib/vl53l8cx_driver/Core/Src/vl53l8cx/vl53l8cx.c **** 
 235:src/Flightlib/vl53l8cx_driver/Core/Src/vl53l8cx/vl53l8cx.c ****   return ret;
 977              		.loc 1 235 10
 978 011c 8B45F4   		movl	-12(%rbp), %eax
 236:src/Flightlib/vl53l8cx_driver/Core/Src/vl53l8cx/vl53l8cx.c **** }
 979              		.loc 1 236 1
 980 011f 488B55F8 		movq	-8(%rbp), %rdx
 981 0123 64482B14 		subq	%fs:40, %rdx
 981      25280000 
 981      00
 982 012c 7405     		je	.L25
 983 012e E8000000 		call	__stack_chk_fail@PLT
 983      00
 984              	.L25:
 985 0133 C9       		leave
 986              	.LCFI11:
 987              		.cfi_def_cfa 7, 8
 988 0134 C3       		ret
 989              		.cfi_endproc
 990              	.LFE3:
 992              		.section	.text.VL53L8CX_GetCapabilities,"ax",@progbits
 993              		.globl	VL53L8CX_GetCapabilities
 995              	VL53L8CX_GetCapabilities:
 996              	.LFB4:
 237:src/Flightlib/vl53l8cx_driver/Core/Src/vl53l8cx/vl53l8cx.c **** 
 238:src/Flightlib/vl53l8cx_driver/Core/Src/vl53l8cx/vl53l8cx.c **** /**
 239:src/Flightlib/vl53l8cx_driver/Core/Src/vl53l8cx/vl53l8cx.c ****   * @brief Get the vl53l8cx capabilities.
 240:src/Flightlib/vl53l8cx_driver/Core/Src/vl53l8cx/vl53l8cx.c ****   * @param pObj    vl53l8cx context object.
 241:src/Flightlib/vl53l8cx_driver/Core/Src/vl53l8cx/vl53l8cx.c ****   * @param pCap    Pointer to the vl53l8cx capabilities.
 242:src/Flightlib/vl53l8cx_driver/Core/Src/vl53l8cx/vl53l8cx.c ****   * @retval VL53L8CX status
 243:src/Flightlib/vl53l8cx_driver/Core/Src/vl53l8cx/vl53l8cx.c ****   */
 244:src/Flightlib/vl53l8cx_driver/Core/Src/vl53l8cx/vl53l8cx.c **** int32_t VL53L8CX_GetCapabilities(VL53L8CX_Object_t *pObj, VL53L8CX_Capabilities_t *pCap)
 245:src/Flightlib/vl53l8cx_driver/Core/Src/vl53l8cx/vl53l8cx.c **** {
 997              		.loc 1 245 1
 998              		.cfi_startproc
 999 0000 F30F1EFA 		endbr64
 1000 0004 55       		pushq	%rbp
 1001              	.LCFI12:
 1002              		.cfi_def_cfa_offset 16
 1003              		.cfi_offset 6, -16
 1004 0005 4889E5   		movq	%rsp, %rbp
 1005              	.LCFI13:
 1006              		.cfi_def_cfa_register 6
 1007 0008 48897DE8 		movq	%rdi, -24(%rbp)
 1008 000c 488975E0 		movq	%rsi, -32(%rbp)
 246:src/Flightlib/vl53l8cx_driver/Core/Src/vl53l8cx/vl53l8cx.c ****   int32_t ret;
 247:src/Flightlib/vl53l8cx_driver/Core/Src/vl53l8cx/vl53l8cx.c **** 
 248:src/Flightlib/vl53l8cx_driver/Core/Src/vl53l8cx/vl53l8cx.c ****   if ((pObj == NULL) || (pCap == NULL))
 1009              		.loc 1 248 6
 1010 0010 48837DE8 		cmpq	$0, -24(%rbp)
 1010      00
 1011 0015 7407     		je	.L27
 1012              		.loc 1 248 22 discriminator 1
 1013 0017 48837DE0 		cmpq	$0, -32(%rbp)
 1013      00
 1014 001c 7509     		jne	.L28
 1015              	.L27:
 249:src/Flightlib/vl53l8cx_driver/Core/Src/vl53l8cx/vl53l8cx.c ****   {
 250:src/Flightlib/vl53l8cx_driver/Core/Src/vl53l8cx/vl53l8cx.c ****     ret = VL53L8CX_INVALID_PARAM;
 1016              		.loc 1 250 9
 1017 001e C745FCFE 		movl	$-2, -4(%rbp)
 1017      FFFFFF
 1018 0025 EB32     		jmp	.L29
 1019              	.L28:
 251:src/Flightlib/vl53l8cx_driver/Core/Src/vl53l8cx/vl53l8cx.c ****   }
 252:src/Flightlib/vl53l8cx_driver/Core/Src/vl53l8cx/vl53l8cx.c ****   else
 253:src/Flightlib/vl53l8cx_driver/Core/Src/vl53l8cx/vl53l8cx.c ****   {
 254:src/Flightlib/vl53l8cx_driver/Core/Src/vl53l8cx/vl53l8cx.c ****     pCap->NumberOfZones = VL53L8CX_RESOLUTION_8X8;
 1020              		.loc 1 254 25
 1021 0027 488B45E0 		movq	-32(%rbp), %rax
 1022 002b C7004000 		movl	$64, (%rax)
 1022      0000
 255:src/Flightlib/vl53l8cx_driver/Core/Src/vl53l8cx/vl53l8cx.c ****     pCap->MaxNumberOfTargetsPerZone = VL53L8CX_TARGET_PER_ZONE;
 1023              		.loc 1 255 37
 1024 0031 488B45E0 		movq	-32(%rbp), %rax
 1025 0035 C7400401 		movl	$1, 4(%rax)
 1025      000000
 256:src/Flightlib/vl53l8cx_driver/Core/Src/vl53l8cx/vl53l8cx.c ****     pCap->CustomROI = 0;
 1026              		.loc 1 256 21
 1027 003c 488B45E0 		movq	-32(%rbp), %rax
 1028 0040 C7400800 		movl	$0, 8(%rax)
 1028      000000
 257:src/Flightlib/vl53l8cx_driver/Core/Src/vl53l8cx/vl53l8cx.c ****     pCap->ThresholdDetection = 1;
 1029              		.loc 1 257 30
 1030 0047 488B45E0 		movq	-32(%rbp), %rax
 1031 004b C7400C01 		movl	$1, 12(%rax)
 1031      000000
 258:src/Flightlib/vl53l8cx_driver/Core/Src/vl53l8cx/vl53l8cx.c **** 
 259:src/Flightlib/vl53l8cx_driver/Core/Src/vl53l8cx/vl53l8cx.c ****     ret = VL53L8CX_OK;
 1032              		.loc 1 259 9
 1033 0052 C745FC00 		movl	$0, -4(%rbp)
 1033      000000
 1034              	.L29:
 260:src/Flightlib/vl53l8cx_driver/Core/Src/vl53l8cx/vl53l8cx.c ****   }
 261:src/Flightlib/vl53l8cx_driver/Core/Src/vl53l8cx/vl53l8cx.c **** 
 262:src/Flightlib/vl53l8cx_driver/Core/Src/vl53l8cx/vl53l8cx.c ****   return ret;
 1035              		.loc 1 262 10
 1036 0059 8B45FC   		movl	-4(%rbp), %eax
 263:src/Flightlib/vl53l8cx_driver/Core/Src/vl53l8cx/vl53l8cx.c **** }
 1037              		.loc 1 263 1
 1038 005c 5D       		popq	%rbp
 1039              	.LCFI14:
 1040              		.cfi_def_cfa 7, 8
 1041 005d C3       		ret
 1042              		.cfi_endproc
 1043              	.LFE4:
 1045              		.section	.text.VL53L8CX_ConfigProfile,"ax",@progbits
 1046              		.globl	VL53L8CX_ConfigProfile
 1048              	VL53L8CX_ConfigProfile:
 1049              	.LFB5:
 264:src/Flightlib/vl53l8cx_driver/Core/Src/vl53l8cx/vl53l8cx.c **** 
 265:src/Flightlib/vl53l8cx_driver/Core/Src/vl53l8cx/vl53l8cx.c **** /**
 266:src/Flightlib/vl53l8cx_driver/Core/Src/vl53l8cx/vl53l8cx.c ****   * @brief Set the ranging configuration profile.
 267:src/Flightlib/vl53l8cx_driver/Core/Src/vl53l8cx/vl53l8cx.c ****   * @param pObj    vl53l8cx context object.
 268:src/Flightlib/vl53l8cx_driver/Core/Src/vl53l8cx/vl53l8cx.c ****   * @param pConfig    Pointer to the new configuration profile to be applied.
 269:src/Flightlib/vl53l8cx_driver/Core/Src/vl53l8cx/vl53l8cx.c ****   * @retval VL53L8CX status
 270:src/Flightlib/vl53l8cx_driver/Core/Src/vl53l8cx/vl53l8cx.c ****   */
 271:src/Flightlib/vl53l8cx_driver/Core/Src/vl53l8cx/vl53l8cx.c **** int32_t VL53L8CX_ConfigProfile(VL53L8CX_Object_t *pObj, VL53L8CX_ProfileConfig_t *pConfig)
 272:src/Flightlib/vl53l8cx_driver/Core/Src/vl53l8cx/vl53l8cx.c **** {
 1050              		.loc 1 272 1
 1051              		.cfi_startproc
 1052 0000 F30F1EFA 		endbr64
 1053 0004 55       		pushq	%rbp
 1054              	.LCFI15:
 1055              		.cfi_def_cfa_offset 16
 1056              		.cfi_offset 6, -16
 1057 0005 4889E5   		movq	%rsp, %rbp
 1058              	.LCFI16:
 1059              		.cfi_def_cfa_register 6
 1060 0008 4883EC20 		subq	$32, %rsp
 1061 000c 48897DE8 		movq	%rdi, -24(%rbp)
 1062 0010 488975E0 		movq	%rsi, -32(%rbp)
 273:src/Flightlib/vl53l8cx_driver/Core/Src/vl53l8cx/vl53l8cx.c ****   int32_t ret = VL53L8CX_OK;
 1063              		.loc 1 273 11
 1064 0014 C745F800 		movl	$0, -8(%rbp)
 1064      000000
 274:src/Flightlib/vl53l8cx_driver/Core/Src/vl53l8cx/vl53l8cx.c **** 
 275:src/Flightlib/vl53l8cx_driver/Core/Src/vl53l8cx/vl53l8cx.c ****   uint8_t profile;
 276:src/Flightlib/vl53l8cx_driver/Core/Src/vl53l8cx/vl53l8cx.c ****   uint8_t resolution;
 277:src/Flightlib/vl53l8cx_driver/Core/Src/vl53l8cx/vl53l8cx.c ****   uint8_t ranging_mode;
 278:src/Flightlib/vl53l8cx_driver/Core/Src/vl53l8cx/vl53l8cx.c ****   uint8_t ranging_frequency;
 279:src/Flightlib/vl53l8cx_driver/Core/Src/vl53l8cx/vl53l8cx.c ****   uint32_t integration_time;
 280:src/Flightlib/vl53l8cx_driver/Core/Src/vl53l8cx/vl53l8cx.c **** 
 281:src/Flightlib/vl53l8cx_driver/Core/Src/vl53l8cx/vl53l8cx.c ****   if ((pObj != NULL) && (pConfig != NULL))
 1065              		.loc 1 281 6
 1066 001b 48837DE8 		cmpq	$0, -24(%rbp)
 1066      00
 1067 0020 7449     		je	.L32
 1068              		.loc 1 281 22 discriminator 1
 1069 0022 48837DE0 		cmpq	$0, -32(%rbp)
 1069      00
 1070 0027 7442     		je	.L32
 282:src/Flightlib/vl53l8cx_driver/Core/Src/vl53l8cx/vl53l8cx.c ****   {
 283:src/Flightlib/vl53l8cx_driver/Core/Src/vl53l8cx/vl53l8cx.c ****     profile = pConfig->RangingProfile;
 1071              		.loc 1 283 13
 1072 0029 488B45E0 		movq	-32(%rbp), %rax
 1073 002d 0FB600   		movzbl	(%rax), %eax
 1074 0030 8845F6   		movb	%al, -10(%rbp)
 284:src/Flightlib/vl53l8cx_driver/Core/Src/vl53l8cx/vl53l8cx.c ****     integration_time = pConfig->TimingBudget;
 1075              		.loc 1 284 22
 1076 0033 488B45E0 		movq	-32(%rbp), %rax
 1077 0037 8B4004   		movl	4(%rax), %eax
 1078 003a 8945FC   		movl	%eax, -4(%rbp)
 285:src/Flightlib/vl53l8cx_driver/Core/Src/vl53l8cx/vl53l8cx.c ****     ranging_frequency = (uint8_t)pConfig->Frequency;
 1079              		.loc 1 285 41
 1080 003d 488B45E0 		movq	-32(%rbp), %rax
 1081 0041 8B4008   		movl	8(%rax), %eax
 1082              		.loc 1 285 23
 1083 0044 8845F7   		movb	%al, -9(%rbp)
 286:src/Flightlib/vl53l8cx_driver/Core/Src/vl53l8cx/vl53l8cx.c ****   }
 287:src/Flightlib/vl53l8cx_driver/Core/Src/vl53l8cx/vl53l8cx.c ****   else
 288:src/Flightlib/vl53l8cx_driver/Core/Src/vl53l8cx/vl53l8cx.c ****   {
 289:src/Flightlib/vl53l8cx_driver/Core/Src/vl53l8cx/vl53l8cx.c ****     return VL53L8CX_INVALID_PARAM;
 290:src/Flightlib/vl53l8cx_driver/Core/Src/vl53l8cx/vl53l8cx.c ****   }
 291:src/Flightlib/vl53l8cx_driver/Core/Src/vl53l8cx/vl53l8cx.c **** 
 292:src/Flightlib/vl53l8cx_driver/Core/Src/vl53l8cx/vl53l8cx.c ****   switch (profile)
 1084              		.loc 1 292 3
 1085 0047 0FB645F6 		movzbl	-10(%rbp), %eax
 1086 004b 83F804   		cmpl	$4, %eax
 1087 004e 7443     		je	.L33
 1088 0050 83F804   		cmpl	$4, %eax
 1089 0053 7F48     		jg	.L34
 1090 0055 83F803   		cmpl	$3, %eax
 1091 0058 742F     		je	.L35
 1092 005a 83F803   		cmpl	$3, %eax
 1093 005d 7F3E     		jg	.L34
 1094 005f 83F801   		cmpl	$1, %eax
 1095 0062 7411     		je	.L36
 1096 0064 83F802   		cmpl	$2, %eax
 1097 0067 7416     		je	.L37
 1098 0069 EB32     		jmp	.L34
 1099              	.L32:
 289:src/Flightlib/vl53l8cx_driver/Core/Src/vl53l8cx/vl53l8cx.c ****   }
 1100              		.loc 1 289 12
 1101 006b B8FEFFFF 		movl	$-2, %eax
 1101      FF
 1102 0070 E90E0100 		jmp	.L38
 1102      00
 1103              	.L36:
 293:src/Flightlib/vl53l8cx_driver/Core/Src/vl53l8cx/vl53l8cx.c ****   {
 294:src/Flightlib/vl53l8cx_driver/Core/Src/vl53l8cx/vl53l8cx.c ****   case VL53L8CX_PROFILE_4x4_CONTINUOUS:
 295:src/Flightlib/vl53l8cx_driver/Core/Src/vl53l8cx/vl53l8cx.c ****     resolution = VL53L8CX_RESOLUTION_4X4;
 1104              		.loc 1 295 16
 1105 0075 C645F410 		movb	$16, -12(%rbp)
 296:src/Flightlib/vl53l8cx_driver/Core/Src/vl53l8cx/vl53l8cx.c ****     ranging_mode = VL53L8CX_RANGING_MODE_CONTINUOUS;
 1106              		.loc 1 296 18
 1107 0079 C645F501 		movb	$1, -11(%rbp)
 297:src/Flightlib/vl53l8cx_driver/Core/Src/vl53l8cx/vl53l8cx.c ****     break;
 1108              		.loc 1 297 5
 1109 007d EB2E     		jmp	.L39
 1110              	.L37:
 298:src/Flightlib/vl53l8cx_driver/Core/Src/vl53l8cx/vl53l8cx.c ****   case VL53L8CX_PROFILE_4x4_AUTONOMOUS:
 299:src/Flightlib/vl53l8cx_driver/Core/Src/vl53l8cx/vl53l8cx.c ****     resolution = VL53L8CX_RESOLUTION_4X4;
 1111              		.loc 1 299 16
 1112 007f C645F410 		movb	$16, -12(%rbp)
 300:src/Flightlib/vl53l8cx_driver/Core/Src/vl53l8cx/vl53l8cx.c ****     ranging_mode = VL53L8CX_RANGING_MODE_AUTONOMOUS;
 1113              		.loc 1 300 18
 1114 0083 C645F503 		movb	$3, -11(%rbp)
 301:src/Flightlib/vl53l8cx_driver/Core/Src/vl53l8cx/vl53l8cx.c ****     break;
 1115              		.loc 1 301 5
 1116 0087 EB24     		jmp	.L39
 1117              	.L35:
 302:src/Flightlib/vl53l8cx_driver/Core/Src/vl53l8cx/vl53l8cx.c ****   case VL53L8CX_PROFILE_8x8_CONTINUOUS:
 303:src/Flightlib/vl53l8cx_driver/Core/Src/vl53l8cx/vl53l8cx.c ****     resolution = VL53L8CX_RESOLUTION_8X8;
 1118              		.loc 1 303 16
 1119 0089 C645F440 		movb	$64, -12(%rbp)
 304:src/Flightlib/vl53l8cx_driver/Core/Src/vl53l8cx/vl53l8cx.c ****     ranging_mode = VL53L8CX_RANGING_MODE_CONTINUOUS;
 1120              		.loc 1 304 18
 1121 008d C645F501 		movb	$1, -11(%rbp)
 305:src/Flightlib/vl53l8cx_driver/Core/Src/vl53l8cx/vl53l8cx.c ****     break;
 1122              		.loc 1 305 5
 1123 0091 EB1A     		jmp	.L39
 1124              	.L33:
 306:src/Flightlib/vl53l8cx_driver/Core/Src/vl53l8cx/vl53l8cx.c ****   case VL53L8CX_PROFILE_8x8_AUTONOMOUS:
 307:src/Flightlib/vl53l8cx_driver/Core/Src/vl53l8cx/vl53l8cx.c ****     resolution = VL53L8CX_RESOLUTION_8X8;
 1125              		.loc 1 307 16
 1126 0093 C645F440 		movb	$64, -12(%rbp)
 308:src/Flightlib/vl53l8cx_driver/Core/Src/vl53l8cx/vl53l8cx.c ****     ranging_mode = VL53L8CX_RANGING_MODE_AUTONOMOUS;
 1127              		.loc 1 308 18
 1128 0097 C645F503 		movb	$3, -11(%rbp)
 309:src/Flightlib/vl53l8cx_driver/Core/Src/vl53l8cx/vl53l8cx.c ****     break;
 1129              		.loc 1 309 5
 1130 009b EB10     		jmp	.L39
 1131              	.L34:
 310:src/Flightlib/vl53l8cx_driver/Core/Src/vl53l8cx/vl53l8cx.c ****   default:
 311:src/Flightlib/vl53l8cx_driver/Core/Src/vl53l8cx/vl53l8cx.c ****     resolution = 0; /* silence MISRA rule 1.3 warning */
 1132              		.loc 1 311 16
 1133 009d C645F400 		movb	$0, -12(%rbp)
 312:src/Flightlib/vl53l8cx_driver/Core/Src/vl53l8cx/vl53l8cx.c ****     ranging_mode = 0; /* silence MISRA rule 1.3 warning */
 1134              		.loc 1 312 18
 1135 00a1 C645F500 		movb	$0, -11(%rbp)
 313:src/Flightlib/vl53l8cx_driver/Core/Src/vl53l8cx/vl53l8cx.c ****     ret = VL53L8CX_INVALID_PARAM;
 1136              		.loc 1 313 9
 1137 00a5 C745F8FE 		movl	$-2, -8(%rbp)
 1137      FFFFFF
 314:src/Flightlib/vl53l8cx_driver/Core/Src/vl53l8cx/vl53l8cx.c ****     break;
 1138              		.loc 1 314 5
 1139 00ac 90       		nop
 1140              	.L39:
 315:src/Flightlib/vl53l8cx_driver/Core/Src/vl53l8cx/vl53l8cx.c ****   }
 316:src/Flightlib/vl53l8cx_driver/Core/Src/vl53l8cx/vl53l8cx.c **** 
 317:src/Flightlib/vl53l8cx_driver/Core/Src/vl53l8cx/vl53l8cx.c ****   if (ret != VL53L8CX_OK)
 1141              		.loc 1 317 6
 1142 00ad 837DF800 		cmpl	$0, -8(%rbp)
 1143 00b1 7408     		je	.L40
 318:src/Flightlib/vl53l8cx_driver/Core/Src/vl53l8cx/vl53l8cx.c ****   {
 319:src/Flightlib/vl53l8cx_driver/Core/Src/vl53l8cx/vl53l8cx.c ****     return ret;
 1144              		.loc 1 319 12
 1145 00b3 8B45F8   		movl	-8(%rbp), %eax
 1146 00b6 E9C80000 		jmp	.L38
 1146      00
 1147              	.L40:
 320:src/Flightlib/vl53l8cx_driver/Core/Src/vl53l8cx/vl53l8cx.c ****   }
 321:src/Flightlib/vl53l8cx_driver/Core/Src/vl53l8cx/vl53l8cx.c ****   else if (vl53l8cx_set_resolution(&pObj->Dev, resolution) != VL53L8CX_STATUS_OK)
 1148              		.loc 1 321 12
 1149 00bb 0FB645F4 		movzbl	-12(%rbp), %eax
 1150 00bf 488B55E8 		movq	-24(%rbp), %rdx
 1151 00c3 4883C230 		addq	$48, %rdx
 1152 00c7 89C6     		movl	%eax, %esi
 1153 00c9 4889D7   		movq	%rdx, %rdi
 1154 00cc E8000000 		call	vl53l8cx_set_resolution@PLT
 1154      00
 1155              		.loc 1 321 11 discriminator 1
 1156 00d1 84C0     		testb	%al, %al
 1157 00d3 740C     		je	.L41
 322:src/Flightlib/vl53l8cx_driver/Core/Src/vl53l8cx/vl53l8cx.c ****   {
 323:src/Flightlib/vl53l8cx_driver/Core/Src/vl53l8cx/vl53l8cx.c ****     ret = VL53L8CX_ERROR;
 1158              		.loc 1 323 9
 1159 00d5 C745F8FF 		movl	$-1, -8(%rbp)
 1159      FFFFFF
 1160 00dc E99F0000 		jmp	.L42
 1160      00
 1161              	.L41:
 324:src/Flightlib/vl53l8cx_driver/Core/Src/vl53l8cx/vl53l8cx.c ****   }
 325:src/Flightlib/vl53l8cx_driver/Core/Src/vl53l8cx/vl53l8cx.c ****   else if (vl53l8cx_set_ranging_mode(&pObj->Dev, ranging_mode) != VL53L8CX_STATUS_OK)
 1162              		.loc 1 325 12
 1163 00e1 0FB645F5 		movzbl	-11(%rbp), %eax
 1164 00e5 488B55E8 		movq	-24(%rbp), %rdx
 1165 00e9 4883C230 		addq	$48, %rdx
 1166 00ed 89C6     		movl	%eax, %esi
 1167 00ef 4889D7   		movq	%rdx, %rdi
 1168 00f2 E8000000 		call	vl53l8cx_set_ranging_mode@PLT
 1168      00
 1169              		.loc 1 325 11 discriminator 1
 1170 00f7 84C0     		testb	%al, %al
 1171 00f9 7409     		je	.L43
 326:src/Flightlib/vl53l8cx_driver/Core/Src/vl53l8cx/vl53l8cx.c ****   {
 327:src/Flightlib/vl53l8cx_driver/Core/Src/vl53l8cx/vl53l8cx.c ****     ret = VL53L8CX_ERROR;
 1172              		.loc 1 327 9
 1173 00fb C745F8FF 		movl	$-1, -8(%rbp)
 1173      FFFFFF
 1174 0102 EB7C     		jmp	.L42
 1175              	.L43:
 328:src/Flightlib/vl53l8cx_driver/Core/Src/vl53l8cx/vl53l8cx.c ****   }
 329:src/Flightlib/vl53l8cx_driver/Core/Src/vl53l8cx/vl53l8cx.c ****   else if (vl53l8cx_set_integration_time_ms(&pObj->Dev, integration_time) != VL53L8CX_STATUS_OK)
 1176              		.loc 1 329 12
 1177 0104 488B45E8 		movq	-24(%rbp), %rax
 1178 0108 488D5030 		leaq	48(%rax), %rdx
 1179 010c 8B45FC   		movl	-4(%rbp), %eax
 1180 010f 89C6     		movl	%eax, %esi
 1181 0111 4889D7   		movq	%rdx, %rdi
 1182 0114 E8000000 		call	vl53l8cx_set_integration_time_ms@PLT
 1182      00
 1183              		.loc 1 329 11 discriminator 1
 1184 0119 84C0     		testb	%al, %al
 1185 011b 7409     		je	.L44
 330:src/Flightlib/vl53l8cx_driver/Core/Src/vl53l8cx/vl53l8cx.c ****   {
 331:src/Flightlib/vl53l8cx_driver/Core/Src/vl53l8cx/vl53l8cx.c ****     ret = VL53L8CX_ERROR;
 1186              		.loc 1 331 9
 1187 011d C745F8FF 		movl	$-1, -8(%rbp)
 1187      FFFFFF
 1188 0124 EB5A     		jmp	.L42
 1189              	.L44:
 332:src/Flightlib/vl53l8cx_driver/Core/Src/vl53l8cx/vl53l8cx.c ****   }
 333:src/Flightlib/vl53l8cx_driver/Core/Src/vl53l8cx/vl53l8cx.c ****   else if (vl53l8cx_set_ranging_frequency_hz(&pObj->Dev, ranging_frequency) != VL53L8CX_STATUS_OK)
 1190              		.loc 1 333 12
 1191 0126 0FB645F7 		movzbl	-9(%rbp), %eax
 1192 012a 488B55E8 		movq	-24(%rbp), %rdx
 1193 012e 4883C230 		addq	$48, %rdx
 1194 0132 89C6     		movl	%eax, %esi
 1195 0134 4889D7   		movq	%rdx, %rdi
 1196 0137 E8000000 		call	vl53l8cx_set_ranging_frequency_hz@PLT
 1196      00
 1197              		.loc 1 333 11 discriminator 1
 1198 013c 84C0     		testb	%al, %al
 1199 013e 7409     		je	.L45
 334:src/Flightlib/vl53l8cx_driver/Core/Src/vl53l8cx/vl53l8cx.c ****   {
 335:src/Flightlib/vl53l8cx_driver/Core/Src/vl53l8cx/vl53l8cx.c ****     ret = VL53L8CX_ERROR;
 1200              		.loc 1 335 9
 1201 0140 C745F8FF 		movl	$-1, -8(%rbp)
 1201      FFFFFF
 1202 0147 EB37     		jmp	.L42
 1203              	.L45:
 336:src/Flightlib/vl53l8cx_driver/Core/Src/vl53l8cx/vl53l8cx.c ****   }
 337:src/Flightlib/vl53l8cx_driver/Core/Src/vl53l8cx/vl53l8cx.c ****   else
 338:src/Flightlib/vl53l8cx_driver/Core/Src/vl53l8cx/vl53l8cx.c ****   {
 339:src/Flightlib/vl53l8cx_driver/Core/Src/vl53l8cx/vl53l8cx.c ****     pObj->IsAmbientEnabled = (pConfig->EnableAmbient == 0U) ? 0U : 1U;
 1204              		.loc 1 339 38
 1205 0149 488B45E0 		movq	-32(%rbp), %rax
 1206 014d 8B400C   		movl	12(%rax), %eax
 1207              		.loc 1 339 66
 1208 0150 85C0     		testl	%eax, %eax
 1209 0152 0F95C0   		setne	%al
 1210 0155 89C2     		movl	%eax, %edx
 1211              		.loc 1 339 28
 1212 0157 488B45E8 		movq	-24(%rbp), %rax
 1213 015b 8890FC0A 		movb	%dl, 2812(%rax)
 1213      0000
 340:src/Flightlib/vl53l8cx_driver/Core/Src/vl53l8cx/vl53l8cx.c ****     pObj->IsSignalEnabled = (pConfig->EnableSignal == 0U) ? 0U : 1U;
 1214              		.loc 1 340 37
 1215 0161 488B45E0 		movq	-32(%rbp), %rax
 1216 0165 8B4010   		movl	16(%rax), %eax
 1217              		.loc 1 340 64
 1218 0168 85C0     		testl	%eax, %eax
 1219 016a 0F95C0   		setne	%al
 1220 016d 89C2     		movl	%eax, %edx
 1221              		.loc 1 340 27
 1222 016f 488B45E8 		movq	-24(%rbp), %rax
 1223 0173 8890FD0A 		movb	%dl, 2813(%rax)
 1223      0000
 341:src/Flightlib/vl53l8cx_driver/Core/Src/vl53l8cx/vl53l8cx.c **** 
 342:src/Flightlib/vl53l8cx_driver/Core/Src/vl53l8cx/vl53l8cx.c ****     ret = VL53L8CX_OK;
 1224              		.loc 1 342 9
 1225 0179 C745F800 		movl	$0, -8(%rbp)
 1225      000000
 1226              	.L42:
 343:src/Flightlib/vl53l8cx_driver/Core/Src/vl53l8cx/vl53l8cx.c ****   }
 344:src/Flightlib/vl53l8cx_driver/Core/Src/vl53l8cx/vl53l8cx.c **** 
 345:src/Flightlib/vl53l8cx_driver/Core/Src/vl53l8cx/vl53l8cx.c ****   return ret;
 1227              		.loc 1 345 10
 1228 0180 8B45F8   		movl	-8(%rbp), %eax
 1229              	.L38:
 346:src/Flightlib/vl53l8cx_driver/Core/Src/vl53l8cx/vl53l8cx.c **** }
 1230              		.loc 1 346 1
 1231 0183 C9       		leave
 1232              	.LCFI17:
 1233              		.cfi_def_cfa 7, 8
 1234 0184 C3       		ret
 1235              		.cfi_endproc
 1236              	.LFE5:
 1238              		.section	.text.VL53L8CX_ConfigROI,"ax",@progbits
 1239              		.globl	VL53L8CX_ConfigROI
 1241              	VL53L8CX_ConfigROI:
 1242              	.LFB6:
 347:src/Flightlib/vl53l8cx_driver/Core/Src/vl53l8cx/vl53l8cx.c **** 
 348:src/Flightlib/vl53l8cx_driver/Core/Src/vl53l8cx/vl53l8cx.c **** /**
 349:src/Flightlib/vl53l8cx_driver/Core/Src/vl53l8cx/vl53l8cx.c ****   * @brief Configure the Region of Interest of the vl53l8cx.
 350:src/Flightlib/vl53l8cx_driver/Core/Src/vl53l8cx/vl53l8cx.c ****   * @param pObj    vl53l8cx context object.
 351:src/Flightlib/vl53l8cx_driver/Core/Src/vl53l8cx/vl53l8cx.c ****   * @param pROIConfig    Pointer to the ROI configuration struct.
 352:src/Flightlib/vl53l8cx_driver/Core/Src/vl53l8cx/vl53l8cx.c ****   * @note This device does not support this function.
 353:src/Flightlib/vl53l8cx_driver/Core/Src/vl53l8cx/vl53l8cx.c ****   * @retval VL53L8CX status
 354:src/Flightlib/vl53l8cx_driver/Core/Src/vl53l8cx/vl53l8cx.c ****   */
 355:src/Flightlib/vl53l8cx_driver/Core/Src/vl53l8cx/vl53l8cx.c **** int32_t VL53L8CX_ConfigROI(VL53L8CX_Object_t *pObj, VL53L8CX_ROIConfig_t *pROIConfig)
 356:src/Flightlib/vl53l8cx_driver/Core/Src/vl53l8cx/vl53l8cx.c **** {
 1243              		.loc 1 356 1
 1244              		.cfi_startproc
 1245 0000 F30F1EFA 		endbr64
 1246 0004 55       		pushq	%rbp
 1247              	.LCFI18:
 1248              		.cfi_def_cfa_offset 16
 1249              		.cfi_offset 6, -16
 1250 0005 4889E5   		movq	%rsp, %rbp
 1251              	.LCFI19:
 1252              		.cfi_def_cfa_register 6
 1253 0008 48897DF8 		movq	%rdi, -8(%rbp)
 1254 000c 488975F0 		movq	%rsi, -16(%rbp)
 357:src/Flightlib/vl53l8cx_driver/Core/Src/vl53l8cx/vl53l8cx.c ****   UNUSED(pObj);
 358:src/Flightlib/vl53l8cx_driver/Core/Src/vl53l8cx/vl53l8cx.c ****   UNUSED(pROIConfig);
 359:src/Flightlib/vl53l8cx_driver/Core/Src/vl53l8cx/vl53l8cx.c ****   return VL53L8CX_NOT_IMPLEMENTED;
 1255              		.loc 1 359 10
 1256 0010 B8FCFFFF 		movl	$-4, %eax
 1256      FF
 360:src/Flightlib/vl53l8cx_driver/Core/Src/vl53l8cx/vl53l8cx.c **** }
 1257              		.loc 1 360 1
 1258 0015 5D       		popq	%rbp
 1259              	.LCFI20:
 1260              		.cfi_def_cfa 7, 8
 1261 0016 C3       		ret
 1262              		.cfi_endproc
 1263              	.LFE6:
 1265              		.section	.text.VL53L8CX_ConfigIT,"ax",@progbits
 1266              		.globl	VL53L8CX_ConfigIT
 1268              	VL53L8CX_ConfigIT:
 1269              	.LFB7:
 361:src/Flightlib/vl53l8cx_driver/Core/Src/vl53l8cx/vl53l8cx.c **** 
 362:src/Flightlib/vl53l8cx_driver/Core/Src/vl53l8cx/vl53l8cx.c **** /**
 363:src/Flightlib/vl53l8cx_driver/Core/Src/vl53l8cx/vl53l8cx.c ****   * @brief Configure the IT event generation parameters.
 364:src/Flightlib/vl53l8cx_driver/Core/Src/vl53l8cx/vl53l8cx.c ****   * @param pObj    vl53l8cx context object.
 365:src/Flightlib/vl53l8cx_driver/Core/Src/vl53l8cx/vl53l8cx.c ****   * @param pITConfig    Pointer to the IT configuration struct.
 366:src/Flightlib/vl53l8cx_driver/Core/Src/vl53l8cx/vl53l8cx.c ****   * @retval VL53L8CX status
 367:src/Flightlib/vl53l8cx_driver/Core/Src/vl53l8cx/vl53l8cx.c ****   */
 368:src/Flightlib/vl53l8cx_driver/Core/Src/vl53l8cx/vl53l8cx.c **** int32_t VL53L8CX_ConfigIT(VL53L8CX_Object_t *pObj, VL53L8CX_ITConfig_t *pITConfig)
 369:src/Flightlib/vl53l8cx_driver/Core/Src/vl53l8cx/vl53l8cx.c **** {
 1270              		.loc 1 369 1
 1271              		.cfi_startproc
 1272 0000 F30F1EFA 		endbr64
 1273 0004 55       		pushq	%rbp
 1274              	.LCFI21:
 1275              		.cfi_def_cfa_offset 16
 1276              		.cfi_offset 6, -16
 1277 0005 4889E5   		movq	%rsp, %rbp
 1278              	.LCFI22:
 1279              		.cfi_def_cfa_register 6
 1280 0008 4883EC20 		subq	$32, %rsp
 1281 000c 48897DE8 		movq	%rdi, -24(%rbp)
 1282 0010 488975E0 		movq	%rsi, -32(%rbp)
 1283              		.loc 1 369 1
 1284 0014 64488B04 		movq	%fs:40, %rax
 1284      25280000 
 1284      00
 1285 001d 488945F8 		movq	%rax, -8(%rbp)
 1286 0021 31C0     		xorl	%eax, %eax
 370:src/Flightlib/vl53l8cx_driver/Core/Src/vl53l8cx/vl53l8cx.c ****   int32_t ret;
 371:src/Flightlib/vl53l8cx_driver/Core/Src/vl53l8cx/vl53l8cx.c ****   uint8_t i;
 372:src/Flightlib/vl53l8cx_driver/Core/Src/vl53l8cx/vl53l8cx.c ****   uint8_t res; /* current resolution */
 373:src/Flightlib/vl53l8cx_driver/Core/Src/vl53l8cx/vl53l8cx.c ****   uint8_t status = 0U;
 1287              		.loc 1 373 11
 1288 0023 C645F300 		movb	$0, -13(%rbp)
 374:src/Flightlib/vl53l8cx_driver/Core/Src/vl53l8cx/vl53l8cx.c ****   static VL53L8CX_DetectionThresholds thresholds[VL53L8CX_NB_THRESHOLDS];
 375:src/Flightlib/vl53l8cx_driver/Core/Src/vl53l8cx/vl53l8cx.c **** 
 376:src/Flightlib/vl53l8cx_driver/Core/Src/vl53l8cx/vl53l8cx.c ****   if ((pObj == NULL) || (pITConfig == NULL))
 1289              		.loc 1 376 6
 1290 0027 48837DE8 		cmpq	$0, -24(%rbp)
 1290      00
 1291 002c 7407     		je	.L49
 1292              		.loc 1 376 22 discriminator 1
 1293 002e 48837DE0 		cmpq	$0, -32(%rbp)
 1293      00
 1294 0033 750C     		jne	.L50
 1295              	.L49:
 377:src/Flightlib/vl53l8cx_driver/Core/Src/vl53l8cx/vl53l8cx.c ****   {
 378:src/Flightlib/vl53l8cx_driver/Core/Src/vl53l8cx/vl53l8cx.c ****     ret = VL53L8CX_INVALID_PARAM;
 1296              		.loc 1 378 9
 1297 0035 C745F4FE 		movl	$-2, -12(%rbp)
 1297      FFFFFF
 1298 003c E9EE0100 		jmp	.L51
 1298      00
 1299              	.L50:
 379:src/Flightlib/vl53l8cx_driver/Core/Src/vl53l8cx/vl53l8cx.c ****   }
 380:src/Flightlib/vl53l8cx_driver/Core/Src/vl53l8cx/vl53l8cx.c ****   else if (pITConfig->Criteria == VL53L8CX_IT_DEFAULT)
 1300              		.loc 1 380 21
 1301 0041 488B45E0 		movq	-32(%rbp), %rax
 1302 0045 8B00     		movl	(%rax), %eax
 1303              		.loc 1 380 11
 1304 0047 3DFF0000 		cmpl	$255, %eax
 1304      00
 1305 004c 7532     		jne	.L52
 381:src/Flightlib/vl53l8cx_driver/Core/Src/vl53l8cx/vl53l8cx.c ****   {
 382:src/Flightlib/vl53l8cx_driver/Core/Src/vl53l8cx/vl53l8cx.c ****     /* disable thresholds detection */
 383:src/Flightlib/vl53l8cx_driver/Core/Src/vl53l8cx/vl53l8cx.c ****     status |= vl53l8cx_set_detection_thresholds_enable(&pObj->Dev, 0U);
 1306              		.loc 1 383 15
 1307 004e 488B45E8 		movq	-24(%rbp), %rax
 1308 0052 4883C030 		addq	$48, %rax
 1309 0056 BE000000 		movl	$0, %esi
 1309      00
 1310 005b 4889C7   		movq	%rax, %rdi
 1311 005e E8000000 		call	vl53l8cx_set_detection_thresholds_enable@PLT
 1311      00
 1312              		.loc 1 383 12 discriminator 1
 1313 0063 0845F3   		orb	%al, -13(%rbp)
 384:src/Flightlib/vl53l8cx_driver/Core/Src/vl53l8cx/vl53l8cx.c ****     ret = (status != 0U) ? VL53L8CX_ERROR : VL53L8CX_OK;
 1314              		.loc 1 384 43
 1315 0066 807DF300 		cmpb	$0, -13(%rbp)
 1316 006a 7407     		je	.L53
 1317              		.loc 1 384 43 is_stmt 0 discriminator 1
 1318 006c B8FFFFFF 		movl	$-1, %eax
 1318      FF
 1319 0071 EB05     		jmp	.L54
 1320              	.L53:
 1321              		.loc 1 384 43 discriminator 2
 1322 0073 B8000000 		movl	$0, %eax
 1322      00
 1323              	.L54:
 1324              		.loc 1 384 9 is_stmt 1 discriminator 4
 1325 0078 8945F4   		movl	%eax, -12(%rbp)
 1326 007b E9AF0100 		jmp	.L51
 1326      00
 1327              	.L52:
 385:src/Flightlib/vl53l8cx_driver/Core/Src/vl53l8cx/vl53l8cx.c ****   }
 386:src/Flightlib/vl53l8cx_driver/Core/Src/vl53l8cx/vl53l8cx.c ****   else
 387:src/Flightlib/vl53l8cx_driver/Core/Src/vl53l8cx/vl53l8cx.c ****   {
 388:src/Flightlib/vl53l8cx_driver/Core/Src/vl53l8cx/vl53l8cx.c ****     (void)vl53l8cx_get_resolution(&pObj->Dev, &res);
 1328              		.loc 1 388 11
 1329 0080 488B45E8 		movq	-24(%rbp), %rax
 1330 0084 488D5030 		leaq	48(%rax), %rdx
 1331 0088 488D45F1 		leaq	-15(%rbp), %rax
 1332 008c 4889C6   		movq	%rax, %rsi
 1333 008f 4889D7   		movq	%rdx, %rdi
 1334 0092 E8000000 		call	vl53l8cx_get_resolution@PLT
 1334      00
 389:src/Flightlib/vl53l8cx_driver/Core/Src/vl53l8cx/vl53l8cx.c **** 
 390:src/Flightlib/vl53l8cx_driver/Core/Src/vl53l8cx/vl53l8cx.c ****     /* configure thresholds on each active zone */
 391:src/Flightlib/vl53l8cx_driver/Core/Src/vl53l8cx/vl53l8cx.c ****     for (i = 0; i < res; i++)
 1335              		.loc 1 391 12
 1336 0097 C645F200 		movb	$0, -14(%rbp)
 1337              		.loc 1 391 5
 1338 009b E9F00000 		jmp	.L55
 1338      00
 1339              	.L56:
 392:src/Flightlib/vl53l8cx_driver/Core/Src/vl53l8cx/vl53l8cx.c ****     {
 393:src/Flightlib/vl53l8cx_driver/Core/Src/vl53l8cx/vl53l8cx.c ****       thresholds[i].zone_num = i;
 1340              		.loc 1 393 20
 1341 00a0 0FB645F2 		movzbl	-14(%rbp), %eax
 1342              		.loc 1 393 30
 1343 00a4 4863D0   		movslq	%eax, %rdx
 1344 00a7 4889D0   		movq	%rdx, %rax
 1345 00aa 4801C0   		addq	%rax, %rax
 1346 00ad 4801D0   		addq	%rdx, %rax
 1347 00b0 48C1E002 		salq	$2, %rax
 1348 00b4 4889C1   		movq	%rax, %rcx
 1349 00b7 488D1500 		leaq	10+thresholds.1(%rip), %rdx
 1349      000000
 1350 00be 0FB645F2 		movzbl	-14(%rbp), %eax
 1351 00c2 880411   		movb	%al, (%rcx,%rdx)
 394:src/Flightlib/vl53l8cx_driver/Core/Src/vl53l8cx/vl53l8cx.c ****       thresholds[i].measurement = VL53L8CX_DISTANCE_MM;
 1352              		.loc 1 394 20
 1353 00c5 0FB645F2 		movzbl	-14(%rbp), %eax
 1354              		.loc 1 394 33
 1355 00c9 4863D0   		movslq	%eax, %rdx
 1356 00cc 4889D0   		movq	%rdx, %rax
 1357 00cf 4801C0   		addq	%rax, %rax
 1358 00d2 4801D0   		addq	%rdx, %rax
 1359 00d5 48C1E002 		salq	$2, %rax
 1360 00d9 4889C2   		movq	%rax, %rdx
 1361 00dc 488D0500 		leaq	8+thresholds.1(%rip), %rax
 1361      000000
 1362 00e3 C6040201 		movb	$1, (%rdx,%rax)
 395:src/Flightlib/vl53l8cx_driver/Core/Src/vl53l8cx/vl53l8cx.c ****       thresholds[i].type = (uint8_t)pITConfig->Criteria;
 1363              		.loc 1 395 46
 1364 00e7 488B45E0 		movq	-32(%rbp), %rax
 1365 00eb 8B10     		movl	(%rax), %edx
 1366              		.loc 1 395 20
 1367 00ed 0FB645F2 		movzbl	-14(%rbp), %eax
 1368              		.loc 1 395 28
 1369 00f1 89D1     		movl	%edx, %ecx
 1370              		.loc 1 395 26
 1371 00f3 4863D0   		movslq	%eax, %rdx
 1372 00f6 4889D0   		movq	%rdx, %rax
 1373 00f9 4801C0   		addq	%rax, %rax
 1374 00fc 4801D0   		addq	%rdx, %rax
 1375 00ff 48C1E002 		salq	$2, %rax
 1376 0103 4889C2   		movq	%rax, %rdx
 1377 0106 488D0500 		leaq	9+thresholds.1(%rip), %rax
 1377      000000
 1378 010d 880C02   		movb	%cl, (%rdx,%rax)
 396:src/Flightlib/vl53l8cx_driver/Core/Src/vl53l8cx/vl53l8cx.c ****       thresholds[i].mathematic_operation = VL53L8CX_OPERATION_NONE;
 1379              		.loc 1 396 20
 1380 0110 0FB645F2 		movzbl	-14(%rbp), %eax
 1381              		.loc 1 396 42
 1382 0114 4863D0   		movslq	%eax, %rdx
 1383 0117 4889D0   		movq	%rdx, %rax
 1384 011a 4801C0   		addq	%rax, %rax
 1385 011d 4801D0   		addq	%rdx, %rax
 1386 0120 48C1E002 		salq	$2, %rax
 1387 0124 4889C2   		movq	%rax, %rdx
 1388 0127 488D0500 		leaq	11+thresholds.1(%rip), %rax
 1388      000000
 1389 012e C6040200 		movb	$0, (%rdx,%rax)
 397:src/Flightlib/vl53l8cx_driver/Core/Src/vl53l8cx/vl53l8cx.c ****       thresholds[i].param_low_thresh = (int32_t)pITConfig->LowThreshold;
 1390              		.loc 1 397 58
 1391 0132 488B45E0 		movq	-32(%rbp), %rax
 1392 0136 8B5004   		movl	4(%rax), %edx
 1393              		.loc 1 397 20
 1394 0139 0FB645F2 		movzbl	-14(%rbp), %eax
 1395              		.loc 1 397 40
 1396 013d 89D1     		movl	%edx, %ecx
 1397              		.loc 1 397 38
 1398 013f 4863D0   		movslq	%eax, %rdx
 1399 0142 4889D0   		movq	%rdx, %rax
 1400 0145 4801C0   		addq	%rax, %rax
 1401 0148 4801D0   		addq	%rdx, %rax
 1402 014b 48C1E002 		salq	$2, %rax
 1403 014f 4889C2   		movq	%rax, %rdx
 1404 0152 488D0500 		leaq	thresholds.1(%rip), %rax
 1404      000000
 1405 0159 890C02   		movl	%ecx, (%rdx,%rax)
 398:src/Flightlib/vl53l8cx_driver/Core/Src/vl53l8cx/vl53l8cx.c ****       thresholds[i].param_high_thresh = (int32_t)pITConfig->HighThreshold;
 1406              		.loc 1 398 59
 1407 015c 488B45E0 		movq	-32(%rbp), %rax
 1408 0160 8B5008   		movl	8(%rax), %edx
 1409              		.loc 1 398 20
 1410 0163 0FB645F2 		movzbl	-14(%rbp), %eax
 1411              		.loc 1 398 41
 1412 0167 89D1     		movl	%edx, %ecx
 1413              		.loc 1 398 39
 1414 0169 4863D0   		movslq	%eax, %rdx
 1415 016c 4889D0   		movq	%rdx, %rax
 1416 016f 4801C0   		addq	%rax, %rax
 1417 0172 4801D0   		addq	%rdx, %rax
 1418 0175 48C1E002 		salq	$2, %rax
 1419 0179 4889C2   		movq	%rax, %rdx
 1420 017c 488D0500 		leaq	4+thresholds.1(%rip), %rax
 1420      000000
 1421 0183 890C02   		movl	%ecx, (%rdx,%rax)
 391:src/Flightlib/vl53l8cx_driver/Core/Src/vl53l8cx/vl53l8cx.c ****     {
 1422              		.loc 1 391 27 discriminator 3
 1423 0186 0FB645F2 		movzbl	-14(%rbp), %eax
 1424 018a 83C001   		addl	$1, %eax
 1425 018d 8845F2   		movb	%al, -14(%rbp)
 1426              	.L55:
 391:src/Flightlib/vl53l8cx_driver/Core/Src/vl53l8cx/vl53l8cx.c ****     {
 1427              		.loc 1 391 19 discriminator 1
 1428 0190 0FB645F1 		movzbl	-15(%rbp), %eax
 1429 0194 3845F2   		cmpb	%al, -14(%rbp)
 1430 0197 0F8203FF 		jb	.L56
 1430      FFFF
 399:src/Flightlib/vl53l8cx_driver/Core/Src/vl53l8cx/vl53l8cx.c ****     }
 400:src/Flightlib/vl53l8cx_driver/Core/Src/vl53l8cx/vl53l8cx.c **** 
 401:src/Flightlib/vl53l8cx_driver/Core/Src/vl53l8cx/vl53l8cx.c ****     /* the last threshold must be clearly indicated */
 402:src/Flightlib/vl53l8cx_driver/Core/Src/vl53l8cx/vl53l8cx.c ****     thresholds[i].zone_num |= VL53L8CX_LAST_THRESHOLD;
 1431              		.loc 1 402 18
 1432 019d 0FB645F2 		movzbl	-14(%rbp), %eax
 1433 01a1 4863D0   		movslq	%eax, %rdx
 1434 01a4 4889D0   		movq	%rdx, %rax
 1435 01a7 4801C0   		addq	%rax, %rax
 1436 01aa 4801D0   		addq	%rdx, %rax
 1437 01ad 48C1E002 		salq	$2, %rax
 1438 01b1 4889C2   		movq	%rax, %rdx
 1439 01b4 488D0500 		leaq	10+thresholds.1(%rip), %rax
 1439      000000
 1440 01bb 0FB61402 		movzbl	(%rdx,%rax), %edx
 1441 01bf 0FB645F2 		movzbl	-14(%rbp), %eax
 1442              		.loc 1 402 28
 1443 01c3 89D1     		movl	%edx, %ecx
 1444 01c5 83C980   		orl	$-128, %ecx
 1445 01c8 4863D0   		movslq	%eax, %rdx
 1446 01cb 4889D0   		movq	%rdx, %rax
 1447 01ce 4801C0   		addq	%rax, %rax
 1448 01d1 4801D0   		addq	%rdx, %rax
 1449 01d4 48C1E002 		salq	$2, %rax
 1450 01d8 4889C2   		movq	%rax, %rdx
 1451 01db 488D0500 		leaq	10+thresholds.1(%rip), %rax
 1451      000000
 1452 01e2 880C02   		movb	%cl, (%rdx,%rax)
 403:src/Flightlib/vl53l8cx_driver/Core/Src/vl53l8cx/vl53l8cx.c **** 
 404:src/Flightlib/vl53l8cx_driver/Core/Src/vl53l8cx/vl53l8cx.c ****     /* send array of thresholds to the sensor */
 405:src/Flightlib/vl53l8cx_driver/Core/Src/vl53l8cx/vl53l8cx.c ****     status |= vl53l8cx_set_detection_thresholds(&pObj->Dev, thresholds);
 1453              		.loc 1 405 15
 1454 01e5 488B45E8 		movq	-24(%rbp), %rax
 1455 01e9 4883C030 		addq	$48, %rax
 1456 01ed 488D1500 		leaq	thresholds.1(%rip), %rdx
 1456      000000
 1457 01f4 4889D6   		movq	%rdx, %rsi
 1458 01f7 4889C7   		movq	%rax, %rdi
 1459 01fa E8000000 		call	vl53l8cx_set_detection_thresholds@PLT
 1459      00
 1460              		.loc 1 405 12 discriminator 1
 1461 01ff 0845F3   		orb	%al, -13(%rbp)
 406:src/Flightlib/vl53l8cx_driver/Core/Src/vl53l8cx/vl53l8cx.c **** 
 407:src/Flightlib/vl53l8cx_driver/Core/Src/vl53l8cx/vl53l8cx.c ****     /* enable thresholds detection */
 408:src/Flightlib/vl53l8cx_driver/Core/Src/vl53l8cx/vl53l8cx.c ****     status |= vl53l8cx_set_detection_thresholds_enable(&pObj->Dev, 1U);
 1462              		.loc 1 408 15
 1463 0202 488B45E8 		movq	-24(%rbp), %rax
 1464 0206 4883C030 		addq	$48, %rax
 1465 020a BE010000 		movl	$1, %esi
 1465      00
 1466 020f 4889C7   		movq	%rax, %rdi
 1467 0212 E8000000 		call	vl53l8cx_set_detection_thresholds_enable@PLT
 1467      00
 1468              		.loc 1 408 12 discriminator 1
 1469 0217 0845F3   		orb	%al, -13(%rbp)
 409:src/Flightlib/vl53l8cx_driver/Core/Src/vl53l8cx/vl53l8cx.c **** 
 410:src/Flightlib/vl53l8cx_driver/Core/Src/vl53l8cx/vl53l8cx.c ****     ret = (status != 0U) ? VL53L8CX_ERROR : VL53L8CX_OK;
 1470              		.loc 1 410 43
 1471 021a 807DF300 		cmpb	$0, -13(%rbp)
 1472 021e 7407     		je	.L57
 1473              		.loc 1 410 43 is_stmt 0 discriminator 1
 1474 0220 B8FFFFFF 		movl	$-1, %eax
 1474      FF
 1475 0225 EB05     		jmp	.L58
 1476              	.L57:
 1477              		.loc 1 410 43 discriminator 2
 1478 0227 B8000000 		movl	$0, %eax
 1478      00
 1479              	.L58:
 1480              		.loc 1 410 9 is_stmt 1 discriminator 4
 1481 022c 8945F4   		movl	%eax, -12(%rbp)
 1482              	.L51:
 411:src/Flightlib/vl53l8cx_driver/Core/Src/vl53l8cx/vl53l8cx.c ****   }
 412:src/Flightlib/vl53l8cx_driver/Core/Src/vl53l8cx/vl53l8cx.c **** 
 413:src/Flightlib/vl53l8cx_driver/Core/Src/vl53l8cx/vl53l8cx.c ****   return ret;
 1483              		.loc 1 413 10
 1484 022f 8B45F4   		movl	-12(%rbp), %eax
 414:src/Flightlib/vl53l8cx_driver/Core/Src/vl53l8cx/vl53l8cx.c **** }
 1485              		.loc 1 414 1
 1486 0232 488B55F8 		movq	-8(%rbp), %rdx
 1487 0236 64482B14 		subq	%fs:40, %rdx
 1487      25280000 
 1487      00
 1488 023f 7405     		je	.L60
 1489 0241 E8000000 		call	__stack_chk_fail@PLT
 1489      00
 1490              	.L60:
 1491 0246 C9       		leave
 1492              	.LCFI23:
 1493              		.cfi_def_cfa 7, 8
 1494 0247 C3       		ret
 1495              		.cfi_endproc
 1496              	.LFE7:
 1498              		.section	.text.VL53L8CX_GetDistance,"ax",@progbits
 1499              		.globl	VL53L8CX_GetDistance
 1501              	VL53L8CX_GetDistance:
 1502              	.LFB8:
 415:src/Flightlib/vl53l8cx_driver/Core/Src/vl53l8cx/vl53l8cx.c **** 
 416:src/Flightlib/vl53l8cx_driver/Core/Src/vl53l8cx/vl53l8cx.c **** /**
 417:src/Flightlib/vl53l8cx_driver/Core/Src/vl53l8cx/vl53l8cx.c ****   * @brief Get the last distance measurement information.
 418:src/Flightlib/vl53l8cx_driver/Core/Src/vl53l8cx/vl53l8cx.c ****   * @param pObj    vl53l8cx context object.
 419:src/Flightlib/vl53l8cx_driver/Core/Src/vl53l8cx/vl53l8cx.c ****   * @param pResult    Pointer to the result struct.
 420:src/Flightlib/vl53l8cx_driver/Core/Src/vl53l8cx/vl53l8cx.c ****   * @retval VL53L8CX status
 421:src/Flightlib/vl53l8cx_driver/Core/Src/vl53l8cx/vl53l8cx.c ****   */
 422:src/Flightlib/vl53l8cx_driver/Core/Src/vl53l8cx/vl53l8cx.c **** int32_t VL53L8CX_GetDistance(VL53L8CX_Object_t *pObj, VL53L8CX_Result_t *pResult)
 423:src/Flightlib/vl53l8cx_driver/Core/Src/vl53l8cx/vl53l8cx.c **** {
 1503              		.loc 1 423 1
 1504              		.cfi_startproc
 1505 0000 F30F1EFA 		endbr64
 1506 0004 55       		pushq	%rbp
 1507              	.LCFI24:
 1508              		.cfi_def_cfa_offset 16
 1509              		.cfi_offset 6, -16
 1510 0005 4889E5   		movq	%rsp, %rbp
 1511              	.LCFI25:
 1512              		.cfi_def_cfa_register 6
 1513 0008 4883EC20 		subq	$32, %rsp
 1514 000c 48897DE8 		movq	%rdi, -24(%rbp)
 1515 0010 488975E0 		movq	%rsi, -32(%rbp)
 424:src/Flightlib/vl53l8cx_driver/Core/Src/vl53l8cx/vl53l8cx.c ****   int32_t ret;
 425:src/Flightlib/vl53l8cx_driver/Core/Src/vl53l8cx/vl53l8cx.c **** 
 426:src/Flightlib/vl53l8cx_driver/Core/Src/vl53l8cx/vl53l8cx.c ****   ret = VL53L8CX_OK;
 1516              		.loc 1 426 7
 1517 0014 C745FC00 		movl	$0, -4(%rbp)
 1517      000000
 427:src/Flightlib/vl53l8cx_driver/Core/Src/vl53l8cx/vl53l8cx.c ****   if ((pObj == NULL) || (pResult == NULL))
 1518              		.loc 1 427 6
 1519 001b 48837DE8 		cmpq	$0, -24(%rbp)
 1519      00
 1520 0020 7407     		je	.L62
 1521              		.loc 1 427 22 discriminator 1
 1522 0022 48837DE0 		cmpq	$0, -32(%rbp)
 1522      00
 1523 0027 7509     		jne	.L63
 1524              	.L62:
 428:src/Flightlib/vl53l8cx_driver/Core/Src/vl53l8cx/vl53l8cx.c ****   {
 429:src/Flightlib/vl53l8cx_driver/Core/Src/vl53l8cx/vl53l8cx.c ****     ret = VL53L8CX_INVALID_PARAM;
 1525              		.loc 1 429 9
 1526 0029 C745FCFE 		movl	$-2, -4(%rbp)
 1526      FFFFFF
 1527 0030 EB16     		jmp	.L64
 1528              	.L63:
 430:src/Flightlib/vl53l8cx_driver/Core/Src/vl53l8cx/vl53l8cx.c ****   }
 431:src/Flightlib/vl53l8cx_driver/Core/Src/vl53l8cx/vl53l8cx.c ****   else if (pObj->IsRanging == 0U)
 1529              		.loc 1 431 16
 1530 0032 488B45E8 		movq	-24(%rbp), %rax
 1531 0036 0FB680F9 		movzbl	2809(%rax), %eax
 1531      0A0000
 1532              		.loc 1 431 11
 1533 003d 84C0     		testb	%al, %al
 1534 003f 7507     		jne	.L64
 432:src/Flightlib/vl53l8cx_driver/Core/Src/vl53l8cx/vl53l8cx.c ****   {
 433:src/Flightlib/vl53l8cx_driver/Core/Src/vl53l8cx/vl53l8cx.c ****     ret = VL53L8CX_ERROR;
 1535              		.loc 1 433 9
 1536 0041 C745FCFF 		movl	$-1, -4(%rbp)
 1536      FFFFFF
 1537              	.L64:
 434:src/Flightlib/vl53l8cx_driver/Core/Src/vl53l8cx/vl53l8cx.c ****   }
 435:src/Flightlib/vl53l8cx_driver/Core/Src/vl53l8cx/vl53l8cx.c **** 
 436:src/Flightlib/vl53l8cx_driver/Core/Src/vl53l8cx/vl53l8cx.c ****   if (ret == VL53L8CX_OK)
 1538              		.loc 1 436 6
 1539 0048 837DFC00 		cmpl	$0, -4(%rbp)
 1540 004c 7539     		jne	.L65
 437:src/Flightlib/vl53l8cx_driver/Core/Src/vl53l8cx/vl53l8cx.c ****   {
 438:src/Flightlib/vl53l8cx_driver/Core/Src/vl53l8cx/vl53l8cx.c ****     if (pObj->IsBlocking == 1U)
 1541              		.loc 1 438 13
 1542 004e 488B45E8 		movq	-24(%rbp), %rax
 1543 0052 0FB680FA 		movzbl	2810(%rax), %eax
 1543      0A0000
 1544              		.loc 1 438 8
 1545 0059 3C01     		cmpb	$1, %al
 1546 005b 7516     		jne	.L66
 439:src/Flightlib/vl53l8cx_driver/Core/Src/vl53l8cx/vl53l8cx.c ****     {
 440:src/Flightlib/vl53l8cx_driver/Core/Src/vl53l8cx/vl53l8cx.c ****       ret = vl53l8cx_poll_for_measurement(pObj, V53L8CX_POLL_TIMEOUT);
 1547              		.loc 1 440 13
 1548 005d 488B45E8 		movq	-24(%rbp), %rax
 1549 0061 BE881300 		movl	$5000, %esi
 1549      00
 1550 0066 4889C7   		movq	%rax, %rdi
 1551 0069 E8000000 		call	vl53l8cx_poll_for_measurement
 1551      00
 1552 006e 8945FC   		movl	%eax, -4(%rbp)
 1553 0071 EB14     		jmp	.L65
 1554              	.L66:
 441:src/Flightlib/vl53l8cx_driver/Core/Src/vl53l8cx/vl53l8cx.c ****     }
 442:src/Flightlib/vl53l8cx_driver/Core/Src/vl53l8cx/vl53l8cx.c ****     else
 443:src/Flightlib/vl53l8cx_driver/Core/Src/vl53l8cx/vl53l8cx.c ****     {
 444:src/Flightlib/vl53l8cx_driver/Core/Src/vl53l8cx/vl53l8cx.c ****       ret = vl53l8cx_poll_for_measurement(pObj, 0U);
 1555              		.loc 1 444 13
 1556 0073 488B45E8 		movq	-24(%rbp), %rax
 1557 0077 BE000000 		movl	$0, %esi
 1557      00
 1558 007c 4889C7   		movq	%rax, %rdi
 1559 007f E8000000 		call	vl53l8cx_poll_for_measurement
 1559      00
 1560 0084 8945FC   		movl	%eax, -4(%rbp)
 1561              	.L65:
 445:src/Flightlib/vl53l8cx_driver/Core/Src/vl53l8cx/vl53l8cx.c ****     }
 446:src/Flightlib/vl53l8cx_driver/Core/Src/vl53l8cx/vl53l8cx.c ****   }
 447:src/Flightlib/vl53l8cx_driver/Core/Src/vl53l8cx/vl53l8cx.c **** 
 448:src/Flightlib/vl53l8cx_driver/Core/Src/vl53l8cx/vl53l8cx.c ****   /* a new measure is available if no error is returned by the poll function */
 449:src/Flightlib/vl53l8cx_driver/Core/Src/vl53l8cx/vl53l8cx.c ****   if (ret == VL53L8CX_OK)
 1562              		.loc 1 449 6
 1563 0087 837DFC00 		cmpl	$0, -4(%rbp)
 1564 008b 7516     		jne	.L67
 450:src/Flightlib/vl53l8cx_driver/Core/Src/vl53l8cx/vl53l8cx.c ****   {
 451:src/Flightlib/vl53l8cx_driver/Core/Src/vl53l8cx/vl53l8cx.c ****     ret = vl53l8cx_get_result(pObj, pResult);
 1565              		.loc 1 451 11
 1566 008d 488B55E0 		movq	-32(%rbp), %rdx
 1567 0091 488B45E8 		movq	-24(%rbp), %rax
 1568 0095 4889D6   		movq	%rdx, %rsi
 1569 0098 4889C7   		movq	%rax, %rdi
 1570 009b E8000000 		call	vl53l8cx_get_result
 1570      00
 1571 00a0 8945FC   		movl	%eax, -4(%rbp)
 1572              	.L67:
 452:src/Flightlib/vl53l8cx_driver/Core/Src/vl53l8cx/vl53l8cx.c ****   }
 453:src/Flightlib/vl53l8cx_driver/Core/Src/vl53l8cx/vl53l8cx.c **** 
 454:src/Flightlib/vl53l8cx_driver/Core/Src/vl53l8cx/vl53l8cx.c ****   return ret;
 1573              		.loc 1 454 10
 1574 00a3 8B45FC   		movl	-4(%rbp), %eax
 455:src/Flightlib/vl53l8cx_driver/Core/Src/vl53l8cx/vl53l8cx.c **** }
 1575              		.loc 1 455 1
 1576 00a6 C9       		leave
 1577              	.LCFI26:
 1578              		.cfi_def_cfa 7, 8
 1579 00a7 C3       		ret
 1580              		.cfi_endproc
 1581              	.LFE8:
 1583              		.section	.text.VL53L8CX_Start,"ax",@progbits
 1584              		.globl	VL53L8CX_Start
 1586              	VL53L8CX_Start:
 1587              	.LFB9:
 456:src/Flightlib/vl53l8cx_driver/Core/Src/vl53l8cx/vl53l8cx.c **** 
 457:src/Flightlib/vl53l8cx_driver/Core/Src/vl53l8cx/vl53l8cx.c **** /**
 458:src/Flightlib/vl53l8cx_driver/Core/Src/vl53l8cx/vl53l8cx.c ****   * @brief Start ranging.
 459:src/Flightlib/vl53l8cx_driver/Core/Src/vl53l8cx/vl53l8cx.c ****   * @param pObj    vl53l8cx context object.
 460:src/Flightlib/vl53l8cx_driver/Core/Src/vl53l8cx/vl53l8cx.c ****   * @param Mode        The desired @ref RANGING_SENSOR_Mode_t
 461:src/Flightlib/vl53l8cx_driver/Core/Src/vl53l8cx/vl53l8cx.c ****   * @retval VL53L8CX status
 462:src/Flightlib/vl53l8cx_driver/Core/Src/vl53l8cx/vl53l8cx.c ****   */
 463:src/Flightlib/vl53l8cx_driver/Core/Src/vl53l8cx/vl53l8cx.c **** int32_t VL53L8CX_Start(VL53L8CX_Object_t *pObj, uint32_t Mode)
 464:src/Flightlib/vl53l8cx_driver/Core/Src/vl53l8cx/vl53l8cx.c **** {
 1588              		.loc 1 464 1
 1589              		.cfi_startproc
 1590 0000 F30F1EFA 		endbr64
 1591 0004 55       		pushq	%rbp
 1592              	.LCFI27:
 1593              		.cfi_def_cfa_offset 16
 1594              		.cfi_offset 6, -16
 1595 0005 4889E5   		movq	%rsp, %rbp
 1596              	.LCFI28:
 1597              		.cfi_def_cfa_register 6
 1598 0008 4883EC20 		subq	$32, %rsp
 1599 000c 48897DE8 		movq	%rdi, -24(%rbp)
 1600 0010 8975E4   		movl	%esi, -28(%rbp)
 465:src/Flightlib/vl53l8cx_driver/Core/Src/vl53l8cx/vl53l8cx.c ****   int32_t ret;
 466:src/Flightlib/vl53l8cx_driver/Core/Src/vl53l8cx/vl53l8cx.c **** 
 467:src/Flightlib/vl53l8cx_driver/Core/Src/vl53l8cx/vl53l8cx.c ****   if (pObj == NULL)
 1601              		.loc 1 467 6
 1602 0013 48837DE8 		cmpq	$0, -24(%rbp)
 1602      00
 1603 0018 750C     		jne	.L70
 468:src/Flightlib/vl53l8cx_driver/Core/Src/vl53l8cx/vl53l8cx.c ****   {
 469:src/Flightlib/vl53l8cx_driver/Core/Src/vl53l8cx/vl53l8cx.c ****     ret = VL53L8CX_INVALID_PARAM;
 1604              		.loc 1 469 9
 1605 001a C745FCFE 		movl	$-2, -4(%rbp)
 1605      FFFFFF
 1606 0021 E9CB0000 		jmp	.L71
 1606      00
 1607              	.L70:
 470:src/Flightlib/vl53l8cx_driver/Core/Src/vl53l8cx/vl53l8cx.c ****   }
 471:src/Flightlib/vl53l8cx_driver/Core/Src/vl53l8cx/vl53l8cx.c ****   else if (vl53l8cx_start_ranging(&pObj->Dev) == VL53L8CX_STATUS_OK)
 1608              		.loc 1 471 12
 1609 0026 488B45E8 		movq	-24(%rbp), %rax
 1610 002a 4883C030 		addq	$48, %rax
 1611 002e 4889C7   		movq	%rax, %rdi
 1612 0031 E8000000 		call	vl53l8cx_start_ranging@PLT
 1612      00
 1613              		.loc 1 471 11 discriminator 1
 1614 0036 84C0     		testb	%al, %al
 1615 0038 0F85AC00 		jne	.L72
 1615      0000
 472:src/Flightlib/vl53l8cx_driver/Core/Src/vl53l8cx/vl53l8cx.c ****   {
 473:src/Flightlib/vl53l8cx_driver/Core/Src/vl53l8cx/vl53l8cx.c ****     pObj->IsRanging = 1U;
 1616              		.loc 1 473 21
 1617 003e 488B45E8 		movq	-24(%rbp), %rax
 1618 0042 C680F90A 		movb	$1, 2809(%rax)
 1618      000001
 474:src/Flightlib/vl53l8cx_driver/Core/Src/vl53l8cx/vl53l8cx.c ****     ret = VL53L8CX_OK;
 1619              		.loc 1 474 9
 1620 0049 C745FC00 		movl	$0, -4(%rbp)
 1620      000000
 475:src/Flightlib/vl53l8cx_driver/Core/Src/vl53l8cx/vl53l8cx.c **** 
 476:src/Flightlib/vl53l8cx_driver/Core/Src/vl53l8cx/vl53l8cx.c ****     switch (Mode)
 1621              		.loc 1 476 5
 1622 0050 837DE404 		cmpl	$4, -28(%rbp)
 1623 0054 7468     		je	.L73
 1624 0056 837DE404 		cmpl	$4, -28(%rbp)
 1625 005a 777A     		ja	.L74
 1626 005c 837DE403 		cmpl	$3, -28(%rbp)
 1627 0060 7444     		je	.L75
 1628 0062 837DE403 		cmpl	$3, -28(%rbp)
 1629 0066 776E     		ja	.L74
 1630 0068 837DE401 		cmpl	$1, -28(%rbp)
 1631 006c 7408     		je	.L76
 1632 006e 837DE402 		cmpl	$2, -28(%rbp)
 1633 0072 741A     		je	.L77
 1634 0074 EB60     		jmp	.L74
 1635              	.L76:
 477:src/Flightlib/vl53l8cx_driver/Core/Src/vl53l8cx/vl53l8cx.c ****     {
 478:src/Flightlib/vl53l8cx_driver/Core/Src/vl53l8cx/vl53l8cx.c ****       case VL53L8CX_MODE_BLOCKING_CONTINUOUS:
 479:src/Flightlib/vl53l8cx_driver/Core/Src/vl53l8cx/vl53l8cx.c ****         pObj->IsContinuous = 1U;
 1636              		.loc 1 479 28
 1637 0076 488B45E8 		movq	-24(%rbp), %rax
 1638 007a C680FB0A 		movb	$1, 2811(%rax)
 1638      000001
 480:src/Flightlib/vl53l8cx_driver/Core/Src/vl53l8cx/vl53l8cx.c ****         pObj->IsBlocking = 1U;
 1639              		.loc 1 480 26
 1640 0081 488B45E8 		movq	-24(%rbp), %rax
 1641 0085 C680FA0A 		movb	$1, 2810(%rax)
 1641      000001
 481:src/Flightlib/vl53l8cx_driver/Core/Src/vl53l8cx/vl53l8cx.c ****         break;
 1642              		.loc 1 481 9
 1643 008c EB63     		jmp	.L71
 1644              	.L77:
 482:src/Flightlib/vl53l8cx_driver/Core/Src/vl53l8cx/vl53l8cx.c **** 
 483:src/Flightlib/vl53l8cx_driver/Core/Src/vl53l8cx/vl53l8cx.c ****       case VL53L8CX_MODE_BLOCKING_ONESHOT:
 484:src/Flightlib/vl53l8cx_driver/Core/Src/vl53l8cx/vl53l8cx.c ****         pObj->IsContinuous = 0U;
 1645              		.loc 1 484 28
 1646 008e 488B45E8 		movq	-24(%rbp), %rax
 1647 0092 C680FB0A 		movb	$0, 2811(%rax)
 1647      000000
 485:src/Flightlib/vl53l8cx_driver/Core/Src/vl53l8cx/vl53l8cx.c ****         pObj->IsBlocking = 1U;
 1648              		.loc 1 485 26
 1649 0099 488B45E8 		movq	-24(%rbp), %rax
 1650 009d C680FA0A 		movb	$1, 2810(%rax)
 1650      000001
 486:src/Flightlib/vl53l8cx_driver/Core/Src/vl53l8cx/vl53l8cx.c ****         break;
 1651              		.loc 1 486 9
 1652 00a4 EB4B     		jmp	.L71
 1653              	.L75:
 487:src/Flightlib/vl53l8cx_driver/Core/Src/vl53l8cx/vl53l8cx.c **** 
 488:src/Flightlib/vl53l8cx_driver/Core/Src/vl53l8cx/vl53l8cx.c ****       case VL53L8CX_MODE_ASYNC_CONTINUOUS:
 489:src/Flightlib/vl53l8cx_driver/Core/Src/vl53l8cx/vl53l8cx.c ****         pObj->IsContinuous = 1U;
 1654              		.loc 1 489 28
 1655 00a6 488B45E8 		movq	-24(%rbp), %rax
 1656 00aa C680FB0A 		movb	$1, 2811(%rax)
 1656      000001
 490:src/Flightlib/vl53l8cx_driver/Core/Src/vl53l8cx/vl53l8cx.c ****         pObj->IsBlocking = 0U;
 1657              		.loc 1 490 26
 1658 00b1 488B45E8 		movq	-24(%rbp), %rax
 1659 00b5 C680FA0A 		movb	$0, 2810(%rax)
 1659      000000
 491:src/Flightlib/vl53l8cx_driver/Core/Src/vl53l8cx/vl53l8cx.c ****         break;
 1660              		.loc 1 491 9
 1661 00bc EB33     		jmp	.L71
 1662              	.L73:
 492:src/Flightlib/vl53l8cx_driver/Core/Src/vl53l8cx/vl53l8cx.c **** 
 493:src/Flightlib/vl53l8cx_driver/Core/Src/vl53l8cx/vl53l8cx.c ****       case VL53L8CX_MODE_ASYNC_ONESHOT:
 494:src/Flightlib/vl53l8cx_driver/Core/Src/vl53l8cx/vl53l8cx.c ****         pObj->IsContinuous = 0U;
 1663              		.loc 1 494 28
 1664 00be 488B45E8 		movq	-24(%rbp), %rax
 1665 00c2 C680FB0A 		movb	$0, 2811(%rax)
 1665      000000
 495:src/Flightlib/vl53l8cx_driver/Core/Src/vl53l8cx/vl53l8cx.c ****         pObj->IsBlocking = 0U;
 1666              		.loc 1 495 26
 1667 00c9 488B45E8 		movq	-24(%rbp), %rax
 1668 00cd C680FA0A 		movb	$0, 2810(%rax)
 1668      000000
 496:src/Flightlib/vl53l8cx_driver/Core/Src/vl53l8cx/vl53l8cx.c ****         break;
 1669              		.loc 1 496 9
 1670 00d4 EB1B     		jmp	.L71
 1671              	.L74:
 497:src/Flightlib/vl53l8cx_driver/Core/Src/vl53l8cx/vl53l8cx.c **** 
 498:src/Flightlib/vl53l8cx_driver/Core/Src/vl53l8cx/vl53l8cx.c ****       default:
 499:src/Flightlib/vl53l8cx_driver/Core/Src/vl53l8cx/vl53l8cx.c ****         pObj->IsRanging = 0U;
 1672              		.loc 1 499 25
 1673 00d6 488B45E8 		movq	-24(%rbp), %rax
 1674 00da C680F90A 		movb	$0, 2809(%rax)
 1674      000000
 500:src/Flightlib/vl53l8cx_driver/Core/Src/vl53l8cx/vl53l8cx.c ****         ret = VL53L8CX_INVALID_PARAM;
 1675              		.loc 1 500 13
 1676 00e1 C745FCFE 		movl	$-2, -4(%rbp)
 1676      FFFFFF
 501:src/Flightlib/vl53l8cx_driver/Core/Src/vl53l8cx/vl53l8cx.c ****         break;
 1677              		.loc 1 501 9
 1678 00e8 EB07     		jmp	.L71
 1679              	.L72:
 502:src/Flightlib/vl53l8cx_driver/Core/Src/vl53l8cx/vl53l8cx.c ****     }
 503:src/Flightlib/vl53l8cx_driver/Core/Src/vl53l8cx/vl53l8cx.c ****   }
 504:src/Flightlib/vl53l8cx_driver/Core/Src/vl53l8cx/vl53l8cx.c ****   else
 505:src/Flightlib/vl53l8cx_driver/Core/Src/vl53l8cx/vl53l8cx.c ****   {
 506:src/Flightlib/vl53l8cx_driver/Core/Src/vl53l8cx/vl53l8cx.c ****     ret = VL53L8CX_ERROR;
 1680              		.loc 1 506 9
 1681 00ea C745FCFF 		movl	$-1, -4(%rbp)
 1681      FFFFFF
 1682              	.L71:
 507:src/Flightlib/vl53l8cx_driver/Core/Src/vl53l8cx/vl53l8cx.c ****   }
 508:src/Flightlib/vl53l8cx_driver/Core/Src/vl53l8cx/vl53l8cx.c **** 
 509:src/Flightlib/vl53l8cx_driver/Core/Src/vl53l8cx/vl53l8cx.c ****   return ret;
 1683              		.loc 1 509 10
 1684 00f1 8B45FC   		movl	-4(%rbp), %eax
 510:src/Flightlib/vl53l8cx_driver/Core/Src/vl53l8cx/vl53l8cx.c **** }
 1685              		.loc 1 510 1
 1686 00f4 C9       		leave
 1687              	.LCFI29:
 1688              		.cfi_def_cfa 7, 8
 1689 00f5 C3       		ret
 1690              		.cfi_endproc
 1691              	.LFE9:
 1693              		.section	.text.VL53L8CX_Stop,"ax",@progbits
 1694              		.globl	VL53L8CX_Stop
 1696              	VL53L8CX_Stop:
 1697              	.LFB10:
 511:src/Flightlib/vl53l8cx_driver/Core/Src/vl53l8cx/vl53l8cx.c **** 
 512:src/Flightlib/vl53l8cx_driver/Core/Src/vl53l8cx/vl53l8cx.c **** /**
 513:src/Flightlib/vl53l8cx_driver/Core/Src/vl53l8cx/vl53l8cx.c ****   * @brief Stop ranging.
 514:src/Flightlib/vl53l8cx_driver/Core/Src/vl53l8cx/vl53l8cx.c ****   * @param pObj    vl53l8cx context object.
 515:src/Flightlib/vl53l8cx_driver/Core/Src/vl53l8cx/vl53l8cx.c ****   * @retval VL53L8CX status
 516:src/Flightlib/vl53l8cx_driver/Core/Src/vl53l8cx/vl53l8cx.c ****   */
 517:src/Flightlib/vl53l8cx_driver/Core/Src/vl53l8cx/vl53l8cx.c **** int32_t VL53L8CX_Stop(VL53L8CX_Object_t *pObj)
 518:src/Flightlib/vl53l8cx_driver/Core/Src/vl53l8cx/vl53l8cx.c **** {
 1698              		.loc 1 518 1
 1699              		.cfi_startproc
 1700 0000 F30F1EFA 		endbr64
 1701 0004 55       		pushq	%rbp
 1702              	.LCFI30:
 1703              		.cfi_def_cfa_offset 16
 1704              		.cfi_offset 6, -16
 1705 0005 4889E5   		movq	%rsp, %rbp
 1706              	.LCFI31:
 1707              		.cfi_def_cfa_register 6
 1708 0008 4883EC20 		subq	$32, %rsp
 1709 000c 48897DE8 		movq	%rdi, -24(%rbp)
 519:src/Flightlib/vl53l8cx_driver/Core/Src/vl53l8cx/vl53l8cx.c ****   int32_t ret;
 520:src/Flightlib/vl53l8cx_driver/Core/Src/vl53l8cx/vl53l8cx.c **** 
 521:src/Flightlib/vl53l8cx_driver/Core/Src/vl53l8cx/vl53l8cx.c ****   if (pObj == NULL)
 1710              		.loc 1 521 6
 1711 0010 48837DE8 		cmpq	$0, -24(%rbp)
 1711      00
 1712 0015 7509     		jne	.L81
 522:src/Flightlib/vl53l8cx_driver/Core/Src/vl53l8cx/vl53l8cx.c ****   {
 523:src/Flightlib/vl53l8cx_driver/Core/Src/vl53l8cx/vl53l8cx.c ****     ret = VL53L8CX_INVALID_PARAM;
 1713              		.loc 1 523 9
 1714 0017 C745FCFE 		movl	$-2, -4(%rbp)
 1714      FFFFFF
 1715 001e EB47     		jmp	.L82
 1716              	.L81:
 524:src/Flightlib/vl53l8cx_driver/Core/Src/vl53l8cx/vl53l8cx.c ****   }
 525:src/Flightlib/vl53l8cx_driver/Core/Src/vl53l8cx/vl53l8cx.c ****   else if (pObj->IsRanging == 0U)
 1717              		.loc 1 525 16
 1718 0020 488B45E8 		movq	-24(%rbp), %rax
 1719 0024 0FB680F9 		movzbl	2809(%rax), %eax
 1719      0A0000
 1720              		.loc 1 525 11
 1721 002b 84C0     		testb	%al, %al
 1722 002d 7509     		jne	.L83
 526:src/Flightlib/vl53l8cx_driver/Core/Src/vl53l8cx/vl53l8cx.c ****   {
 527:src/Flightlib/vl53l8cx_driver/Core/Src/vl53l8cx/vl53l8cx.c ****     /* ranging not started */
 528:src/Flightlib/vl53l8cx_driver/Core/Src/vl53l8cx/vl53l8cx.c ****     ret = VL53L8CX_ERROR;
 1723              		.loc 1 528 9
 1724 002f C745FCFF 		movl	$-1, -4(%rbp)
 1724      FFFFFF
 1725 0036 EB2F     		jmp	.L82
 1726              	.L83:
 529:src/Flightlib/vl53l8cx_driver/Core/Src/vl53l8cx/vl53l8cx.c ****   }
 530:src/Flightlib/vl53l8cx_driver/Core/Src/vl53l8cx/vl53l8cx.c ****   else if (vl53l8cx_stop_ranging(&pObj->Dev) == VL53L8CX_STATUS_OK)
 1727              		.loc 1 530 12
 1728 0038 488B45E8 		movq	-24(%rbp), %rax
 1729 003c 4883C030 		addq	$48, %rax
 1730 0040 4889C7   		movq	%rax, %rdi
 1731 0043 E8000000 		call	vl53l8cx_stop_ranging@PLT
 1731      00
 1732              		.loc 1 530 11 discriminator 1
 1733 0048 84C0     		testb	%al, %al
 1734 004a 7514     		jne	.L84
 531:src/Flightlib/vl53l8cx_driver/Core/Src/vl53l8cx/vl53l8cx.c ****   {
 532:src/Flightlib/vl53l8cx_driver/Core/Src/vl53l8cx/vl53l8cx.c ****     pObj->IsRanging = 0U;
 1735              		.loc 1 532 21
 1736 004c 488B45E8 		movq	-24(%rbp), %rax
 1737 0050 C680F90A 		movb	$0, 2809(%rax)
 1737      000000
 533:src/Flightlib/vl53l8cx_driver/Core/Src/vl53l8cx/vl53l8cx.c ****     ret = VL53L8CX_OK;
 1738              		.loc 1 533 9
 1739 0057 C745FC00 		movl	$0, -4(%rbp)
 1739      000000
 1740 005e EB07     		jmp	.L82
 1741              	.L84:
 534:src/Flightlib/vl53l8cx_driver/Core/Src/vl53l8cx/vl53l8cx.c ****   }
 535:src/Flightlib/vl53l8cx_driver/Core/Src/vl53l8cx/vl53l8cx.c ****   else
 536:src/Flightlib/vl53l8cx_driver/Core/Src/vl53l8cx/vl53l8cx.c ****   {
 537:src/Flightlib/vl53l8cx_driver/Core/Src/vl53l8cx/vl53l8cx.c ****     ret = VL53L8CX_ERROR;
 1742              		.loc 1 537 9
 1743 0060 C745FCFF 		movl	$-1, -4(%rbp)
 1743      FFFFFF
 1744              	.L82:
 538:src/Flightlib/vl53l8cx_driver/Core/Src/vl53l8cx/vl53l8cx.c ****   }
 539:src/Flightlib/vl53l8cx_driver/Core/Src/vl53l8cx/vl53l8cx.c **** 
 540:src/Flightlib/vl53l8cx_driver/Core/Src/vl53l8cx/vl53l8cx.c ****   return ret;
 1745              		.loc 1 540 10
 1746 0067 8B45FC   		movl	-4(%rbp), %eax
 541:src/Flightlib/vl53l8cx_driver/Core/Src/vl53l8cx/vl53l8cx.c **** }
 1747              		.loc 1 541 1
 1748 006a C9       		leave
 1749              	.LCFI32:
 1750              		.cfi_def_cfa 7, 8
 1751 006b C3       		ret
 1752              		.cfi_endproc
 1753              	.LFE10:
 1755              		.section	.text.VL53L8CX_SetAddress,"ax",@progbits
 1756              		.globl	VL53L8CX_SetAddress
 1758              	VL53L8CX_SetAddress:
 1759              	.LFB11:
 542:src/Flightlib/vl53l8cx_driver/Core/Src/vl53l8cx/vl53l8cx.c **** 
 543:src/Flightlib/vl53l8cx_driver/Core/Src/vl53l8cx/vl53l8cx.c **** /**
 544:src/Flightlib/vl53l8cx_driver/Core/Src/vl53l8cx/vl53l8cx.c ****   * @brief Set The I2C address of the device.
 545:src/Flightlib/vl53l8cx_driver/Core/Src/vl53l8cx/vl53l8cx.c ****   * @param pObj    vl53l8cx context object.
 546:src/Flightlib/vl53l8cx_driver/Core/Src/vl53l8cx/vl53l8cx.c ****   * @param Address     New I2C address.
 547:src/Flightlib/vl53l8cx_driver/Core/Src/vl53l8cx/vl53l8cx.c ****   * @retval VL53L8CX status
 548:src/Flightlib/vl53l8cx_driver/Core/Src/vl53l8cx/vl53l8cx.c ****   */
 549:src/Flightlib/vl53l8cx_driver/Core/Src/vl53l8cx/vl53l8cx.c **** int32_t VL53L8CX_SetAddress(VL53L8CX_Object_t *pObj, uint32_t Address)
 550:src/Flightlib/vl53l8cx_driver/Core/Src/vl53l8cx/vl53l8cx.c **** {
 1760              		.loc 1 550 1
 1761              		.cfi_startproc
 1762 0000 F30F1EFA 		endbr64
 1763 0004 55       		pushq	%rbp
 1764              	.LCFI33:
 1765              		.cfi_def_cfa_offset 16
 1766              		.cfi_offset 6, -16
 1767 0005 4889E5   		movq	%rsp, %rbp
 1768              	.LCFI34:
 1769              		.cfi_def_cfa_register 6
 1770 0008 4883EC20 		subq	$32, %rsp
 1771 000c 48897DE8 		movq	%rdi, -24(%rbp)
 1772 0010 8975E4   		movl	%esi, -28(%rbp)
 551:src/Flightlib/vl53l8cx_driver/Core/Src/vl53l8cx/vl53l8cx.c ****   int32_t ret;
 552:src/Flightlib/vl53l8cx_driver/Core/Src/vl53l8cx/vl53l8cx.c **** 
 553:src/Flightlib/vl53l8cx_driver/Core/Src/vl53l8cx/vl53l8cx.c ****   if (pObj == NULL)
 1773              		.loc 1 553 6
 1774 0013 48837DE8 		cmpq	$0, -24(%rbp)
 1774      00
 1775 0018 7509     		jne	.L87
 554:src/Flightlib/vl53l8cx_driver/Core/Src/vl53l8cx/vl53l8cx.c ****   {
 555:src/Flightlib/vl53l8cx_driver/Core/Src/vl53l8cx/vl53l8cx.c ****     ret = VL53L8CX_INVALID_PARAM;
 1776              		.loc 1 555 9
 1777 001a C745FCFE 		movl	$-2, -4(%rbp)
 1777      FFFFFF
 1778 0021 EB3A     		jmp	.L88
 1779              	.L87:
 556:src/Flightlib/vl53l8cx_driver/Core/Src/vl53l8cx/vl53l8cx.c ****   }
 557:src/Flightlib/vl53l8cx_driver/Core/Src/vl53l8cx/vl53l8cx.c ****   else if (vl53l8cx_set_i2c_address(&pObj->Dev, (uint8_t)Address) != VL53L8CX_STATUS_OK)
 1780              		.loc 1 557 49
 1781 0023 8B45E4   		movl	-28(%rbp), %eax
 1782              		.loc 1 557 12
 1783 0026 0FB6C0   		movzbl	%al, %eax
 1784 0029 488B55E8 		movq	-24(%rbp), %rdx
 1785 002d 4883C230 		addq	$48, %rdx
 1786 0031 89C6     		movl	%eax, %esi
 1787 0033 4889D7   		movq	%rdx, %rdi
 1788 0036 E8000000 		call	vl53l8cx_set_i2c_address@PLT
 1788      00
 1789              		.loc 1 557 11 discriminator 1
 1790 003b 84C0     		testb	%al, %al
 1791 003d 7409     		je	.L89
 558:src/Flightlib/vl53l8cx_driver/Core/Src/vl53l8cx/vl53l8cx.c ****   {
 559:src/Flightlib/vl53l8cx_driver/Core/Src/vl53l8cx/vl53l8cx.c ****     ret = VL53L8CX_ERROR;
 1792              		.loc 1 559 9
 1793 003f C745FCFF 		movl	$-1, -4(%rbp)
 1793      FFFFFF
 1794 0046 EB15     		jmp	.L88
 1795              	.L89:
 560:src/Flightlib/vl53l8cx_driver/Core/Src/vl53l8cx/vl53l8cx.c ****   }
 561:src/Flightlib/vl53l8cx_driver/Core/Src/vl53l8cx/vl53l8cx.c ****   else
 562:src/Flightlib/vl53l8cx_driver/Core/Src/vl53l8cx/vl53l8cx.c ****   {
 563:src/Flightlib/vl53l8cx_driver/Core/Src/vl53l8cx/vl53l8cx.c ****     pObj->IO.Address = (uint8_t)(Address & 0xFFU);
 1796              		.loc 1 563 24
 1797 0048 8B45E4   		movl	-28(%rbp), %eax
 1798 004b 0FB6D0   		movzbl	%al, %edx
 1799              		.loc 1 563 22
 1800 004e 488B45E8 		movq	-24(%rbp), %rax
 1801 0052 66895010 		movw	%dx, 16(%rax)
 564:src/Flightlib/vl53l8cx_driver/Core/Src/vl53l8cx/vl53l8cx.c ****     ret = VL53L8CX_OK;
 1802              		.loc 1 564 9
 1803 0056 C745FC00 		movl	$0, -4(%rbp)
 1803      000000
 1804              	.L88:
 565:src/Flightlib/vl53l8cx_driver/Core/Src/vl53l8cx/vl53l8cx.c ****   }
 566:src/Flightlib/vl53l8cx_driver/Core/Src/vl53l8cx/vl53l8cx.c **** 
 567:src/Flightlib/vl53l8cx_driver/Core/Src/vl53l8cx/vl53l8cx.c ****   return ret;
 1805              		.loc 1 567 10
 1806 005d 8B45FC   		movl	-4(%rbp), %eax
 568:src/Flightlib/vl53l8cx_driver/Core/Src/vl53l8cx/vl53l8cx.c **** }
 1807              		.loc 1 568 1
 1808 0060 C9       		leave
 1809              	.LCFI35:
 1810              		.cfi_def_cfa 7, 8
 1811 0061 C3       		ret
 1812              		.cfi_endproc
 1813              	.LFE11:
 1815              		.section	.text.VL53L8CX_GetAddress,"ax",@progbits
 1816              		.globl	VL53L8CX_GetAddress
 1818              	VL53L8CX_GetAddress:
 1819              	.LFB12:
 569:src/Flightlib/vl53l8cx_driver/Core/Src/vl53l8cx/vl53l8cx.c **** 
 570:src/Flightlib/vl53l8cx_driver/Core/Src/vl53l8cx/vl53l8cx.c **** /**
 571:src/Flightlib/vl53l8cx_driver/Core/Src/vl53l8cx/vl53l8cx.c ****   * @brief Get The I2C address of the device.
 572:src/Flightlib/vl53l8cx_driver/Core/Src/vl53l8cx/vl53l8cx.c ****   * @param pObj    vl53l8cx context object.
 573:src/Flightlib/vl53l8cx_driver/Core/Src/vl53l8cx/vl53l8cx.c ****   * @param *pAddress     New I2C address.
 574:src/Flightlib/vl53l8cx_driver/Core/Src/vl53l8cx/vl53l8cx.c ****   * @retval VL53L8CX status
 575:src/Flightlib/vl53l8cx_driver/Core/Src/vl53l8cx/vl53l8cx.c ****   */
 576:src/Flightlib/vl53l8cx_driver/Core/Src/vl53l8cx/vl53l8cx.c **** int32_t VL53L8CX_GetAddress(VL53L8CX_Object_t *pObj, uint32_t *pAddress)
 577:src/Flightlib/vl53l8cx_driver/Core/Src/vl53l8cx/vl53l8cx.c **** {
 1820              		.loc 1 577 1
 1821              		.cfi_startproc
 1822 0000 F30F1EFA 		endbr64
 1823 0004 55       		pushq	%rbp
 1824              	.LCFI36:
 1825              		.cfi_def_cfa_offset 16
 1826              		.cfi_offset 6, -16
 1827 0005 4889E5   		movq	%rsp, %rbp
 1828              	.LCFI37:
 1829              		.cfi_def_cfa_register 6
 1830 0008 48897DE8 		movq	%rdi, -24(%rbp)
 1831 000c 488975E0 		movq	%rsi, -32(%rbp)
 578:src/Flightlib/vl53l8cx_driver/Core/Src/vl53l8cx/vl53l8cx.c ****   int32_t ret;
 579:src/Flightlib/vl53l8cx_driver/Core/Src/vl53l8cx/vl53l8cx.c **** 
 580:src/Flightlib/vl53l8cx_driver/Core/Src/vl53l8cx/vl53l8cx.c ****   if ((pObj == NULL) || (pAddress == NULL))
 1832              		.loc 1 580 6
 1833 0010 48837DE8 		cmpq	$0, -24(%rbp)
 1833      00
 1834 0015 7407     		je	.L92
 1835              		.loc 1 580 22 discriminator 1
 1836 0017 48837DE0 		cmpq	$0, -32(%rbp)
 1836      00
 1837 001c 7509     		jne	.L93
 1838              	.L92:
 581:src/Flightlib/vl53l8cx_driver/Core/Src/vl53l8cx/vl53l8cx.c ****   {
 582:src/Flightlib/vl53l8cx_driver/Core/Src/vl53l8cx/vl53l8cx.c ****     ret = VL53L8CX_INVALID_PARAM;
 1839              		.loc 1 582 9
 1840 001e C745FCFE 		movl	$-2, -4(%rbp)
 1840      FFFFFF
 1841 0025 EB18     		jmp	.L94
 1842              	.L93:
 583:src/Flightlib/vl53l8cx_driver/Core/Src/vl53l8cx/vl53l8cx.c ****   }
 584:src/Flightlib/vl53l8cx_driver/Core/Src/vl53l8cx/vl53l8cx.c ****   else
 585:src/Flightlib/vl53l8cx_driver/Core/Src/vl53l8cx/vl53l8cx.c ****   {
 586:src/Flightlib/vl53l8cx_driver/Core/Src/vl53l8cx/vl53l8cx.c ****     *pAddress = pObj->IO.Address;
 1843              		.loc 1 586 25
 1844 0027 488B45E8 		movq	-24(%rbp), %rax
 1845 002b 0FB74010 		movzwl	16(%rax), %eax
 1846 002f 0FB7D0   		movzwl	%ax, %edx
 1847              		.loc 1 586 15
 1848 0032 488B45E0 		movq	-32(%rbp), %rax
 1849 0036 8910     		movl	%edx, (%rax)
 587:src/Flightlib/vl53l8cx_driver/Core/Src/vl53l8cx/vl53l8cx.c ****     ret = VL53L8CX_OK;
 1850              		.loc 1 587 9
 1851 0038 C745FC00 		movl	$0, -4(%rbp)
 1851      000000
 1852              	.L94:
 588:src/Flightlib/vl53l8cx_driver/Core/Src/vl53l8cx/vl53l8cx.c ****   }
 589:src/Flightlib/vl53l8cx_driver/Core/Src/vl53l8cx/vl53l8cx.c **** 
 590:src/Flightlib/vl53l8cx_driver/Core/Src/vl53l8cx/vl53l8cx.c ****   return ret;
 1853              		.loc 1 590 10
 1854 003f 8B45FC   		movl	-4(%rbp), %eax
 591:src/Flightlib/vl53l8cx_driver/Core/Src/vl53l8cx/vl53l8cx.c **** }
 1855              		.loc 1 591 1
 1856 0042 5D       		popq	%rbp
 1857              	.LCFI38:
 1858              		.cfi_def_cfa 7, 8
 1859 0043 C3       		ret
 1860              		.cfi_endproc
 1861              	.LFE12:
 1863              		.section	.text.VL53L8CX_SetPowerMode,"ax",@progbits
 1864              		.globl	VL53L8CX_SetPowerMode
 1866              	VL53L8CX_SetPowerMode:
 1867              	.LFB13:
 592:src/Flightlib/vl53l8cx_driver/Core/Src/vl53l8cx/vl53l8cx.c **** 
 593:src/Flightlib/vl53l8cx_driver/Core/Src/vl53l8cx/vl53l8cx.c **** /**
 594:src/Flightlib/vl53l8cx_driver/Core/Src/vl53l8cx/vl53l8cx.c ****   * @brief Set the power mode.
 595:src/Flightlib/vl53l8cx_driver/Core/Src/vl53l8cx/vl53l8cx.c ****   * @param pObj    vl53l8cx context object.
 596:src/Flightlib/vl53l8cx_driver/Core/Src/vl53l8cx/vl53l8cx.c ****   * @param PowerMode    New power mode to be entered.
 597:src/Flightlib/vl53l8cx_driver/Core/Src/vl53l8cx/vl53l8cx.c ****   * @retval VL53L8CX status
 598:src/Flightlib/vl53l8cx_driver/Core/Src/vl53l8cx/vl53l8cx.c ****   */
 599:src/Flightlib/vl53l8cx_driver/Core/Src/vl53l8cx/vl53l8cx.c **** int32_t VL53L8CX_SetPowerMode(VL53L8CX_Object_t *pObj, uint32_t PowerMode)
 600:src/Flightlib/vl53l8cx_driver/Core/Src/vl53l8cx/vl53l8cx.c **** {
 1868              		.loc 1 600 1
 1869              		.cfi_startproc
 1870 0000 F30F1EFA 		endbr64
 1871 0004 55       		pushq	%rbp
 1872              	.LCFI39:
 1873              		.cfi_def_cfa_offset 16
 1874              		.cfi_offset 6, -16
 1875 0005 4889E5   		movq	%rsp, %rbp
 1876              	.LCFI40:
 1877              		.cfi_def_cfa_register 6
 1878 0008 4883EC20 		subq	$32, %rsp
 1879 000c 48897DE8 		movq	%rdi, -24(%rbp)
 1880 0010 8975E4   		movl	%esi, -28(%rbp)
 601:src/Flightlib/vl53l8cx_driver/Core/Src/vl53l8cx/vl53l8cx.c ****   int32_t ret;
 602:src/Flightlib/vl53l8cx_driver/Core/Src/vl53l8cx/vl53l8cx.c **** 
 603:src/Flightlib/vl53l8cx_driver/Core/Src/vl53l8cx/vl53l8cx.c ****   if (pObj == NULL)
 1881              		.loc 1 603 6
 1882 0013 48837DE8 		cmpq	$0, -24(%rbp)
 1882      00
 1883 0018 7509     		jne	.L97
 604:src/Flightlib/vl53l8cx_driver/Core/Src/vl53l8cx/vl53l8cx.c ****   {
 605:src/Flightlib/vl53l8cx_driver/Core/Src/vl53l8cx/vl53l8cx.c ****     ret = VL53L8CX_INVALID_PARAM;
 1884              		.loc 1 605 9
 1885 001a C745FCFE 		movl	$-2, -4(%rbp)
 1885      FFFFFF
 1886 0021 EB41     		jmp	.L98
 1887              	.L97:
 606:src/Flightlib/vl53l8cx_driver/Core/Src/vl53l8cx/vl53l8cx.c ****   }
 607:src/Flightlib/vl53l8cx_driver/Core/Src/vl53l8cx/vl53l8cx.c ****   else if ((PowerMode != VL53L8CX_POWER_MODE_SLEEP) &&
 1888              		.loc 1 607 11
 1889 0023 837DE400 		cmpl	$0, -28(%rbp)
 1890 0027 740F     		je	.L99
 1891              		.loc 1 607 53 discriminator 1
 1892 0029 837DE401 		cmpl	$1, -28(%rbp)
 1893 002d 7409     		je	.L99
 608:src/Flightlib/vl53l8cx_driver/Core/Src/vl53l8cx/vl53l8cx.c ****            (PowerMode != VL53L8CX_POWER_MODE_WAKEUP))
 609:src/Flightlib/vl53l8cx_driver/Core/Src/vl53l8cx/vl53l8cx.c ****   {
 610:src/Flightlib/vl53l8cx_driver/Core/Src/vl53l8cx/vl53l8cx.c ****     ret = VL53L8CX_INVALID_PARAM;
 1894              		.loc 1 610 9
 1895 002f C745FCFE 		movl	$-2, -4(%rbp)
 1895      FFFFFF
 1896 0036 EB2C     		jmp	.L98
 1897              	.L99:
 611:src/Flightlib/vl53l8cx_driver/Core/Src/vl53l8cx/vl53l8cx.c ****   }
 612:src/Flightlib/vl53l8cx_driver/Core/Src/vl53l8cx/vl53l8cx.c ****   else if (vl53l8cx_set_power_mode(&pObj->Dev, (uint8_t)PowerMode) != VL53L8CX_STATUS_OK)
 1898              		.loc 1 612 48
 1899 0038 8B45E4   		movl	-28(%rbp), %eax
 1900              		.loc 1 612 12
 1901 003b 0FB6C0   		movzbl	%al, %eax
 1902 003e 488B55E8 		movq	-24(%rbp), %rdx
 1903 0042 4883C230 		addq	$48, %rdx
 1904 0046 89C6     		movl	%eax, %esi
 1905 0048 4889D7   		movq	%rdx, %rdi
 1906 004b E8000000 		call	vl53l8cx_set_power_mode@PLT
 1906      00
 1907              		.loc 1 612 11 discriminator 1
 1908 0050 84C0     		testb	%al, %al
 1909 0052 7409     		je	.L100
 613:src/Flightlib/vl53l8cx_driver/Core/Src/vl53l8cx/vl53l8cx.c ****   {
 614:src/Flightlib/vl53l8cx_driver/Core/Src/vl53l8cx/vl53l8cx.c ****     ret = VL53L8CX_ERROR;
 1910              		.loc 1 614 9
 1911 0054 C745FCFF 		movl	$-1, -4(%rbp)
 1911      FFFFFF
 1912 005b EB07     		jmp	.L98
 1913              	.L100:
 615:src/Flightlib/vl53l8cx_driver/Core/Src/vl53l8cx/vl53l8cx.c ****   }
 616:src/Flightlib/vl53l8cx_driver/Core/Src/vl53l8cx/vl53l8cx.c ****   else
 617:src/Flightlib/vl53l8cx_driver/Core/Src/vl53l8cx/vl53l8cx.c ****   {
 618:src/Flightlib/vl53l8cx_driver/Core/Src/vl53l8cx/vl53l8cx.c ****     ret = VL53L8CX_OK;
 1914              		.loc 1 618 9
 1915 005d C745FC00 		movl	$0, -4(%rbp)
 1915      000000
 1916              	.L98:
 619:src/Flightlib/vl53l8cx_driver/Core/Src/vl53l8cx/vl53l8cx.c ****   }
 620:src/Flightlib/vl53l8cx_driver/Core/Src/vl53l8cx/vl53l8cx.c **** 
 621:src/Flightlib/vl53l8cx_driver/Core/Src/vl53l8cx/vl53l8cx.c ****   return ret;
 1917              		.loc 1 621 10
 1918 0064 8B45FC   		movl	-4(%rbp), %eax
 622:src/Flightlib/vl53l8cx_driver/Core/Src/vl53l8cx/vl53l8cx.c **** }
 1919              		.loc 1 622 1
 1920 0067 C9       		leave
 1921              	.LCFI41:
 1922              		.cfi_def_cfa 7, 8
 1923 0068 C3       		ret
 1924              		.cfi_endproc
 1925              	.LFE13:
 1927              		.section	.text.VL53L8CX_GetPowerMode,"ax",@progbits
 1928              		.globl	VL53L8CX_GetPowerMode
 1930              	VL53L8CX_GetPowerMode:
 1931              	.LFB14:
 623:src/Flightlib/vl53l8cx_driver/Core/Src/vl53l8cx/vl53l8cx.c **** 
 624:src/Flightlib/vl53l8cx_driver/Core/Src/vl53l8cx/vl53l8cx.c **** /**
 625:src/Flightlib/vl53l8cx_driver/Core/Src/vl53l8cx/vl53l8cx.c ****   * @brief Get the power mode.
 626:src/Flightlib/vl53l8cx_driver/Core/Src/vl53l8cx/vl53l8cx.c ****   * @param pObj    vl53l8cx context object.
 627:src/Flightlib/vl53l8cx_driver/Core/Src/vl53l8cx/vl53l8cx.c ****   * @param *pPowerMode    pointer to variable to be filled with power mode value.
 628:src/Flightlib/vl53l8cx_driver/Core/Src/vl53l8cx/vl53l8cx.c ****   * @retval VL53L8CX status
 629:src/Flightlib/vl53l8cx_driver/Core/Src/vl53l8cx/vl53l8cx.c ****   */
 630:src/Flightlib/vl53l8cx_driver/Core/Src/vl53l8cx/vl53l8cx.c **** int32_t VL53L8CX_GetPowerMode(VL53L8CX_Object_t *pObj, uint32_t *pPowerMode)
 631:src/Flightlib/vl53l8cx_driver/Core/Src/vl53l8cx/vl53l8cx.c **** {
 1932              		.loc 1 631 1
 1933              		.cfi_startproc
 1934 0000 F30F1EFA 		endbr64
 1935 0004 55       		pushq	%rbp
 1936              	.LCFI42:
 1937              		.cfi_def_cfa_offset 16
 1938              		.cfi_offset 6, -16
 1939 0005 4889E5   		movq	%rsp, %rbp
 1940              	.LCFI43:
 1941              		.cfi_def_cfa_register 6
 1942 0008 4883EC20 		subq	$32, %rsp
 1943 000c 48897DE8 		movq	%rdi, -24(%rbp)
 1944 0010 488975E0 		movq	%rsi, -32(%rbp)
 1945              		.loc 1 631 1
 1946 0014 64488B04 		movq	%fs:40, %rax
 1946      25280000 
 1946      00
 1947 001d 488945F8 		movq	%rax, -8(%rbp)
 1948 0021 31C0     		xorl	%eax, %eax
 632:src/Flightlib/vl53l8cx_driver/Core/Src/vl53l8cx/vl53l8cx.c ****   int32_t ret;
 633:src/Flightlib/vl53l8cx_driver/Core/Src/vl53l8cx/vl53l8cx.c ****   uint8_t powermode;
 634:src/Flightlib/vl53l8cx_driver/Core/Src/vl53l8cx/vl53l8cx.c **** 
 635:src/Flightlib/vl53l8cx_driver/Core/Src/vl53l8cx/vl53l8cx.c ****   if ((pObj == NULL) || (pPowerMode == NULL))
 1949              		.loc 1 635 6
 1950 0023 48837DE8 		cmpq	$0, -24(%rbp)
 1950      00
 1951 0028 7407     		je	.L103
 1952              		.loc 1 635 22 discriminator 1
 1953 002a 48837DE0 		cmpq	$0, -32(%rbp)
 1953      00
 1954 002f 7509     		jne	.L104
 1955              	.L103:
 636:src/Flightlib/vl53l8cx_driver/Core/Src/vl53l8cx/vl53l8cx.c ****   {
 637:src/Flightlib/vl53l8cx_driver/Core/Src/vl53l8cx/vl53l8cx.c ****     ret = VL53L8CX_INVALID_PARAM;
 1956              		.loc 1 637 9
 1957 0031 C745F4FE 		movl	$-2, -12(%rbp)
 1957      FFFFFF
 1958 0038 EB42     		jmp	.L105
 1959              	.L104:
 638:src/Flightlib/vl53l8cx_driver/Core/Src/vl53l8cx/vl53l8cx.c ****   }
 639:src/Flightlib/vl53l8cx_driver/Core/Src/vl53l8cx/vl53l8cx.c ****   else if (vl53l8cx_get_power_mode(&pObj->Dev, &powermode) != VL53L8CX_STATUS_OK)
 1960              		.loc 1 639 12
 1961 003a 488B45E8 		movq	-24(%rbp), %rax
 1962 003e 488D5030 		leaq	48(%rax), %rdx
 1963 0042 488D45F3 		leaq	-13(%rbp), %rax
 1964 0046 4889C6   		movq	%rax, %rsi
 1965 0049 4889D7   		movq	%rdx, %rdi
 1966 004c E8000000 		call	vl53l8cx_get_power_mode@PLT
 1966      00
 1967              		.loc 1 639 11 discriminator 1
 1968 0051 84C0     		testb	%al, %al
 1969 0053 7413     		je	.L106
 640:src/Flightlib/vl53l8cx_driver/Core/Src/vl53l8cx/vl53l8cx.c ****   {
 641:src/Flightlib/vl53l8cx_driver/Core/Src/vl53l8cx/vl53l8cx.c ****     *pPowerMode = 0;
 1970              		.loc 1 641 17
 1971 0055 488B45E0 		movq	-32(%rbp), %rax
 1972 0059 C7000000 		movl	$0, (%rax)
 1972      0000
 642:src/Flightlib/vl53l8cx_driver/Core/Src/vl53l8cx/vl53l8cx.c ****     ret = VL53L8CX_ERROR;
 1973              		.loc 1 642 9
 1974 005f C745F4FF 		movl	$-1, -12(%rbp)
 1974      FFFFFF
 1975 0066 EB14     		jmp	.L105
 1976              	.L106:
 643:src/Flightlib/vl53l8cx_driver/Core/Src/vl53l8cx/vl53l8cx.c ****   }
 644:src/Flightlib/vl53l8cx_driver/Core/Src/vl53l8cx/vl53l8cx.c ****   else
 645:src/Flightlib/vl53l8cx_driver/Core/Src/vl53l8cx/vl53l8cx.c ****   {
 646:src/Flightlib/vl53l8cx_driver/Core/Src/vl53l8cx/vl53l8cx.c ****     *pPowerMode = (uint32_t)powermode;
 1977              		.loc 1 646 19
 1978 0068 0FB645F3 		movzbl	-13(%rbp), %eax
 1979 006c 0FB6D0   		movzbl	%al, %edx
 1980              		.loc 1 646 17
 1981 006f 488B45E0 		movq	-32(%rbp), %rax
 1982 0073 8910     		movl	%edx, (%rax)
 647:src/Flightlib/vl53l8cx_driver/Core/Src/vl53l8cx/vl53l8cx.c ****     ret = VL53L8CX_OK;
 1983              		.loc 1 647 9
 1984 0075 C745F400 		movl	$0, -12(%rbp)
 1984      000000
 1985              	.L105:
 648:src/Flightlib/vl53l8cx_driver/Core/Src/vl53l8cx/vl53l8cx.c ****   }
 649:src/Flightlib/vl53l8cx_driver/Core/Src/vl53l8cx/vl53l8cx.c **** 
 650:src/Flightlib/vl53l8cx_driver/Core/Src/vl53l8cx/vl53l8cx.c ****   return ret;
 1986              		.loc 1 650 10
 1987 007c 8B45F4   		movl	-12(%rbp), %eax
 651:src/Flightlib/vl53l8cx_driver/Core/Src/vl53l8cx/vl53l8cx.c **** }
 1988              		.loc 1 651 1
 1989 007f 488B55F8 		movq	-8(%rbp), %rdx
 1990 0083 64482B14 		subq	%fs:40, %rdx
 1990      25280000 
 1990      00
 1991 008c 7405     		je	.L108
 1992 008e E8000000 		call	__stack_chk_fail@PLT
 1992      00
 1993              	.L108:
 1994 0093 C9       		leave
 1995              	.LCFI44:
 1996              		.cfi_def_cfa 7, 8
 1997 0094 C3       		ret
 1998              		.cfi_endproc
 1999              	.LFE14:
 2001              		.section	.text.VL53L8CX_XTalkCalibration,"ax",@progbits
 2002              		.globl	VL53L8CX_XTalkCalibration
 2004              	VL53L8CX_XTalkCalibration:
 2005              	.LFB15:
 652:src/Flightlib/vl53l8cx_driver/Core/Src/vl53l8cx/vl53l8cx.c **** 
 653:src/Flightlib/vl53l8cx_driver/Core/Src/vl53l8cx/vl53l8cx.c **** /**
 654:src/Flightlib/vl53l8cx_driver/Core/Src/vl53l8cx/vl53l8cx.c ****   * @brief Perform a xtalk calibration.
 655:src/Flightlib/vl53l8cx_driver/Core/Src/vl53l8cx/vl53l8cx.c ****   * @param pObj    vl53l8cx context object.
 656:src/Flightlib/vl53l8cx_driver/Core/Src/vl53l8cx/vl53l8cx.c ****   * @param Reflectance    Target reflectance in percent (range: 1 - 99 %).
 657:src/Flightlib/vl53l8cx_driver/Core/Src/vl53l8cx/vl53l8cx.c ****   * @param Distance    Target distance in mm (range 600 - 3000 mm).
 658:src/Flightlib/vl53l8cx_driver/Core/Src/vl53l8cx/vl53l8cx.c ****   * @note The recommended target reflectance value for Xtalk calibration is 3 %.
 659:src/Flightlib/vl53l8cx_driver/Core/Src/vl53l8cx/vl53l8cx.c ****   * @retval VL53L8CX status
 660:src/Flightlib/vl53l8cx_driver/Core/Src/vl53l8cx/vl53l8cx.c ****   */
 661:src/Flightlib/vl53l8cx_driver/Core/Src/vl53l8cx/vl53l8cx.c **** int32_t VL53L8CX_XTalkCalibration(VL53L8CX_Object_t *pObj, uint16_t Reflectance, uint16_t Distance)
 662:src/Flightlib/vl53l8cx_driver/Core/Src/vl53l8cx/vl53l8cx.c **** {
 2006              		.loc 1 662 1
 2007              		.cfi_startproc
 2008 0000 F30F1EFA 		endbr64
 2009 0004 55       		pushq	%rbp
 2010              	.LCFI45:
 2011              		.cfi_def_cfa_offset 16
 2012              		.cfi_offset 6, -16
 2013 0005 4889E5   		movq	%rsp, %rbp
 2014              	.LCFI46:
 2015              		.cfi_def_cfa_register 6
 2016 0008 4883EC20 		subq	$32, %rsp
 2017 000c 48897DE8 		movq	%rdi, -24(%rbp)
 2018 0010 89F1     		movl	%esi, %ecx
 2019 0012 89D0     		movl	%edx, %eax
 2020 0014 89CA     		movl	%ecx, %edx
 2021 0016 668955E4 		movw	%dx, -28(%rbp)
 2022 001a 668945E0 		movw	%ax, -32(%rbp)
 663:src/Flightlib/vl53l8cx_driver/Core/Src/vl53l8cx/vl53l8cx.c ****   int32_t ret;
 664:src/Flightlib/vl53l8cx_driver/Core/Src/vl53l8cx/vl53l8cx.c ****   uint8_t status;
 665:src/Flightlib/vl53l8cx_driver/Core/Src/vl53l8cx/vl53l8cx.c **** 
 666:src/Flightlib/vl53l8cx_driver/Core/Src/vl53l8cx/vl53l8cx.c ****   /* Number of data samples used for calibration.
 667:src/Flightlib/vl53l8cx_driver/Core/Src/vl53l8cx/vl53l8cx.c ****    * A higher number of samples means a higher accuracy,
 668:src/Flightlib/vl53l8cx_driver/Core/Src/vl53l8cx/vl53l8cx.c ****    * but it increases the calibration time (range 1 - 16). */
 669:src/Flightlib/vl53l8cx_driver/Core/Src/vl53l8cx/vl53l8cx.c ****   uint8_t nb_samples = 2;
 2023              		.loc 1 669 11
 2024 001e C645FA02 		movb	$2, -6(%rbp)
 670:src/Flightlib/vl53l8cx_driver/Core/Src/vl53l8cx/vl53l8cx.c **** 
 671:src/Flightlib/vl53l8cx_driver/Core/Src/vl53l8cx/vl53l8cx.c ****   status = vl53l8cx_calibrate_xtalk(
 2025              		.loc 1 671 12
 2026 0022 0FB74DE0 		movzwl	-32(%rbp), %ecx
 2027 0026 0FB655FA 		movzbl	-6(%rbp), %edx
 2028 002a 0FB745E4 		movzwl	-28(%rbp), %eax
 2029 002e 488B75E8 		movq	-24(%rbp), %rsi
 2030 0032 488D7E30 		leaq	48(%rsi), %rdi
 2031 0036 89C6     		movl	%eax, %esi
 2032 0038 E8000000 		call	vl53l8cx_calibrate_xtalk@PLT
 2032      00
 2033 003d 8845FB   		movb	%al, -5(%rbp)
 672:src/Flightlib/vl53l8cx_driver/Core/Src/vl53l8cx/vl53l8cx.c ****       &pObj->Dev,
 673:src/Flightlib/vl53l8cx_driver/Core/Src/vl53l8cx/vl53l8cx.c ****       Reflectance,
 674:src/Flightlib/vl53l8cx_driver/Core/Src/vl53l8cx/vl53l8cx.c ****       nb_samples,
 675:src/Flightlib/vl53l8cx_driver/Core/Src/vl53l8cx/vl53l8cx.c ****       Distance);
 676:src/Flightlib/vl53l8cx_driver/Core/Src/vl53l8cx/vl53l8cx.c **** 
 677:src/Flightlib/vl53l8cx_driver/Core/Src/vl53l8cx/vl53l8cx.c ****   ret = (status == VL53L8CX_STATUS_OK) ? VL53L8CX_OK : VL53L8CX_ERROR;
 2034              		.loc 1 677 54
 2035 0040 807DFB00 		cmpb	$0, -5(%rbp)
 2036 0044 7507     		jne	.L110
 2037              		.loc 1 677 54 is_stmt 0 discriminator 1
 2038 0046 B8000000 		movl	$0, %eax
 2038      00
 2039 004b EB05     		jmp	.L111
 2040              	.L110:
 2041              		.loc 1 677 54 discriminator 2
 2042 004d B8FFFFFF 		movl	$-1, %eax
 2042      FF
 2043              	.L111:
 2044              		.loc 1 677 7 is_stmt 1 discriminator 4
 2045 0052 8945FC   		movl	%eax, -4(%rbp)
 678:src/Flightlib/vl53l8cx_driver/Core/Src/vl53l8cx/vl53l8cx.c **** 
 679:src/Flightlib/vl53l8cx_driver/Core/Src/vl53l8cx/vl53l8cx.c ****   return ret;
 2046              		.loc 1 679 10
 2047 0055 8B45FC   		movl	-4(%rbp), %eax
 680:src/Flightlib/vl53l8cx_driver/Core/Src/vl53l8cx/vl53l8cx.c **** }
 2048              		.loc 1 680 1
 2049 0058 C9       		leave
 2050              	.LCFI47:
 2051              		.cfi_def_cfa 7, 8
 2052 0059 C3       		ret
 2053              		.cfi_endproc
 2054              	.LFE15:
 2056              		.section	.text.vl53l8cx_poll_for_measurement,"ax",@progbits
 2058              	vl53l8cx_poll_for_measurement:
 2059              	.LFB16:
 681:src/Flightlib/vl53l8cx_driver/Core/Src/vl53l8cx/vl53l8cx.c **** 
 682:src/Flightlib/vl53l8cx_driver/Core/Src/vl53l8cx/vl53l8cx.c **** /** @defgroup VL53L8CX_Private_Functions Private Functions
 683:src/Flightlib/vl53l8cx_driver/Core/Src/vl53l8cx/vl53l8cx.c ****   * @{
 684:src/Flightlib/vl53l8cx_driver/Core/Src/vl53l8cx/vl53l8cx.c ****   */
 685:src/Flightlib/vl53l8cx_driver/Core/Src/vl53l8cx/vl53l8cx.c **** static int32_t vl53l8cx_poll_for_measurement(VL53L8CX_Object_t *pObj, uint32_t Timeout)
 686:src/Flightlib/vl53l8cx_driver/Core/Src/vl53l8cx/vl53l8cx.c **** {
 2060              		.loc 1 686 1
 2061              		.cfi_startproc
 2062 0000 F30F1EFA 		endbr64
 2063 0004 55       		pushq	%rbp
 2064              	.LCFI48:
 2065              		.cfi_def_cfa_offset 16
 2066              		.cfi_offset 6, -16
 2067 0005 4889E5   		movq	%rsp, %rbp
 2068              	.LCFI49:
 2069              		.cfi_def_cfa_register 6
 2070 0008 4883EC30 		subq	$48, %rsp
 2071 000c 48897DD8 		movq	%rdi, -40(%rbp)
 2072 0010 8975D4   		movl	%esi, -44(%rbp)
 2073              		.loc 1 686 1
 2074 0013 64488B04 		movq	%fs:40, %rax
 2074      25280000 
 2074      00
 2075 001c 488945F8 		movq	%rax, -8(%rbp)
 2076 0020 31C0     		xorl	%eax, %eax
 687:src/Flightlib/vl53l8cx_driver/Core/Src/vl53l8cx/vl53l8cx.c ****   int32_t ret;
 688:src/Flightlib/vl53l8cx_driver/Core/Src/vl53l8cx/vl53l8cx.c ****   uint32_t TickStart;
 689:src/Flightlib/vl53l8cx_driver/Core/Src/vl53l8cx/vl53l8cx.c ****   uint8_t NewDataReady = 0;
 2077              		.loc 1 689 11
 2078 0022 C645EF00 		movb	$0, -17(%rbp)
 690:src/Flightlib/vl53l8cx_driver/Core/Src/vl53l8cx/vl53l8cx.c **** 
 691:src/Flightlib/vl53l8cx_driver/Core/Src/vl53l8cx/vl53l8cx.c ****   if (pObj == NULL)
 2079              		.loc 1 691 6
 2080 0026 48837DD8 		cmpq	$0, -40(%rbp)
 2080      00
 2081 002b 7509     		jne	.L114
 692:src/Flightlib/vl53l8cx_driver/Core/Src/vl53l8cx/vl53l8cx.c ****   {
 693:src/Flightlib/vl53l8cx_driver/Core/Src/vl53l8cx/vl53l8cx.c ****     ret = VL53L8CX_INVALID_PARAM;
 2082              		.loc 1 693 9
 2083 002d C745F0FE 		movl	$-2, -16(%rbp)
 2083      FFFFFF
 2084 0034 EB4E     		jmp	.L115
 2085              	.L114:
 694:src/Flightlib/vl53l8cx_driver/Core/Src/vl53l8cx/vl53l8cx.c ****   }
 695:src/Flightlib/vl53l8cx_driver/Core/Src/vl53l8cx/vl53l8cx.c ****   else
 696:src/Flightlib/vl53l8cx_driver/Core/Src/vl53l8cx/vl53l8cx.c ****   {
 697:src/Flightlib/vl53l8cx_driver/Core/Src/vl53l8cx/vl53l8cx.c ****     ret =  VL53L8CX_TIMEOUT;
 2086              		.loc 1 697 9
 2087 0036 C745F0FD 		movl	$-3, -16(%rbp)
 2087      FFFFFF
 698:src/Flightlib/vl53l8cx_driver/Core/Src/vl53l8cx/vl53l8cx.c ****     TickStart = pObj->IO.GetTick();
 2088              		.loc 1 698 25
 2089 003d 488B45D8 		movq	-40(%rbp), %rax
 2090 0041 488B4028 		movq	40(%rax), %rax
 2091              		.loc 1 698 17
 2092 0045 FFD0     		call	*%rax
 2093              	.LVL2:
 2094              		.loc 1 698 15 discriminator 1
 2095 0047 8945F4   		movl	%eax, -12(%rbp)
 2096              	.L117:
 699:src/Flightlib/vl53l8cx_driver/Core/Src/vl53l8cx/vl53l8cx.c **** 
 700:src/Flightlib/vl53l8cx_driver/Core/Src/vl53l8cx/vl53l8cx.c ****     do
 701:src/Flightlib/vl53l8cx_driver/Core/Src/vl53l8cx/vl53l8cx.c ****     {
 702:src/Flightlib/vl53l8cx_driver/Core/Src/vl53l8cx/vl53l8cx.c ****       (void)vl53l8cx_check_data_ready(&pObj->Dev, &NewDataReady);
 2097              		.loc 1 702 13
 2098 004a 488B45D8 		movq	-40(%rbp), %rax
 2099 004e 488D5030 		leaq	48(%rax), %rdx
 2100 0052 488D45EF 		leaq	-17(%rbp), %rax
 2101 0056 4889C6   		movq	%rax, %rsi
 2102 0059 4889D7   		movq	%rdx, %rdi
 2103 005c E8000000 		call	vl53l8cx_check_data_ready@PLT
 2103      00
 703:src/Flightlib/vl53l8cx_driver/Core/Src/vl53l8cx/vl53l8cx.c **** 
 704:src/Flightlib/vl53l8cx_driver/Core/Src/vl53l8cx/vl53l8cx.c ****       if (NewDataReady == 1U)
 2104              		.loc 1 704 24
 2105 0061 0FB645EF 		movzbl	-17(%rbp), %eax
 2106              		.loc 1 704 10
 2107 0065 3C01     		cmpb	$1, %al
 2108 0067 7509     		jne	.L116
 705:src/Flightlib/vl53l8cx_driver/Core/Src/vl53l8cx/vl53l8cx.c ****       {
 706:src/Flightlib/vl53l8cx_driver/Core/Src/vl53l8cx/vl53l8cx.c ****         ret = VL53L8CX_OK;
 2109              		.loc 1 706 13
 2110 0069 C745F000 		movl	$0, -16(%rbp)
 2110      000000
 707:src/Flightlib/vl53l8cx_driver/Core/Src/vl53l8cx/vl53l8cx.c ****         break;
 2111              		.loc 1 707 9
 2112 0070 EB12     		jmp	.L115
 2113              	.L116:
 708:src/Flightlib/vl53l8cx_driver/Core/Src/vl53l8cx/vl53l8cx.c ****       }
 709:src/Flightlib/vl53l8cx_driver/Core/Src/vl53l8cx/vl53l8cx.c ****     } while ((pObj->IO.GetTick() - TickStart) < Timeout);
 2114              		.loc 1 709 23
 2115 0072 488B45D8 		movq	-40(%rbp), %rax
 2116 0076 488B4028 		movq	40(%rax), %rax
 2117              		.loc 1 709 15
 2118 007a FFD0     		call	*%rax
 2119              	.LVL3:
 2120              		.loc 1 709 34 discriminator 1
 2121 007c 2B45F4   		subl	-12(%rbp), %eax
 2122              		.loc 1 709 47 discriminator 1
 2123 007f 3B45D4   		cmpl	-44(%rbp), %eax
 2124 0082 72C6     		jb	.L117
 2125              	.L115:
 710:src/Flightlib/vl53l8cx_driver/Core/Src/vl53l8cx/vl53l8cx.c **** 
 711:src/Flightlib/vl53l8cx_driver/Core/Src/vl53l8cx/vl53l8cx.c ****   }
 712:src/Flightlib/vl53l8cx_driver/Core/Src/vl53l8cx/vl53l8cx.c **** 
 713:src/Flightlib/vl53l8cx_driver/Core/Src/vl53l8cx/vl53l8cx.c ****   return ret;
 2126              		.loc 1 713 10
 2127 0084 8B45F0   		movl	-16(%rbp), %eax
 714:src/Flightlib/vl53l8cx_driver/Core/Src/vl53l8cx/vl53l8cx.c **** }
 2128              		.loc 1 714 1
 2129 0087 488B55F8 		movq	-8(%rbp), %rdx
 2130 008b 64482B14 		subq	%fs:40, %rdx
 2130      25280000 
 2130      00
 2131 0094 7405     		je	.L119
 2132 0096 E8000000 		call	__stack_chk_fail@PLT
 2132      00
 2133              	.L119:
 2134 009b C9       		leave
 2135              	.LCFI50:
 2136              		.cfi_def_cfa 7, 8
 2137 009c C3       		ret
 2138              		.cfi_endproc
 2139              	.LFE16:
 2141              		.section	.text.vl53l8cx_get_result,"ax",@progbits
 2143              	vl53l8cx_get_result:
 2144              	.LFB17:
 715:src/Flightlib/vl53l8cx_driver/Core/Src/vl53l8cx/vl53l8cx.c **** 
 716:src/Flightlib/vl53l8cx_driver/Core/Src/vl53l8cx/vl53l8cx.c **** static int32_t vl53l8cx_get_result(VL53L8CX_Object_t *pObj, VL53L8CX_Result_t *pResult)
 717:src/Flightlib/vl53l8cx_driver/Core/Src/vl53l8cx/vl53l8cx.c **** {
 2145              		.loc 1 717 1
 2146              		.cfi_startproc
 2147 0000 F30F1EFA 		endbr64
 2148 0004 55       		pushq	%rbp
 2149              	.LCFI51:
 2150              		.cfi_def_cfa_offset 16
 2151              		.cfi_offset 6, -16
 2152 0005 4889E5   		movq	%rsp, %rbp
 2153              	.LCFI52:
 2154              		.cfi_def_cfa_register 6
 2155 0008 4883EC20 		subq	$32, %rsp
 2156 000c 48897DE8 		movq	%rdi, -24(%rbp)
 2157 0010 488975E0 		movq	%rsi, -32(%rbp)
 2158              		.loc 1 717 1
 2159 0014 64488B04 		movq	%fs:40, %rax
 2159      25280000 
 2159      00
 2160 001d 488945F8 		movq	%rax, -8(%rbp)
 2161 0021 31C0     		xorl	%eax, %eax
 718:src/Flightlib/vl53l8cx_driver/Core/Src/vl53l8cx/vl53l8cx.c ****   int32_t ret;
 719:src/Flightlib/vl53l8cx_driver/Core/Src/vl53l8cx/vl53l8cx.c ****   uint8_t i, j;
 720:src/Flightlib/vl53l8cx_driver/Core/Src/vl53l8cx/vl53l8cx.c ****   uint8_t resolution;
 721:src/Flightlib/vl53l8cx_driver/Core/Src/vl53l8cx/vl53l8cx.c ****   uint8_t target_status;
 722:src/Flightlib/vl53l8cx_driver/Core/Src/vl53l8cx/vl53l8cx.c ****   static VL53L8CX_ResultsData data;
 723:src/Flightlib/vl53l8cx_driver/Core/Src/vl53l8cx/vl53l8cx.c **** 
 724:src/Flightlib/vl53l8cx_driver/Core/Src/vl53l8cx/vl53l8cx.c ****   if ((pObj == NULL) || (pResult == NULL))
 2162              		.loc 1 724 6
 2163 0023 48837DE8 		cmpq	$0, -24(%rbp)
 2163      00
 2164 0028 7407     		je	.L121
 2165              		.loc 1 724 22 discriminator 1
 2166 002a 48837DE0 		cmpq	$0, -32(%rbp)
 2166      00
 2167 002f 750C     		jne	.L122
 2168              	.L121:
 725:src/Flightlib/vl53l8cx_driver/Core/Src/vl53l8cx/vl53l8cx.c ****   {
 726:src/Flightlib/vl53l8cx_driver/Core/Src/vl53l8cx/vl53l8cx.c ****     ret = VL53L8CX_INVALID_PARAM;
 2169              		.loc 1 726 9
 2170 0031 C745F4FE 		movl	$-2, -12(%rbp)
 2170      FFFFFF
 2171 0038 E9CF0200 		jmp	.L123
 2171      00
 2172              	.L122:
 727:src/Flightlib/vl53l8cx_driver/Core/Src/vl53l8cx/vl53l8cx.c ****   }
 728:src/Flightlib/vl53l8cx_driver/Core/Src/vl53l8cx/vl53l8cx.c ****   else if (vl53l8cx_get_resolution(&pObj->Dev, &resolution) != VL53L8CX_STATUS_OK)
 2173              		.loc 1 728 12
 2174 003d 488B45E8 		movq	-24(%rbp), %rax
 2175 0041 488D5030 		leaq	48(%rax), %rdx
 2176 0045 488D45F0 		leaq	-16(%rbp), %rax
 2177 0049 4889C6   		movq	%rax, %rsi
 2178 004c 4889D7   		movq	%rdx, %rdi
 2179 004f E8000000 		call	vl53l8cx_get_resolution@PLT
 2179      00
 2180              		.loc 1 728 11 discriminator 1
 2181 0054 84C0     		testb	%al, %al
 2182 0056 740C     		je	.L124
 729:src/Flightlib/vl53l8cx_driver/Core/Src/vl53l8cx/vl53l8cx.c ****   {
 730:src/Flightlib/vl53l8cx_driver/Core/Src/vl53l8cx/vl53l8cx.c ****     ret = VL53L8CX_ERROR;
 2183              		.loc 1 730 9
 2184 0058 C745F4FF 		movl	$-1, -12(%rbp)
 2184      FFFFFF
 2185 005f E9A80200 		jmp	.L123
 2185      00
 2186              	.L124:
 731:src/Flightlib/vl53l8cx_driver/Core/Src/vl53l8cx/vl53l8cx.c ****   }
 732:src/Flightlib/vl53l8cx_driver/Core/Src/vl53l8cx/vl53l8cx.c ****   else if (vl53l8cx_get_ranging_data(&pObj->Dev, &data) != VL53L8CX_STATUS_OK)
 2187              		.loc 1 732 12
 2188 0064 488B45E8 		movq	-24(%rbp), %rax
 2189 0068 4883C030 		addq	$48, %rax
 2190 006c 488D1500 		leaq	data.0(%rip), %rdx
 2190      000000
 2191 0073 4889D6   		movq	%rdx, %rsi
 2192 0076 4889C7   		movq	%rax, %rdi
 2193 0079 E8000000 		call	vl53l8cx_get_ranging_data@PLT
 2193      00
 2194              		.loc 1 732 11 discriminator 1
 2195 007e 84C0     		testb	%al, %al
 2196 0080 740C     		je	.L125
 733:src/Flightlib/vl53l8cx_driver/Core/Src/vl53l8cx/vl53l8cx.c ****   {
 734:src/Flightlib/vl53l8cx_driver/Core/Src/vl53l8cx/vl53l8cx.c ****     ret = VL53L8CX_ERROR;
 2197              		.loc 1 734 9
 2198 0082 C745F4FF 		movl	$-1, -12(%rbp)
 2198      FFFFFF
 2199 0089 E97E0200 		jmp	.L123
 2199      00
 2200              	.L125:
 735:src/Flightlib/vl53l8cx_driver/Core/Src/vl53l8cx/vl53l8cx.c ****   }
 736:src/Flightlib/vl53l8cx_driver/Core/Src/vl53l8cx/vl53l8cx.c ****   else
 737:src/Flightlib/vl53l8cx_driver/Core/Src/vl53l8cx/vl53l8cx.c ****   {
 738:src/Flightlib/vl53l8cx_driver/Core/Src/vl53l8cx/vl53l8cx.c ****     pResult->NumberOfZones = resolution;
 2201              		.loc 1 738 28
 2202 008e 0FB645F0 		movzbl	-16(%rbp), %eax
 2203 0092 0FB6D0   		movzbl	%al, %edx
 2204 0095 488B45E0 		movq	-32(%rbp), %rax
 2205 0099 8910     		movl	%edx, (%rax)
 739:src/Flightlib/vl53l8cx_driver/Core/Src/vl53l8cx/vl53l8cx.c **** 
 740:src/Flightlib/vl53l8cx_driver/Core/Src/vl53l8cx/vl53l8cx.c ****     for (i = 0; i < resolution; i++)
 2206              		.loc 1 740 12
 2207 009b C645F100 		movb	$0, -15(%rbp)
 2208              		.loc 1 740 5
 2209 009f E9540200 		jmp	.L126
 2209      00
 2210              	.L137:
 741:src/Flightlib/vl53l8cx_driver/Core/Src/vl53l8cx/vl53l8cx.c ****     {
 742:src/Flightlib/vl53l8cx_driver/Core/Src/vl53l8cx/vl53l8cx.c ****       pResult->ZoneResult[i].NumberOfTargets = data.nb_target_detected[i];
 2211              		.loc 1 742 71
 2212 00a4 0FB645F1 		movzbl	-15(%rbp), %eax
 2213              		.loc 1 742 29
 2214 00a8 0FB655F1 		movzbl	-15(%rbp), %edx
 2215              		.loc 1 742 71
 2216 00ac 4898     		cltq
 2217 00ae 488D0D00 		leaq	260+data.0(%rip), %rcx
 2217      000000
 2218 00b5 0FB60C08 		movzbl	(%rax,%rcx), %ecx
 2219              		.loc 1 742 46
 2220 00b9 488B75E0 		movq	-32(%rbp), %rsi
 2221 00bd 4863D2   		movslq	%edx, %rdx
 2222 00c0 4889D0   		movq	%rdx, %rax
 2223 00c3 48C1E002 		salq	$2, %rax
 2224 00c7 4801D0   		addq	%rdx, %rax
 2225 00ca 48C1E002 		salq	$2, %rax
 2226 00ce 4801F0   		addq	%rsi, %rax
 2227 00d1 4883C004 		addq	$4, %rax
 2228 00d5 8808     		movb	%cl, (%rax)
 743:src/Flightlib/vl53l8cx_driver/Core/Src/vl53l8cx/vl53l8cx.c **** 
 744:src/Flightlib/vl53l8cx_driver/Core/Src/vl53l8cx/vl53l8cx.c ****       for (j = 0; j < data.nb_target_detected[i]; j++)
 2229              		.loc 1 744 14
 2230 00d7 C645F200 		movb	$0, -14(%rbp)
 2231              		.loc 1 744 7
 2232 00db E9F40100 		jmp	.L127
 2232      00
 2233              	.L136:
 745:src/Flightlib/vl53l8cx_driver/Core/Src/vl53l8cx/vl53l8cx.c ****       {
 746:src/Flightlib/vl53l8cx_driver/Core/Src/vl53l8cx/vl53l8cx.c ****         pResult->ZoneResult[i].Distance[j] = (uint32_t)data.distance_mm[(VL53L8CX_NB_TARGET_PER_ZON
 2234              		.loc 1 746 102
 2235 00e0 0FB655F1 		movzbl	-15(%rbp), %edx
 2236              		.loc 1 746 107
 2237 00e4 0FB645F2 		movzbl	-14(%rbp), %eax
 2238 00e8 01D0     		addl	%edx, %eax
 2239              		.loc 1 746 72
 2240 00ea 89C0     		movl	%eax, %eax
 2241 00ec 4805E001 		addq	$480, %rax
 2241      0000
 2242 00f2 488D1400 		leaq	(%rax,%rax), %rdx
 2243 00f6 488D0500 		leaq	4+data.0(%rip), %rax
 2243      000000
 2244 00fd 0FB70C02 		movzwl	(%rdx,%rax), %ecx
 2245              		.loc 1 746 40
 2246 0101 0FB645F1 		movzbl	-15(%rbp), %eax
 2247 0105 0FB655F2 		movzbl	-14(%rbp), %edx
 2248              		.loc 1 746 46
 2249 0109 0FBFF1   		movswl	%cx, %esi
 2250              		.loc 1 746 44
 2251 010c 488B4DE0 		movq	-32(%rbp), %rcx
 2252 0110 4863FA   		movslq	%edx, %rdi
 2253 0113 4863D0   		movslq	%eax, %rdx
 2254 0116 4889D0   		movq	%rdx, %rax
 2255 0119 48C1E002 		salq	$2, %rax
 2256 011d 4801D0   		addq	%rdx, %rax
 2257 0120 4801F8   		addq	%rdi, %rax
 2258 0123 89748108 		movl	%esi, 8(%rcx,%rax,4)
 747:src/Flightlib/vl53l8cx_driver/Core/Src/vl53l8cx/vl53l8cx.c **** 
 748:src/Flightlib/vl53l8cx_driver/Core/Src/vl53l8cx/vl53l8cx.c ****         /* return Ambient value if ambient rate output is enabled */
 749:src/Flightlib/vl53l8cx_driver/Core/Src/vl53l8cx/vl53l8cx.c ****         if (pObj->IsAmbientEnabled == 1U)
 2259              		.loc 1 749 17
 2260 0127 488B45E8 		movq	-24(%rbp), %rax
 2261 012b 0FB680FC 		movzbl	2812(%rax), %eax
 2261      0A0000
 2262              		.loc 1 749 12
 2263 0132 3C01     		cmpb	$1, %al
 2264 0134 756A     		jne	.L128
 750:src/Flightlib/vl53l8cx_driver/Core/Src/vl53l8cx/vl53l8cx.c ****         {
 751:src/Flightlib/vl53l8cx_driver/Core/Src/vl53l8cx/vl53l8cx.c ****           /* apply ambient value to all targets in a given zone */
 752:src/Flightlib/vl53l8cx_driver/Core/Src/vl53l8cx/vl53l8cx.c ****           pResult->ZoneResult[i].Ambient[j] = (float_t)data.ambient_per_spad[i];
 2265              		.loc 1 752 77
 2266 0136 0FB645F1 		movzbl	-15(%rbp), %eax
 2267 013a 4898     		cltq
 2268 013c 488D1485 		leaq	0(,%rax,4), %rdx
 2268      00000000 
 2269 0144 488D0500 		leaq	4+data.0(%rip), %rax
 2269      000000
 2270 014b 8B0402   		movl	(%rdx,%rax), %eax
 2271              		.loc 1 752 41
 2272 014e 0FB67DF1 		movzbl	-15(%rbp), %edi
 2273 0152 0FB675F2 		movzbl	-14(%rbp), %esi
 2274              		.loc 1 752 47
 2275 0156 89C0     		movl	%eax, %eax
 2276 0158 4885C0   		testq	%rax, %rax
 2277 015b 780B     		js	.L129
 2278 015d 660FEFC0 		pxor	%xmm0, %xmm0
 2279 0161 F3480F2A 		cvtsi2ssq	%rax, %xmm0
 2279      C0
 2280 0166 EB19     		jmp	.L130
 2281              	.L129:
 2282 0168 4889C2   		movq	%rax, %rdx
 2283 016b 48D1EA   		shrq	%rdx
 2284 016e 83E001   		andl	$1, %eax
 2285 0171 4809C2   		orq	%rax, %rdx
 2286 0174 660FEFC0 		pxor	%xmm0, %xmm0
 2287 0178 F3480F2A 		cvtsi2ssq	%rdx, %xmm0
 2287      C2
 2288 017d F30F58C0 		addss	%xmm0, %xmm0
 2289              	.L130:
 2290              		.loc 1 752 45
 2291 0181 488B4DE0 		movq	-32(%rbp), %rcx
 2292 0185 4863F6   		movslq	%esi, %rsi
 2293 0188 4863D7   		movslq	%edi, %rdx
 2294 018b 4889D0   		movq	%rdx, %rax
 2295 018e 48C1E002 		salq	$2, %rax
 2296 0192 4801D0   		addq	%rdx, %rax
 2297 0195 4801F0   		addq	%rsi, %rax
 2298 0198 F30F1144 		movss	%xmm0, 16(%rcx,%rax,4)
 2298      8110
 2299 019e EB29     		jmp	.L131
 2300              	.L128:
 753:src/Flightlib/vl53l8cx_driver/Core/Src/vl53l8cx/vl53l8cx.c ****         }
 754:src/Flightlib/vl53l8cx_driver/Core/Src/vl53l8cx/vl53l8cx.c ****         else
 755:src/Flightlib/vl53l8cx_driver/Core/Src/vl53l8cx/vl53l8cx.c ****         {
 756:src/Flightlib/vl53l8cx_driver/Core/Src/vl53l8cx/vl53l8cx.c ****           pResult->ZoneResult[i].Ambient[j] = 0.0f;
 2301              		.loc 1 756 41
 2302 01a0 0FB645F1 		movzbl	-15(%rbp), %eax
 2303 01a4 0FB655F2 		movzbl	-14(%rbp), %edx
 2304              		.loc 1 756 45
 2305 01a8 488B4DE0 		movq	-32(%rbp), %rcx
 2306 01ac 4863F2   		movslq	%edx, %rsi
 2307 01af 4863D0   		movslq	%eax, %rdx
 2308 01b2 4889D0   		movq	%rdx, %rax
 2309 01b5 48C1E002 		salq	$2, %rax
 2310 01b9 4801D0   		addq	%rdx, %rax
 2311 01bc 4801F0   		addq	%rsi, %rax
 2312 01bf 660FEFC0 		pxor	%xmm0, %xmm0
 2313 01c3 F30F1144 		movss	%xmm0, 16(%rcx,%rax,4)
 2313      8110
 2314              	.L131:
 757:src/Flightlib/vl53l8cx_driver/Core/Src/vl53l8cx/vl53l8cx.c ****         }
 758:src/Flightlib/vl53l8cx_driver/Core/Src/vl53l8cx/vl53l8cx.c **** 
 759:src/Flightlib/vl53l8cx_driver/Core/Src/vl53l8cx/vl53l8cx.c ****         /* return Signal value if signal rate output is enabled */
 760:src/Flightlib/vl53l8cx_driver/Core/Src/vl53l8cx/vl53l8cx.c ****         if (pObj->IsSignalEnabled == 1U)
 2315              		.loc 1 760 17
 2316 01c9 488B45E8 		movq	-24(%rbp), %rax
 2317 01cd 0FB680FD 		movzbl	2813(%rax), %eax
 2317      0A0000
 2318              		.loc 1 760 12
 2319 01d4 3C01     		cmpb	$1, %al
 2320 01d6 757A     		jne	.L132
 761:src/Flightlib/vl53l8cx_driver/Core/Src/vl53l8cx/vl53l8cx.c ****         {
 762:src/Flightlib/vl53l8cx_driver/Core/Src/vl53l8cx/vl53l8cx.c ****           pResult->ZoneResult[i].Signal[j] =
 763:src/Flightlib/vl53l8cx_driver/Core/Src/vl53l8cx/vl53l8cx.c ****             (float_t)data.signal_per_spad[(VL53L8CX_NB_TARGET_PER_ZONE * i) + j];
 2321              		.loc 1 763 72
 2322 01d8 0FB655F1 		movzbl	-15(%rbp), %edx
 2323              		.loc 1 763 77
 2324 01dc 0FB645F2 		movzbl	-14(%rbp), %eax
 2325 01e0 01D0     		addl	%edx, %eax
 2326              		.loc 1 763 42
 2327 01e2 89C0     		movl	%eax, %eax
 2328 01e4 48059000 		addq	$144, %rax
 2328      0000
 2329 01ea 488D1485 		leaq	0(,%rax,4), %rdx
 2329      00000000 
 2330 01f2 488D0500 		leaq	4+data.0(%rip), %rax
 2330      000000
 2331 01f9 8B0402   		movl	(%rdx,%rax), %eax
 762:src/Flightlib/vl53l8cx_driver/Core/Src/vl53l8cx/vl53l8cx.c ****             (float_t)data.signal_per_spad[(VL53L8CX_NB_TARGET_PER_ZONE * i) + j];
 2332              		.loc 1 762 40
 2333 01fc 0FB67DF1 		movzbl	-15(%rbp), %edi
 2334 0200 0FB675F2 		movzbl	-14(%rbp), %esi
 2335              		.loc 1 763 13
 2336 0204 89C0     		movl	%eax, %eax
 2337 0206 4885C0   		testq	%rax, %rax
 2338 0209 780B     		js	.L133
 2339 020b 660FEFC0 		pxor	%xmm0, %xmm0
 2340 020f F3480F2A 		cvtsi2ssq	%rax, %xmm0
 2340      C0
 2341 0214 EB19     		jmp	.L134
 2342              	.L133:
 2343 0216 4889C2   		movq	%rax, %rdx
 2344 0219 48D1EA   		shrq	%rdx
 2345 021c 83E001   		andl	$1, %eax
 2346 021f 4809C2   		orq	%rax, %rdx
 2347 0222 660FEFC0 		pxor	%xmm0, %xmm0
 2348 0226 F3480F2A 		cvtsi2ssq	%rdx, %xmm0
 2348      C2
 2349 022b F30F58C0 		addss	%xmm0, %xmm0
 2350              	.L134:
 762:src/Flightlib/vl53l8cx_driver/Core/Src/vl53l8cx/vl53l8cx.c ****             (float_t)data.signal_per_spad[(VL53L8CX_NB_TARGET_PER_ZONE * i) + j];
 2351              		.loc 1 762 44
 2352 022f 488B4DE0 		movq	-32(%rbp), %rcx
 2353 0233 4863F6   		movslq	%esi, %rsi
 2354 0236 4863D7   		movslq	%edi, %rdx
 2355 0239 4889D0   		movq	%rdx, %rax
 2356 023c 48C1E002 		salq	$2, %rax
 2357 0240 4801D0   		addq	%rdx, %rax
 2358 0243 4801F0   		addq	%rsi, %rax
 2359 0246 4883C004 		addq	$4, %rax
 2360 024a F30F1144 		movss	%xmm0, 4(%rcx,%rax,4)
 2360      8104
 2361 0250 EB2D     		jmp	.L135
 2362              	.L132:
 764:src/Flightlib/vl53l8cx_driver/Core/Src/vl53l8cx/vl53l8cx.c ****         }
 765:src/Flightlib/vl53l8cx_driver/Core/Src/vl53l8cx/vl53l8cx.c ****         else
 766:src/Flightlib/vl53l8cx_driver/Core/Src/vl53l8cx/vl53l8cx.c ****         {
 767:src/Flightlib/vl53l8cx_driver/Core/Src/vl53l8cx/vl53l8cx.c ****           pResult->ZoneResult[i].Signal[j] = 0.0f;
 2363              		.loc 1 767 40
 2364 0252 0FB645F1 		movzbl	-15(%rbp), %eax
 2365 0256 0FB655F2 		movzbl	-14(%rbp), %edx
 2366              		.loc 1 767 44
 2367 025a 488B4DE0 		movq	-32(%rbp), %rcx
 2368 025e 4863F2   		movslq	%edx, %rsi
 2369 0261 4863D0   		movslq	%eax, %rdx
 2370 0264 4889D0   		movq	%rdx, %rax
 2371 0267 48C1E002 		salq	$2, %rax
 2372 026b 4801D0   		addq	%rdx, %rax
 2373 026e 4801F0   		addq	%rsi, %rax
 2374 0271 4883C004 		addq	$4, %rax
 2375 0275 660FEFC0 		pxor	%xmm0, %xmm0
 2376 0279 F30F1144 		movss	%xmm0, 4(%rcx,%rax,4)
 2376      8104
 2377              	.L135:
 768:src/Flightlib/vl53l8cx_driver/Core/Src/vl53l8cx/vl53l8cx.c ****         }
 769:src/Flightlib/vl53l8cx_driver/Core/Src/vl53l8cx/vl53l8cx.c **** 
 770:src/Flightlib/vl53l8cx_driver/Core/Src/vl53l8cx/vl53l8cx.c ****         target_status = data.target_status[(VL53L8CX_NB_TARGET_PER_ZONE * i) + j];
 2378              		.loc 1 770 73
 2379 027f 0FB655F1 		movzbl	-15(%rbp), %edx
 2380              		.loc 1 770 78
 2381 0283 0FB645F2 		movzbl	-14(%rbp), %eax
 2382 0287 01D0     		addl	%edx, %eax
 2383              		.loc 1 770 23
 2384 0289 89C2     		movl	%eax, %edx
 2385 028b 488D0500 		leaq	1156+data.0(%rip), %rax
 2385      000000
 2386 0292 0FB60402 		movzbl	(%rdx,%rax), %eax
 2387 0296 8845F3   		movb	%al, -13(%rbp)
 771:src/Flightlib/vl53l8cx_driver/Core/Src/vl53l8cx/vl53l8cx.c ****         pResult->ZoneResult[i].Status[j] = vl53l8cx_map_target_status(target_status);
 2388              		.loc 1 771 44
 2389 0299 0FB645F3 		movzbl	-13(%rbp), %eax
 2390 029d 89C7     		movl	%eax, %edi
 2391 029f E8000000 		call	vl53l8cx_map_target_status
 2391      00
 2392              		.loc 1 771 38 discriminator 1
 2393 02a4 0FB655F1 		movzbl	-15(%rbp), %edx
 2394 02a8 0FB67DF2 		movzbl	-14(%rbp), %edi
 2395              		.loc 1 771 44 discriminator 1
 2396 02ac 0FB6F0   		movzbl	%al, %esi
 2397              		.loc 1 771 42 discriminator 1
 2398 02af 488B4DE0 		movq	-32(%rbp), %rcx
 2399 02b3 4863FF   		movslq	%edi, %rdi
 2400 02b6 4863D2   		movslq	%edx, %rdx
 2401 02b9 4889D0   		movq	%rdx, %rax
 2402 02bc 48C1E002 		salq	$2, %rax
 2403 02c0 4801D0   		addq	%rdx, %rax
 2404 02c3 4801F8   		addq	%rdi, %rax
 2405 02c6 8974810C 		movl	%esi, 12(%rcx,%rax,4)
 744:src/Flightlib/vl53l8cx_driver/Core/Src/vl53l8cx/vl53l8cx.c ****       {
 2406              		.loc 1 744 52 discriminator 2
 2407 02ca 0FB645F2 		movzbl	-14(%rbp), %eax
 2408 02ce 83C001   		addl	$1, %eax
 2409 02d1 8845F2   		movb	%al, -14(%rbp)
 2410              	.L127:
 744:src/Flightlib/vl53l8cx_driver/Core/Src/vl53l8cx/vl53l8cx.c ****       {
 2411              		.loc 1 744 46 discriminator 1
 2412 02d4 0FB645F1 		movzbl	-15(%rbp), %eax
 2413 02d8 4898     		cltq
 2414 02da 488D1500 		leaq	260+data.0(%rip), %rdx
 2414      000000
 2415 02e1 0FB60410 		movzbl	(%rax,%rdx), %eax
 744:src/Flightlib/vl53l8cx_driver/Core/Src/vl53l8cx/vl53l8cx.c ****       {
 2416              		.loc 1 744 21 discriminator 1
 2417 02e5 3845F2   		cmpb	%al, -14(%rbp)
 2418 02e8 0F82F2FD 		jb	.L136
 2418      FFFF
 740:src/Flightlib/vl53l8cx_driver/Core/Src/vl53l8cx/vl53l8cx.c ****     {
 2419              		.loc 1 740 34 discriminator 2
 2420 02ee 0FB645F1 		movzbl	-15(%rbp), %eax
 2421 02f2 83C001   		addl	$1, %eax
 2422 02f5 8845F1   		movb	%al, -15(%rbp)
 2423              	.L126:
 740:src/Flightlib/vl53l8cx_driver/Core/Src/vl53l8cx/vl53l8cx.c ****     {
 2424              		.loc 1 740 19 discriminator 1
 2425 02f8 0FB645F0 		movzbl	-16(%rbp), %eax
 2426 02fc 3845F1   		cmpb	%al, -15(%rbp)
 2427 02ff 0F829FFD 		jb	.L137
 2427      FFFF
 772:src/Flightlib/vl53l8cx_driver/Core/Src/vl53l8cx/vl53l8cx.c ****       }
 773:src/Flightlib/vl53l8cx_driver/Core/Src/vl53l8cx/vl53l8cx.c ****     }
 774:src/Flightlib/vl53l8cx_driver/Core/Src/vl53l8cx/vl53l8cx.c **** 
 775:src/Flightlib/vl53l8cx_driver/Core/Src/vl53l8cx/vl53l8cx.c ****     ret = VL53L8CX_OK;
 2428              		.loc 1 775 9
 2429 0305 C745F400 		movl	$0, -12(%rbp)
 2429      000000
 2430              	.L123:
 776:src/Flightlib/vl53l8cx_driver/Core/Src/vl53l8cx/vl53l8cx.c ****   }
 777:src/Flightlib/vl53l8cx_driver/Core/Src/vl53l8cx/vl53l8cx.c **** 
 778:src/Flightlib/vl53l8cx_driver/Core/Src/vl53l8cx/vl53l8cx.c ****   return ret;
 2431              		.loc 1 778 10
 2432 030c 8B45F4   		movl	-12(%rbp), %eax
 779:src/Flightlib/vl53l8cx_driver/Core/Src/vl53l8cx/vl53l8cx.c **** }
 2433              		.loc 1 779 1
 2434 030f 488B55F8 		movq	-8(%rbp), %rdx
 2435 0313 64482B14 		subq	%fs:40, %rdx
 2435      25280000 
 2435      00
 2436 031c 7405     		je	.L139
 2437 031e E8000000 		call	__stack_chk_fail@PLT
 2437      00
 2438              	.L139:
 2439 0323 C9       		leave
 2440              	.LCFI53:
 2441              		.cfi_def_cfa 7, 8
 2442 0324 C3       		ret
 2443              		.cfi_endproc
 2444              	.LFE17:
 2446              		.section	.text.vl53l8cx_map_target_status,"ax",@progbits
 2448              	vl53l8cx_map_target_status:
 2449              	.LFB18:
 780:src/Flightlib/vl53l8cx_driver/Core/Src/vl53l8cx/vl53l8cx.c **** 
 781:src/Flightlib/vl53l8cx_driver/Core/Src/vl53l8cx/vl53l8cx.c **** static uint8_t vl53l8cx_map_target_status(uint8_t status)
 782:src/Flightlib/vl53l8cx_driver/Core/Src/vl53l8cx/vl53l8cx.c **** {
 2450              		.loc 1 782 1
 2451              		.cfi_startproc
 2452 0000 F30F1EFA 		endbr64
 2453 0004 55       		pushq	%rbp
 2454              	.LCFI54:
 2455              		.cfi_def_cfa_offset 16
 2456              		.cfi_offset 6, -16
 2457 0005 4889E5   		movq	%rsp, %rbp
 2458              	.LCFI55:
 2459              		.cfi_def_cfa_register 6
 2460 0008 89F8     		movl	%edi, %eax
 2461 000a 8845EC   		movb	%al, -20(%rbp)
 783:src/Flightlib/vl53l8cx_driver/Core/Src/vl53l8cx/vl53l8cx.c ****   uint8_t ret;
 784:src/Flightlib/vl53l8cx_driver/Core/Src/vl53l8cx/vl53l8cx.c **** 
 785:src/Flightlib/vl53l8cx_driver/Core/Src/vl53l8cx/vl53l8cx.c ****   if ((status == 5U) || (status == 9U))
 2462              		.loc 1 785 6
 2463 000d 807DEC05 		cmpb	$5, -20(%rbp)
 2464 0011 7406     		je	.L141
 2465              		.loc 1 785 22 discriminator 1
 2466 0013 807DEC09 		cmpb	$9, -20(%rbp)
 2467 0017 7506     		jne	.L142
 2468              	.L141:
 786:src/Flightlib/vl53l8cx_driver/Core/Src/vl53l8cx/vl53l8cx.c ****   {
 787:src/Flightlib/vl53l8cx_driver/Core/Src/vl53l8cx/vl53l8cx.c ****     ret = 0U; /* ranging is OK */
 2469              		.loc 1 787 9
 2470 0019 C645FF00 		movb	$0, -1(%rbp)
 2471 001d EB13     		jmp	.L143
 2472              	.L142:
 788:src/Flightlib/vl53l8cx_driver/Core/Src/vl53l8cx/vl53l8cx.c ****   }
 789:src/Flightlib/vl53l8cx_driver/Core/Src/vl53l8cx/vl53l8cx.c ****   else if (status == 0U)
 2473              		.loc 1 789 11
 2474 001f 807DEC00 		cmpb	$0, -20(%rbp)
 2475 0023 7506     		jne	.L144
 790:src/Flightlib/vl53l8cx_driver/Core/Src/vl53l8cx/vl53l8cx.c ****   {
 791:src/Flightlib/vl53l8cx_driver/Core/Src/vl53l8cx/vl53l8cx.c ****     ret = 255U; /* no update */
 2476              		.loc 1 791 9
 2477 0025 C645FFFF 		movb	$-1, -1(%rbp)
 2478 0029 EB07     		jmp	.L143
 2479              	.L144:
 792:src/Flightlib/vl53l8cx_driver/Core/Src/vl53l8cx/vl53l8cx.c ****   }
 793:src/Flightlib/vl53l8cx_driver/Core/Src/vl53l8cx/vl53l8cx.c ****   else
 794:src/Flightlib/vl53l8cx_driver/Core/Src/vl53l8cx/vl53l8cx.c ****   {
 795:src/Flightlib/vl53l8cx_driver/Core/Src/vl53l8cx/vl53l8cx.c ****     ret = status; /* return device status otherwise */
 2480              		.loc 1 795 9
 2481 002b 0FB645EC 		movzbl	-20(%rbp), %eax
 2482 002f 8845FF   		movb	%al, -1(%rbp)
 2483              	.L143:
 796:src/Flightlib/vl53l8cx_driver/Core/Src/vl53l8cx/vl53l8cx.c ****   }
 797:src/Flightlib/vl53l8cx_driver/Core/Src/vl53l8cx/vl53l8cx.c **** 
 798:src/Flightlib/vl53l8cx_driver/Core/Src/vl53l8cx/vl53l8cx.c ****   return ret;
 2484              		.loc 1 798 10
 2485 0032 0FB645FF 		movzbl	-1(%rbp), %eax
 799:src/Flightlib/vl53l8cx_driver/Core/Src/vl53l8cx/vl53l8cx.c **** }
 2486              		.loc 1 799 1
 2487 0036 5D       		popq	%rbp
 2488              	.LCFI56:
 2489              		.cfi_def_cfa 7, 8
 2490 0037 C3       		ret
 2491              		.cfi_endproc
 2492              	.LFE18:
 2494              		.section	.bss.thresholds.1,"aw",@nobits
 2495              		.align 32
 2498              	thresholds.1:
 2499 0000 00000000 		.zero	768
 2499      00000000 
 2499      00000000 
 2499      00000000 
 2499      00000000 
 2500              		.section	.bss.data.0,"aw",@nobits
 2501              		.align 32
 2504              	data.0:
 2505 0000 00000000 		.zero	1360
 2505      00000000 
 2505      00000000 
 2505      00000000 
 2505      00000000 
 2506              		.text
 2507              	.Letext0:
 2508              		.file 2 "/usr/include/x86_64-linux-gnu/bits/types.h"
 2509              		.file 3 "/usr/include/math.h"
 2510              		.file 4 "/usr/include/x86_64-linux-gnu/bits/stdint-intn.h"
 2511              		.file 5 "/usr/include/x86_64-linux-gnu/bits/stdint-uintn.h"
 2512              		.file 6 "src/Flightlib/vl53l8cx_driver/Core/Inc/vl53l8cx/vl53l8cx_platform.h"
 2513              		.file 7 "src/Flightlib/vl53l8cx_driver/Core/Inc/vl53l8cx/vl53l8cx_api.h"
 2514              		.file 8 "src/Flightlib/vl53l8cx_driver/Core/Inc/vl53l8cx/vl53l8cx_plugin_xtalk.h"
 2515              		.file 9 "src/Flightlib/vl53l8cx_driver/Core/Inc/vl53l8cx/vl53l8cx_plugin_detection_thresholds.h"
 2516              		.file 10 "src/Flightlib/vl53l8cx_driver/Core/Inc/vl53l8cx/vl53l8cx.h"
 6724              		.section	.note.gnu.property,"a"
 6725              		.align 8
 6726 0000 04000000 		.long	1f - 0f
 6727 0004 10000000 		.long	4f - 1f
 6728 0008 05000000 		.long	5
 6729              	0:
 6730 000c 474E5500 		.string	"GNU"
 6731              	1:
 6732              		.align 8
 6733 0010 020000C0 		.long	0xc0000002
 6734 0014 04000000 		.long	3f - 2f
 6735              	2:
 6736 0018 03000000 		.long	0x3
 6737              	3:
 6738 001c 00000000 		.align 8
 6739              	4:
DEFINED SYMBOLS
                            *ABS*:0000000000000000 vl53l8cx.c
     /tmp/ccvnrqxy.s:9      .rodata.VL53L8CX_GET_XTALK_CMD:0000000000000000 VL53L8CX_GET_XTALK_CMD
     /tmp/ccvnrqxy.s:33     .rodata.VL53L8CX_CALIBRATE_XTALK:0000000000000000 VL53L8CX_CALIBRATE_XTALK
     /tmp/ccvnrqxy.s:607    .data.rel.local.VL53L8CX_RANGING_SENSOR_Driver:0000000000000000 VL53L8CX_RANGING_SENSOR_Driver
     /tmp/ccvnrqxy.s:725    .text.VL53L8CX_Init:0000000000000000 VL53L8CX_Init
     /tmp/ccvnrqxy.s:802    .text.VL53L8CX_DeInit:0000000000000000 VL53L8CX_DeInit
     /tmp/ccvnrqxy.s:865    .text.VL53L8CX_ReadID:0000000000000000 VL53L8CX_ReadID
     /tmp/ccvnrqxy.s:995    .text.VL53L8CX_GetCapabilities:0000000000000000 VL53L8CX_GetCapabilities
     /tmp/ccvnrqxy.s:1048   .text.VL53L8CX_ConfigProfile:0000000000000000 VL53L8CX_ConfigProfile
     /tmp/ccvnrqxy.s:1241   .text.VL53L8CX_ConfigROI:0000000000000000 VL53L8CX_ConfigROI
     /tmp/ccvnrqxy.s:1268   .text.VL53L8CX_ConfigIT:0000000000000000 VL53L8CX_ConfigIT
     /tmp/ccvnrqxy.s:1501   .text.VL53L8CX_GetDistance:0000000000000000 VL53L8CX_GetDistance
     /tmp/ccvnrqxy.s:1586   .text.VL53L8CX_Start:0000000000000000 VL53L8CX_Start
     /tmp/ccvnrqxy.s:1696   .text.VL53L8CX_Stop:0000000000000000 VL53L8CX_Stop
     /tmp/ccvnrqxy.s:1758   .text.VL53L8CX_SetAddress:0000000000000000 VL53L8CX_SetAddress
     /tmp/ccvnrqxy.s:1818   .text.VL53L8CX_GetAddress:0000000000000000 VL53L8CX_GetAddress
     /tmp/ccvnrqxy.s:1866   .text.VL53L8CX_SetPowerMode:0000000000000000 VL53L8CX_SetPowerMode
     /tmp/ccvnrqxy.s:1930   .text.VL53L8CX_GetPowerMode:0000000000000000 VL53L8CX_GetPowerMode
     /tmp/ccvnrqxy.s:625    .text.VL53L8CX_RegisterBusIO:0000000000000000 VL53L8CX_RegisterBusIO
     /tmp/ccvnrqxy.s:2498   .bss.thresholds.1:0000000000000000 thresholds.1
     /tmp/ccvnrqxy.s:2058   .text.vl53l8cx_poll_for_measurement:0000000000000000 vl53l8cx_poll_for_measurement
     /tmp/ccvnrqxy.s:2143   .text.vl53l8cx_get_result:0000000000000000 vl53l8cx_get_result
     /tmp/ccvnrqxy.s:2004   .text.VL53L8CX_XTalkCalibration:0000000000000000 VL53L8CX_XTalkCalibration
     /tmp/ccvnrqxy.s:2504   .bss.data.0:0000000000000000 data.0
     /tmp/ccvnrqxy.s:2448   .text.vl53l8cx_map_target_status:0000000000000000 vl53l8cx_map_target_status

UNDEFINED SYMBOLS
vl53l8cx_init
VL53L8CX_WrByte
VL53L8CX_RdByte
__stack_chk_fail
vl53l8cx_set_resolution
vl53l8cx_set_ranging_mode
vl53l8cx_set_integration_time_ms
vl53l8cx_set_ranging_frequency_hz
vl53l8cx_set_detection_thresholds_enable
vl53l8cx_get_resolution
vl53l8cx_set_detection_thresholds
vl53l8cx_start_ranging
vl53l8cx_stop_ranging
vl53l8cx_set_i2c_address
vl53l8cx_set_power_mode
vl53l8cx_get_power_mode
vl53l8cx_calibrate_xtalk
vl53l8cx_check_data_ready
vl53l8cx_get_ranging_data
