   1              		.file	"vl53l8cx_api.c"
   2              		.text
   3              	.Ltext0:
   4              		.file 1 "src/Flightlib/vl53l8cx_driver/Core/Src/vl53l8cx/vl53l8cx_api.c"
   5              		.globl	VL53L8CX_FIRMWARE
   6              		.section	.rodata.VL53L8CX_FIRMWARE,"a"
   7              		.align 32
  10              	VL53L8CX_FIRMWARE:
  11 0000 E000     		.string	"\340"
  12 0002 0308E000 		.string	"\003\b\340"
  13 0006 0AC8E000 		.string	"\n\310\340"
  14 000a 0508E064 		.string	"\005\b\340d\bH\340"
  14      0848E000 
  15 0012 0A88E000 		.string	"\n\210\340"
  16 0016 0A88E000 		.string	"\n\210\340"
  17 001a 0A88E000 		.string	"\n\210\340"
  18 001e 0A88E064 		.string	"\n\210\340d.(\340d1\350\340d5H\340d;\210\340h\004h\340h\027h\340h\033H\340h\036\310\340h%
  18      2E28E064 
  18      31E8E064 
  18      3548E064 
  18      3B88E068 
  19 004a 09E8E000 		.string	"\t\350\340"
  20 004e 09C8E000 		.string	"\t\310\340"
  21 0052 09A8E000 		.string	"\t\250\340"
  22 0056 0988E000 		.string	"\t\210\340"
  23 005a 0968E000 		.string	"\th\340"
  24 005e 0948F802 		.string	"\tH\370\002"
  24      00
  25 0063 06C1C381 		.string	"\006\301\303\201\001\036\006\241\013\032\006\201"
  25      011E06A1 
  25      0B1A0681 
  25      00
  26 0070 9923E100 		.string	"\231#\341"
  27 0074 97B397E3 		.string	"\227\263\227\343\006,\227s\0064\342\300\006,\374\200\301\203\343@\342\300\006\034\374\230
  27      062C9773 
  27      0634E2C0 
  27      062CFC80 
  27      C183E340 
  28 00a0 C1C38105 		.string	"\301\303\201\005\341"
  28      E100
  29 00a6 00       		.string	""
  30 00a7 0CFA045E 		.string	"\f\372\004^e\354\020\f\360\364\034^`\274n\210a\377\204\007\374\232\024\330\004\3440\004`\
  30      65EC100C 
  30      F0F41C5E 
  30      60BC6E88 
  30      61FF8407 
  31 0153 0CE08000 		.string	"\f\340\200"
  32 0157 0CE08000 		.string	"\f\340\200"
  33 015b 0CE08000 		.string	"\f\340\200"
  34 015f 0CE08000 		.string	"\f\340\200"
  35 0163 0CE08000 		.string	"\f\340\200"
  36 0167 0CE08000 		.string	"\f\340\200"
  37 016b 0CE08000 		.string	"\f\340\200"
  38 016f 0CE08000 		.string	"\f\340\200"
  39 0173 0CE08000 		.string	"\f\340\200"
  40 0177 0CE08000 		.string	"\f\340\200"
  41 017b 0CE08000 		.string	"\f\340\200"
  42 017f 0CC1C3C1 		.string	"\f\301\303\301C\301\303\301S\372\374\004\f`"
  42      43C1C3C1 
  42      53FAFC04 
  42      0C6000
  43 018e 06DA0A20 		.string	"\006\332\n \241\013\0300d"
  43      A10B1830 
  43      6400
  44 0198 0E24E400 		.string	"\016$\344"
  45 019c 020A3780 		.string	"\002\n7\200\f\006\200"
  45      0C068000 
  46 01a4 08342000 		.string	"\b4 "
  47 01a8 0A70B780 		.string	"\np\267\200XB\244\004\201a2\230!+\252E\006\n\214\273\f\020"
  47      5842A404 
  47      81613298 
  47      212BAA45 
  47      060A8CBB 
  48 01bf 00       		.string	""
  49 01c0 0400     		.string	"\004"
  50 01c2 E400     		.string	"\344"
  51 01c4 181A6400 		.string	"\030\032d"
  52 01c8 A825E000 		.string	"\250%\340"
  53 01cc 0804A11D 		.string	"\b\004\241\035\016\024W\200\020\006\327\200\004@@"
  53      0E145780 
  53      1006D780 
  53      04404000 
  54 01dc 0854C404 		.string	"\bT\304\004Lrv\200\020\304\322\240\024@v\200\016d\244\200\022$\366\200\241kv\200<\001T\20
  54      4C727680 
  54      10C4D2A0 
  54      14407680 
  54      0E64A480 
  55 0200 04800890 		.string	"\004\200\b\220\334"
  55      DC00
  56 0206 4870849B 		.string	"Hp\204\233(\243\354\004\016\240\236\345\240}\226K!{\016\212\206E\016\232\345"
  56      28A3EC04 
  56      0EA09EE5 
  56      A07D964B 
  56      217B0E8A 
  57 0220 00       		.string	""
  58 0221 06448016 		.string	"\006D\200\026\240\200"
  58      A08000
  59 0228 08542C84 		.string	"\bT,\204\300"
  59      C000
  60 022e 289C2001 		.string	"(\234 \001\016J"
  60      0E4A00
  61 0235 544000   		.string	"T@"
  62 0238 00       		.string	""
  63 0239 C4A8ACC0 		.string	"\304\250\254\300"
  63      00
  64 023e 289D0F9C 		.string	"(\235\017\234\024T@\002\210[\200\313\231\250a\204"
  64      14544002 
  64      885B80CB 
  64      99A86184 
  64      00
  65 024f 84E18408 		.string	"\204\341\204\b\224\022\204\001\3132O\340\374\344\004\034pK\n\001\241X\332\204\020\224\273
  65      94128401 
  65      CB324FE0 
  65      FCE4041C 
  65      704B0A01 
  66 026c 6D84401A 		.string	"m\204@\032\034p\306\037"
  66      1C70C61F 
  66      00
  67 0275 C424080E 		.string	"\304$\b\016T\240\204\bT!\374@\002\240\204\241\3539\234<"
  67      54A08408 
  67      5421FC40 
  67      02A084A1 
  67      EB399C3C 
  68 028a 5800     		.string	"X"
  69 028c BC00     		.string	"\274"
  70 028e 4A401D5A 		.string	"J@\035Z\b\305\016\340\340\004\r\313\354\004\341\374"
  70      08C50EE0 
  70      E0040DCB 
  70      EC04E1FC 
  70      00
  71 029f A44B0A42 		.string	"\244K\nB\267X\372\204\b\b\304d\030\020\244\340\374@\n`\204 \277\355\214"
  71      B758FA84 
  71      0808C464 
  71      1810A4E0 
  71      FC400A60 
  72 02b9 5490AB14 		.string	"T\220\253\024\204a\204(\017\234\200\221\224H\"\023\260JbLP\303\307\200[\034"
  72      84618428 
  72      0F9C8091 
  72      94482213 
  72      B04A624C 
  73 02d4 27F04ED8 		.string	"'\360N\330\234"
  73      9C00
  74 02da 4440960B 		.string	"D@\226\013!\035W\200\004\244\327\200\002\264@"
  74      211D5780 
  74      04A4D780 
  74      02B44000 
  75 02ea 0606C404 		.string	"\006\006\304\004\004 R\214B\022@\020\224kL \\"
  75      0420528C 
  75      42124010 
  75      946B4C20 
  75      5C00
  76 02fc 801BDC00 		.string	"\200\033\334"
  77 0300 0C0C8C0B 		.string	"\f\f\214\013\335\223\362\374\214\033\177\305\200k\177\245\226{s\345\372<\004\f\201\301!\0
  77      DD93F2FC 
  77      8C1B7FC5 
  77      806B7FA5 
  77      967B73E5 
  78 031d 00       		.string	""
  79 031e 020AA085 		.string	"\002\n\240\205\230kv\200\n\024\b$\241+\006\nv\200\f\004\200"
  79      986B7680 
  79      0A140824 
  79      A12B060A 
  79      76800C04 
  80 0334 988B7680 		.string	"\230\213v\200\006\032\036\305\0304\340"
  80      061A1EC5 
  80      1834E000 
  81 0340 A11B7680 		.string	"\241\033v\200\244\200\016@<\001N\300\b`\300"
  81      A4800E40 
  81      3C014EC0 
  81      0860C000 
  82 0350 48500480 		.string	"HP\004\200\250s\334"
  82      A873DC00 
  83 0358 EC040A70 		.string	"\354\004\np\232\305\240]\220\313![\n\212\206E\n\232\345"
  83      9AC5A05D 
  83      90CB215B 
  83      0A8A8645 
  83      0A9AE500 
  84 036c 08064480 		.string	"\b\006D\200\020p\200"
  84      10708000 
  85 0374 0A4A2C84 		.string	"\nJ,\204\300"
  85      C000
  86 037a 2000     		.string	" "
  87 037c 28950834 		.string	"(\225\b4\f$@"
  87      0C244000 
  88 0384 08248F94 		.string	"\b$\217\224\030$(\240\300"
  88      182428A0 
  88      C000
  89 038e 28941998 		.string	"(\224\031\230HB\210;\230+a\204\b\024\340\374\f\024a\204\030\004,\317\211;\344\020F\332\00
  89      4842883B 
  89      982B6184 
  89      0814E0FC 
  89      0C146184 
  90 03d2 4640BC00 		.string	"F@\274"
  91 03d6 4450135A 		.string	"DP\023Z\030k\210\305\340\004\354\004\016\220F\372\003;E\n\344\004\n$\004"
  91      186B88C5 
  91      E004EC04 
  91      0E9046FA 
  91      033B450A 
  92 03f0 1034E184 		.string	"\0204\341\204\302g`\374`\204\034\304\355\214@\na\204\b4\020\304\260_\234\313a\374P\0020oD
  92      C26760FC 
  92      60841CC4 
  92      ED8C400A 
  92      61840834 
  93 041a 42204080 		.string	"B @\200\212+\030\344\034"
  93      8A2B18E4 
  93      1C00
  94 0424 4FD89C80 		.string	"O\330\234\200\030\013\247\354\f\f\214\033\335\223\362<\202k"
  94      180BA7EC 
  94      0C0C8C1B 
  94      DD93F23C 
  94      826B00
  95 0437 CB75F5FF 		.string	"\313u\365\377\225\301\303\220[\372\374\004\f\200\213!\013"
  95      95C1C390 
  95      5BFAFC04 
  95      0C808B21 
  95      0B00
  96 0449 00       		.string	""
  97 044a 020A046B 		.string	"\002\n\004k\202\233\200\345\206{\006\n\241+@\n\200"
  97      829B80E5 
  97      867B060A 
  97      A12B400A 
  97      8000
  98 045c 80E5E59C 		.string	"\200\345\345\234\204\033\201!\f\f\204\013\335\223\362\374h"
  98      841B8121 
  98      0C0C840B 
  98      DD93F2FC 
  98      6800
  99 046e 418800   		.string	"A\210"
 100 0471 BB841B02 		.string	"\273\204\033\002\253\220\013A\030\216\033"
 100      AB900B41 
 100      188E1B00 
 101 047d 7BE800   		.string	"{\350"
 102 0480 40D8920B 		.string	"@\330\222\013\214\033h"
 102      8C1B6800 
 103 0488 44B28131 		.string	"D\262\2011B\242\360\214\206#\362\234B\022}\205\301\303\362\200\346\206J\016\347\006X\016f
 103      42A2F08C 
 103      8623F29C 
 103      42127D85 
 103      C1C3F280 
 104 04b3 C402C460 		.string	"\304\002\304`W\212\003\341\300\362\220B\022]\223\206\003\362\210B\022\345"
 104      578A03E1 
 104      C0F29042 
 104      125D9386 
 104      03F28842 
 105 04ca 04CAC17C 		.string	"\004\312\301|\002\024\334"
 105      0214DC00 
 106 04d2 40108480 		.string	"@\020\204\200\004\312\314\200\004 \311\b"
 106      04CACC80 
 106      0420C908 
 106      00
 107 04df 14C17C02 		.string	"\024\301|\002\024\200"
 107      148000
 108 04e6 045AAD88 		.string	"\004Z\255\210\006\024 \001\006\006"
 108      06142001 
 108      060600
 109 04f1 04C000   		.string	"\004\300"
 110 04f4 02148988 		.string	"\002\024\211\210@\002\211\b\335\223\231\214\345"
 110      40028908 
 110      DD93998C 
 110      E500
 111 0502 04CAC000 		.string	"\004\312\300"
 112 0506 0206C000 		.string	"\002\006\300"
 113 050a 00       		.string	""
 114 050b 06848004 		.string	"\006\204\200\004\312\314\200\004 \311\210"
 114      CACC8004 
 114      20C98800 
 115 0517 14C000   		.string	"\024\300"
 116 051a 02068000 		.string	"\002\006\200"
 117 051e 045AAD88 		.string	"\004Z\255\210\006\024 \001\006\006"
 117      06142001 
 117      060600
 118 0529 04C000   		.string	"\004\300"
 119 052c 02148988 		.string	"\002\024\211\210@\002\211\210\335\223\231\214\201Aa\013\006\024\212%\341\033v\200v\200\00
 119      40028988 
 119      DD93998C 
 119      8141610B 
 119      06148A25 
 120 059e 040C8111 		.string	"\004\f\201\021"
 120      00
 121 05a3 6BE80450 		.string	"k\350\004PH\341\240@\206"
 121      48E1A040 
 121      8600
 122 05ad 158004A1 		.string	"\025\200\004\241\033\340<\3348B\bh\004W\310\301\303\214\013\372\004\004|t\251FNI\016\300\
 122      1BE03CDC 
 122      38420868 
 122      0457C8C1 
 122      C38C0BFA 
 123 05de E0808425 		.string	"\340\200\204%\360\f\344"
 123      F00CE400 
 124 05e6 0A3A6001 		.string	"\n:`\001"
 124      00
 125 05eb 98042080 		.string	"\230\004 \200"
 125      00
 126 05f0 C116EC04 		.string	"\301\026\354\004\370\f"
 126      F80C00
 127 05f7 4A0420FE 		.string	"J\004 \376e\351-\354\020\376\205\301\036\340\004\004\312\200"
 127      65E92DEC 
 127      10FE85C1 
 127      1EE00404 
 127      CA8000
 128 060a 454845C8 		.string	"EHE\310\301\026\373\365\207\374\341\230AFa\221C\006\200\036\300"
 128      C116FBF5 
 128      87FCE198 
 128      41466191 
 128      4306801E 
 129 0620 81119B01 		.string	"\201\021\233\001\2011\201!\350\004J\210\214E\241\013t\251\006\316HN\300\020\300\020t\251\
 129      81318121 
 129      E8044A88 
 129      8C45A10B 
 129      74A906CE 
 130 064a E0808625 		.string	"\340\200\206%\360\f\360\fL\020\344\030JZ\344"
 130      F00CF00C 
 130      4C10E418 
 130      4A5AE400 
 131 065a 0A3AA000 		.string	"\n:\240"
 132 065e 01286001 		.string	"\001(`\001"
 132      00
 133 0663 A8C55080 		.string	"\250\305P\200"
 133      00
 134 0668 EC040420 		.string	"\354\004\004 "
 134      00
 135 066d 4AC156FE 		.string	"J\301V\376E\370\f\004 \305T\351-\354\020\376e\301^\340\004\004\312\200"
 135      45F80C04 
 135      20C554E9 
 135      2DEC10FE 
 135      65C15EE0 
 136 0686 4588C156 		.string	"E\210\301V\305P\207\374E\210G\206\373e\b\360\341\220\214N\3440\341\244\fF\341\244\016F\20
 136      C55087FC 
 136      45884786 
 136      FB6508F0 
 136      E1908C4E 
 137 06ad 68E400   		.string	"h\344"
 138 06b0 8000     		.string	"\200"
 139 06b2 6001FC38 		.string	"`\001\3748B\b\201a\377e"
 139      42088161 
 139      FF6500
 140 06bd 46E16B4C 		.string	"F\341kL\b\341\244\213\004\3348\376$\211\024\350leh\341\244\fF\341\244\016F\202E\217m\002:
 140      08E1A48B 
 140      04DC38FE 
 140      248914E8 
 140      6C6568E1 
 141 06e1 68E400   		.string	"h\344"
 142 06e4 8000     		.string	"\200"
 143 06e6 6001FC38 		.string	"`\001\3748B\bux\377e\f|\357\374\335\223\362\004\200U\241\033\n"
 143      42087578 
 143      FF650C7C 
 143      EFFCDD93 
 143      F2048055 
 144 06fe 83114006 		.string	"\203\021@\006\345P@J\374\022\327\364\340\320\301\303\202\265\301\303\301\303\364\004\013?
 144      E550404A 
 144      FC12D7F4 
 144      E0D0C1C3 
 144      82B5C1C3 
 145 073a 2089ED88 		.string	" \211\355\210@\032 \001\001\230\n\377\300"
 145      401A2001 
 145      01980AFF 
 145      C000
 146 0748 C1C3F404 		.string	"\301\303\364\004\301\303\301\303\364\004\013\365\364\004\013\345\364\004\013\325\364\004\
 146      C1C3C1C3 
 146      F4040BF5 
 146      F4040BE5 
 146      F4040BD5 
 147 078e 5C08F83C 		.string	"\\\b\370<\004L\344@\004\212!+\200\245\202\025\200;F\022\201\365\006J\371\200\202\265\370\
 147      044CE440 
 147      048A212B 
 147      80A58215 
 147      803B4612 
 148 07b8 4588CD46 		.ascii	"E\210\315F\fL\207\374\335\223\360<l@\n I'\341\301\004 \212\317"
 148      0C4C87FC 
 148      DD93F03C 
 148      6C400A20 
 148      4927E1C1 
 149 07d0 06C06C04 		.string	"\006\300l\004\004J\344@H\022d"
 149      044AE440 
 149      48126400 
 150 07dc 00       		.string	""
 151 07dd 33F08C02 		.string	"3\360\214\002u\200k\002\205\360\020\002\225\370\f\002\245\370\bLu\370\004L\205\360\020L\2
 151      75806B02 
 151      85F01002 
 151      95F80C02 
 151      A5F8084C 
 152 0822 0C4A0474 		.string	"\fJ\004tD\307BB\340\210\206{p\260\335\216\321\204\207\374M\210q\210DR\241+\2303\367\345\3
 152      44C74242 
 152      E088867B 
 152      70B0DD8E 
 152      D18487FC 
 153 084e 00       		.string	""
 154 084f 0CF80404 		.string	"\f\370\004\004\fx\f"
 154      0C780C00 
 155 0857 0A822580 		.string	"\n\202%\200;\224\245\241+\004 M\026\006J\354\004\376%\370\f\220\225\351-z\200\b\024\344@\
 155      3B94A5A1 
 155      2B04204D 
 155      16064AEC 
 155      04FE25F8 
 156 089c 862B70B0 		.string	"\206+p\260\344@\006p\360\020DE\370\fDE\370\bDE\370\004DE\207\374L\b\361\260DR\206\225\351
 156      E4400670 
 156      F0104445 
 156      F80C4445 
 156      F8084445 
 157 08e6 0C4ADD4E 		.string	"\fJ\335N\206{\207\374M\310\252#D\307\241+\2303\004 \202\005\004J\354\004\315\026\344"
 157      867B87FC 
 157      4DC8AA23 
 157      44C7A12B 
 157      98330420 
 158 0904 87FC45C8 		.string	"\207\374E\310\360\004\f\f\301\303\335\223\376|\004\f\004J"
 158      F0040C0C 
 158      C1C3DD93 
 158      FE7C040C 
 158      044A00
 159 0917 7B4072E0 		.string	"{@r\340\020\036\360y\210"
 159      101EF079 
 159      8800
 160 0921 0CED2000 		.string	"\f\355 "
 161 0925 1A6200   		.string	"\032b"
 162 0928 110EF80C 		.string	"\021\016\370\f\033\016\202\213 \001"
 162      1B0E828B 
 162      200100
 163 0933 265E05C0 		.string	"&^\005\300"
 163      00
 164 0938 4000     		.string	"@"
 165 093a 2035233E 		.string	" 5#>\357\215^\027\244\013\235.\340\374#\210\241\016"
 165      EF8D5E17 
 165      A40B9D2E 
 165      E0FC2388 
 165      A10E00
 166 094d 24C000   		.string	"$\300"
 167 0950 C41B6188 		.string	"\304\033a\210\300;}Az\020B\022\372\020F2\204\023"
 167      C03B7D41 
 167      7A104212 
 167      FA104632 
 167      841300
 168 0963 3382113E 		.string	"3\202\021>\036\2021|>"
 168      1E82317C 
 168      3E00
 169 096d 20191E97 		.string	" \031\036\227>\354\004"
 169      3EEC0400 
 170 0975 84FE0EAF 		.string	"\204\376\016\257\213a\204T\n\025\216.\245\346\212"
 170      8B618454 
 170      0A158E2E 
 170      A5E68A00 
 171 0985 808EA310 		.string	"\200\216\243\020\212l\004@\n\344\244Vr\346\212@pp\200\242\265\334"
 171      8A6C0440 
 171      0AE4A456 
 171      72E68A40 
 171      707080A2 
 172 099c 00       		.string	""
 173 099d 840FBE23 		.string	"\204\017\276#\264\341\214\346\212L\n`\204"
 173      B4E18CE6 
 173      8A4C0A60 
 173      8400
 174 09ab 64F09850 		.string	"d\360\230Pr\216\003\r\016\216\013\013\016V\b\220\033\023\216\3748\013\204\200\233\220\033
 174      728E030D 
 174      0E8E0B0B 
 174      0E560890 
 174      1B138EFC 
 175 0a15 9BFC3809 		.string	"\233\3748\t\276\224\013L\b\226\033\377\021\3748\202\245\202\235\204\325\240\r\220\013\td\
 175      BE940B4C 
 175      08961BFF 
 175      11FC3882 
 175      A5829D84 
 176 0a3e 50608255 		.string	"P`\202U\241\r\220\013\t\244\224\033\243$\3748D\b\200U\241\r\217\264\220\253\215\024\213\2
 176      A10D900B 
 176      09A4941B 
 176      A324FC38 
 176      44088055 
 177 0a6f 8B4C0896 		.string	"\213L\b\226\033\377\021\3748\202\305\202\215\240\r\025\204\rd\206\025\243$\226\033D\b\214
 177      1BFF11FC 
 177      3882C582 
 177      8DA00D15 
 177      840D6486 
 178 0a98 8275A10D 		.string	"\202u\241\r\226\033\rd\214\013\243$\3748D\b\200\225\241\r\214\273\0015\223\004\222\273\22
 178      961B0D64 
 178      8C0BA324 
 178      FC384408 
 178      8095A10D 
 179 0abd 9BFC3896 		.string	"\233\3748\226\033\224\013\3748L\b\202\235\377\021\240\r\202\205\023\244\204\325\243$\226\
 179      1B940BFC 
 179      384C0882 
 179      9DFF11A0 
 179      0D828513 
 180 0afc 00       		.string	""
 181 0afd 2A9B0401 		.string	"*\233\004\001\030\340"
 181      18E000
 182 0b04 8000     		.string	"\200"
 183 0b06 4001E0FC 		.string	"@\001\340\374\036\007\027\024\2045\002J\216\013\200$\344"
 183      1E071714 
 183      8435024A 
 183      8E0B8024 
 183      E400
 184 0b18 C13EA834 		.string	"\301>\2504C\b\351.\203\005\207\374\250\024\234\004\250\016\234\036\031\024\201\265\002J\2
 184      4308E92E 
 184      830587FC 
 184      A8149C04 
 184      A80E9C1E 
 185 0b38 C136A838 		.string	"\3016\2508C\b\351&\035\024\207\374\354\004"
 185      4308E926 
 185      1D1487FC 
 185      EC0400
 186 0b47 80500A81 		.string	"\200P\n\201a@rf\206\033\016\360\204\016\203\200\253\220\273\200\233\214\325\326\255\216\0
 186      61407266 
 186      861B0EF0 
 186      840E8380 
 186      AB90BB80 
 187 0b82 4001E0FC 		.string	"@\001\340\374\036\007\027$\204U\226\033\220\013\344"
 187      1E071724 
 187      8455961B 
 187      900BE400 
 188 0b92 044A8044 		.string	"\004J\200D\2044\301>\305N\207\374E\b\254\004\203\025\254\036\240\024\201\305\240\016\226\
 188      8434C13E 
 188      C54E87FC 
 188      4508AC04 
 188      8315AC1E 
 189 0bb8 C1468448 		.string	"\301F\204HE\b\3056!\004\207\374\200\203\203a\326\255\200\263\026\013\224\365\243$\216\033
 189      4508C536 
 189      210487FC 
 189      80838361 
 189      D6AD80B3 
 190 0be4 8E35E0FC 		.string	"\2165\340\374\226\013\027$\004J\224\033\2044\344"
 190      960B1724 
 190      044A941B 
 190      8434E400 
 191 0bf4 C54E8044 		.string	"\305N\200DE\b\301>\207\205\207\374@\001\001(\036\007\200"
 191      4508C13E 
 191      878587FC 
 191      40010128 
 191      1E078000 
 192 0c08 8455E0FC 		.string	"\204U\340\374\224\013\027$\004J\222\033\2044\344"
 192      940B1724 
 192      044A921B 
 192      8434E400 
 193 0c18 C54E8044 		.string	"\305N\200DE\b\301>\203\025\207\374\250\024\244\004\250\016\244\036\031$\201\305\224\033\2
 193      4508C13E 
 193      831587FC 
 193      A814A404 
 193      A80EA41E 
 194 0c36 044A8448 		.string	"\004J\204H\2008\3056\301F\207\374E\b\203a\035\004q\225\200\223\250\004\200\243\250\036\25
 194      8038C536 
 194      C14687FC 
 194      45088361 
 194      1D047195 
 195 0c64 C1468448 		.string	"\301F\204HE\b\3056\035\004\207\374!\004\203ao5\200\243\035\024\200\263\225\004\241k\346\2
 195      4508C536 
 195      1D0487FC 
 195      21048361 
 195      6F3580A3 
 196 0c85 00       		.string	""
 197 0c86 0E88F080 		.string	"\016\210\360\200Xrq\234B\222\361\244@\242\222+\001\035D\240\016;F\220\234"
 197      5872719C 
 197      4292F1A4 
 197      40A2922B 
 197      011D44A0 
 198 0ca0 48229C00 		.string	"H\"\234"
 199 0ca4 A14BF18C 		.string	"\241K\361\214\036\007\212%B\242`\374\204U\361\220\3751EGD\"\310+\216;z\f\202!\210#\344"
 199      1E078A25 
 199      42A260FC 
 199      8455F190 
 199      FD314547 
 200 0cc6 044A8454 		.string	"\004J\204T\214D\305N\315^\207\374E\b\b0\2035\375Ql\004\202!$C\372\024HB&#\210#\004J\216;\
 200      8C44C54E 
 200      CD5E87FC 
 200      45080830 
 200      8335FD51 
 201 0cf0 CD568458 		.string	"\315V\204XE\b\305F\035$\207\374\361\240B\302\361\254R\202D\222\244\023\241+\373\204\036\0
 201      4508C546 
 201      1D2487FC 
 201      F1A042C2 
 201      F1AC5282 
 202 0d30 E94E8844 		.string	"\351N\210DC\b\311>\203\265\207\374\006\260~\02403\354\004\220\023\202!B\022\270\023\3751z
 202      4308C93E 
 202      83B587FC 
 202      06B07E14 
 202      3033EC04 
 203 0d5a 024A46C2 		.string	"\002JF\302(X\016H\361\210\354\004\004 \216V\351F\207\374B\b\230k\035\024\202E\302\r\357\3
 203      28580E48 
 203      F188EC04 
 203      04208E56 
 203      E94687FC 
 204 0d7f 1BA3349D 		.string	"\033\2434\235$\357\374\\h\302\235\235\024}X\250\005\222\013o\370\361\244Nb\200\213\035$\3
 204      24EFFC5C 
 204      68C29D9D 
 204      147D58A8 
 204      05920B6F 
 205 0da1 0A11045E 		.string	"\n\021\004^\007\370\f\033\016\340\374\300"
 205      07F80C1B 
 205      0EE0FCC0 
 205      00
 206 0dae 00       		.string	""
 207 0daf 2640345E 		.string	"&@4^\005\036\b\357\215@\212\237\374\204\r\346\212\016\003\240\305\360\210Pr"
 207      051E08EF 
 207      8D408A9F 
 207      FC840DE6 
 207      8A0E03A0 
 208 0dc9 24190E44 		.string	"$\031\016D\033\341\210@;\375!\372\bB\022D2\0354\200#\372\b\344\004\026 \f\020\206\023\316
 208      1BE18840 
 208      3BFD21FA 
 208      08421244 
 208      321D3480 
 209 0e12 164A961B 		.string	"\026J\226\033\222\013\2004\250$\301.\351>\207\374C\b\250\004\203\005\250\036\244\024\201\
 209      920B8034 
 209      A824C12E 
 209      E93E87FC 
 209      4308A804 
 210 0e32 0C4A8C1B 		.string	"\fJ\214\033\222\013\2008\250(\301&\3516\207\374C\b\364\265\316\235\031\004\235\004\301\21
 210      920B8038 
 210      A828C126 
 210      E93687FC 
 210      4308F4B5 
 211 0e82 4001E0FC 		.string	"@\001\340\374\036\007\020J\2045\222\013d"
 211      1E07104A 
 211      8435920B 
 211      6400
 212 0e90 A824901B 		.string	"\250$\220\033\351>\2004C\b\301.\203\005\207\374\244\024\250\004\244\016\250\036\fJ\201\26
 212      E93E8034 
 212      4308C12E 
 212      830587FC 
 212      A414A804 
 213 0eb0 A8288C1B 		.string	"\250(\214\033\3516\2008C\b\301&\316\235\207\374\235\004\364\265\200\263\031\004\362\265\3
 213      E9368038 
 213      4308C126 
 213      CE9D87FC 
 213      9D04F4B5 
 214 0f02 2089ED88 		.string	" \211\355\210@\032 \001\001x\301\303\300"
 214      401A2001 
 214      0178C1C3 
 214      C000
 215 0f10 C1C3C1C3 		.string	"\301\303\301\303\360\004K\205\360\004K\225\360\004K\245\360\004K\265\360\004K\305\360\004
 215      F0044B85 
 215      F0044B95 
 215      F0044BA5 
 215      F0044BB5 
 216 0f88 0215E198 		.string	"\002\025\341\230B\005\200"
 216      42058000 
 217 0f90 41FE8000 		.string	"A\376\200"
 218 0f94 BFFF1FFD 		.ascii	"\277\377\037\375CF\335\223\204\024\341\230"
 218      4346DD93 
 218      8414E198 
 219 0fa0 41FE84CE 		.string	"A\376\204\316\377\377\177\375\301\303\335\223\376|\004\fl@\036\360|\016\202k\341\240@\206
 219      FFFF7FFD 
 219      C1C3DD93 
 219      FE7C040C 
 219      6C401EF0 
 220 0fde FD214E12 		.string	"\375!N\022d\004D\007\372\b\020\003\224s\344"
 220      64044407 
 220      FA081003 
 220      9473E400 
 221 0fee 0E6AE610 		.string	"\016j\346\020\026"
 221      1600
 222 0ff4 A16B140B 		.string	"\241k\024\013\024"
 222      1400
 223 0ffa 00       		.string	""
 224 0ffb E51615EC 		.string	"\345\026\025\354\004\215\033\340\200\"\024\212\365\354\b"
 224      048D1BE0 
 224      8022148A 
 224      F5EC0800 
 225 100b 00       		.string	""
 226 100c F8801625 		.string	"\370\200\026%P\005\203\253\002\006"
 226      500583AB 
 226      020600
 227 1017 045615C0 		.string	"\004V\025\300"
 227      00
 228 101c A12B5880 		.string	"\241+X\200\020\025\210%\2031a\210"
 228      10158825 
 228      83316188 
 228      00
 229 1029 34229480 		.string	"4\"\224\200\037\350\200\202e\241\033\341\214\020\025,\024\200\037\202\005\241\033D\b\202\
 229      1FE88082 
 229      65A11BE1 
 229      8C10152C 
 229      14801F82 
 230 108c E875A18B 		.string	"\350u\241\213~\216\201\225\346\325\241\013\276\004\201U\241\013\200\004\240\361\344\365\3
 230      7E8E8195 
 230      E6D5A10B 
 230      BE048155 
 230      A10B8004 
 231 10ae 00       		.string	""
 232 10af 0CFA00   		.string	"\f\372"
 233 10b2 00       		.string	""
 234 10b3 4C830100 		.string	"L\203\001"
 235 10b7 1BEFFC76 		.string	"\033\357\374v\b\201\005\301C\372\200\002\024"
 235      088105C1 
 235      43FA8002 
 235      1400
 236 10c5 06E11B00 		.string	"\006\341\033"
 237 10c9 069422DD 		.string	"\006\224\"\335\223\324b\370"
 237      93D462F8 
 237      00
 238 10d2 040C6C50 		.string	"\004\flP\036\360\344|\003J\202k<^\374\036\276^Bf\216\005\fJ\360\002\0064d|^\025\372\200J\
 238      1EF0E47C 
 238      034A826B 
 238      3C5EFC1E 
 238      BE5E4266 
 239 10f7 045E259F 		.string	"\004^%\237\374\006\032"
 239      FC061A00 
 240 10ff 081E25E4 		.string	"\b\036%\344"
 240      00
 241 1104 44228004 		.string	"D\"\200\004^%\230\024\036%\200"
 241      5E259814 
 241      1E258000 
 242 1110 1E558000 		.string	"\036U\200"
 243 1114 4A508008 		.string	"JP\200\bD\"\220|^%\231\224\036%\200\004B \200\004\030\024\234"
 243      4422907C 
 243      5E259994 
 243      1E258004 
 243      42208004 
 244 112c 4000     		.string	"@"
 245 112e 3CB5BC34 		.string	"<\265\2744\030\024\002D"
 245      18140244 
 245      00
 246 1137 D5E11BFA 		.string	"\325\341\033\372\200\334<\030\304\3422"
 246      80DC3C18 
 246      C4E23200 
 247 1143 66420E28 		.string	"fB\016(\361\300\020`\001\f\f\214+\207u\360"
 247      F1C01060 
 247      010C0C8C 
 247      2B8775F0 
 247      00
 248 1154 017E28F1 		.string	"\001~(\361\f\f\377\370\335\223\360"
 248      0C0CFFF8 
 248      DD93F000 
 249 1160 6C401EF0 		.string	"l@\036\360\344|\001J\276.\274.\206\205\374.\344|"
 249      E47C014A 
 249      BE2EBC2E 
 249      8685FC2E 
 249      E47C00
 250 1173 0A440684 		.string	"\nD\006\204E>.\360\002\374\036\301!\204\037\276\024\274\024\274\036\276)\374$\276\036\244
 250      453E2EF0 
 250      02FC1EC1 
 250      21841FBE 
 250      14BC14BC 
 251 1191 06BE1481 		.string	"\006\276\024\201U\342\006\370~@\006\360\376"
 251      55E206F8 
 251      7E4006F0 
 251      FE00
 252 119f 065D9381 		.string	"\006]\223\201\001\177\345\240\361\377\370\001\256\342\300\004\034\004\037\301\021\360|D"
 252      017FE5A0 
 252      F1FFF801 
 252      AEE2C004 
 252      1C041FC1 
 253 11b8 021CA41F 		.string	"\002\034\244\037\335\223\343@\344|\004\n@\210\004$"
 253      DD93E340 
 253      E47C040A 
 253      40880424 
 253      00
 254 11c9 00       		.string	""
 255 11ca 060E0830 		.string	"\006\016\b0\200\020H\022\004\020X\002\320\210\002\006q\220\377\374`"
 255      80104812 
 255      04105802 
 255      D0880206 
 255      7190FFFC 
 256 11e0 00       		.string	""
 257 11e1 C483C702 		.string	"\304\203\307\002\017\360\200p\001B\300a\013\337\374s\375@\300H\007\300\003"
 257      0FF08070 
 257      0142C061 
 257      0BDFFC73 
 257      FD40C048 
 258 11f9 A5D0175D 		.string	"\245\320\027]\223\242\017\377\370\001\216`\001\002\206\242\017\370"
 258      93A20FFF 
 258      F8018E60 
 258      010286A2 
 258      0FF800
 259 120c 4006900E 		.string	"@\006\220\016\241\r\374\022@\006\202\305\241\r\374\032@\006\202\025\002\006\374\n\300 `\0
 259      A10DFC12 
 259      400682C5 
 259      A10DFC1A 
 259      40068215 
 260 122f 4681015D 		.string	"F\201\001]\223\372|\004\f\3540\036\360\206K\b\213\201q>.@Z"
 260      93FA7C04 
 260      0CEC301E 
 260      F0864B08 
 260      8B81713E 
 261 1247 6B7C7EE5 		.string	"k|~\345\006BZ\2011\210+e\206\357\370Ohg\321"
 261      06425A81 
 261      31882B65 
 261      86EFF84F 
 261      6867D100 
 262 125b 00       		.string	""
 263 125c 44864001 		.string	"D\206@\001B\022\340<\2011r\234\357\370Eh"
 263      4212E03C 
 263      8131729C 
 263      EFF84568 
 263      00
 264 126d 00       		.string	""
 265 126e 17A4C004 		.string	"\027\244\300\004d\001r\234B\022\031t\327\007\340\324\026\024\377\001 \277"
 265      6401729C 
 265      42121974 
 265      D707E0D4 
 265      1614FF01 
 266 1285 1401BB57 		.string	"\024\001\273W\376\341\254\241\013\037\374`8\024\t\337\374W\376\201\021\033\224\n\360\034$
 266      FEE1ACA1 
 266      0B1FFC60 
 266      381409DF 
 266      FC57FE81 
 267 12ab 1B061480 		.string	"\033\006\024\200\004\220\033{"
 267      04901B7B 
 267      00
 268 12b4 E800     		.string	"\350"
 269 12b6 43C8FC04 		.string	"C\310\374\004\274\016\340\030\016Ih4\252$P\202\240\033\216\013{\220h8Jh>\016\214K\205\005
 269      BC0EE018 
 269      0E496834 
 269      AA245082 
 269      A01B8E0B 
 270 1309 3F1FFD41 		.string	"?\037\375A\376\241\033\300?\037\375\221\255\345\016\276\004\370\025\036\005\241\013\230\3
 270      FEA11BC0 
 270      3F1FFD91 
 270      ADE50EBE 
 270      04F8151E 
 271 1323 00       		.string	""
 272 1324 F27C0C0C 		.string	"\362|\f\f\301\303\335\223X\226!\033\002\024\340\b\030\006@\254D*\300"
 272      C1C3DD93 
 272      5896211B 
 272      0214E008 
 272      180640AC 
 273 133c A14B4106 		.string	"\241KA\006"
 273      00
 274 1341 00       		.string	""
 275 1342 02068008 		.string	"\002\006\200\bX\226\377\021\202e\002D\002=`7\341\004\221\200\002\024B\032\206\023 #\340\2
 275      5896FF11 
 275      82650244 
 275      023D6037 
 275      E1049180 
 276 1372 450666D8 		.string	"E\006f\330\214\013\201qo\370f"
 276      8C0B8171 
 276      6FF86600 
 277 137e 00       		.string	""
 278 137f 60E4C002 		.string	"`\344\300\002`\221!\001\245\004 \006~@s\354\004Bu\370 \301|\360\b\374\365\241+\177\364A\0
 278      60912101 
 278      A5042006 
 278      7E4073EC 
 278      044275F8 
 279 13b1 00       		.string	""
 280 13b2 7180927E 		.string	"q\200\222~\354 Hb\020~\020~\360\210\360\204Hb\202\021\020v\207\013\210!A\366\3745\201\021
 280      EC204862 
 280      107E107E 
 280      F088F084 
 280      48628211 
 281 13db 606398C0 		.string	"`c\230\300\003\217!o\370ea"
 281      038F216F 
 281      F8656100 
 282 13e7 60026040 		.string	"`\002`@\b\300\003ga\005\006\001\225\006~\340\b\354\004\004 \360\bBu\241+\301|\fL\3765\335
 282      08C00367 
 282      61050601 
 282      95067EE0 
 282      08EC0404 
 283 140f 19A11BC0 		.string	"\031\241\033\300\005"
 283      0500
 284 1415 098245C0 		.string	"\t\202E\300\006`-\363\360@"
 284      06602DF3 
 284      F04000
 285 1420 00       		.string	""
 286 1421 0CA90BDD 		.string	"\f\251\013\335\223\342"
 286      93E200
 287 1428 81015D93 		.string	"\201\001]\223\360\200D\022\354p\004)\204\005\241+\340<\002)\346\202@*\002\t\200\023\300\0
 287      F0804412 
 287      EC700429 
 287      8405A12B 
 287      E03C0229 
 288 144b 00       		.string	""
 289 144c E40800   		.string	"\344\b"
 290 144f CAE200   		.string	"\312\342"
 291 1452 00       		.string	""
 292 1453 0C5D93DD 		.string	"\f]\223\335\223\301\303\201\001\370\004\004\f`<\0029gp\002\020\n\004\300\003\004 `\214\00
 292      93C1C381 
 292      01F80404 
 292      0C603C02 
 292      39677002 
 293 14ac E200     		.string	"\342"
 294 14ae 4835EC00 		.string	"H5\354"
 295 14b2 04094401 		.string	"\004\tD\001\202\001\f\f\354"
 295      82010C0C 
 295      EC00
 296 14bc DD93F004 		.string	"\335\223\360\004\376\004\004\fH\"\bk!K\371\214\be\212{\340\bH\226a\204\b$\340\374\n4\n4*O
 296      FE04040C 
 296      4822086B 
 296      214BF98C 
 296      08658A7B 
 297 150a 4C00     		.string	"L"
 298 150c DC00     		.string	"\334"
 299 150e 4E10806E 		.string	"N\020\200n\202~\f\f\210\013\335\223\366\004\370"
 299      827E0C0C 
 299      880BDD93 
 299      F604F800 
 300 151e 044C67FD 		.string	"\004Lg\375"
 300      00
 301 1523 25815140 		.string	"%\201Q@\001\206D\2044\340\030\002\305o\311"
 301      01864484 
 301      34E01802 
 301      C56FC900 
 302 1533 21843340 		.string	"!\2043@\005`P\002k\362\224HBo\315"
 302      05605002 
 302      6BF29448 
 302      426FCD00 
 303 1543 010255C0 		.string	"\001\002U\300\005\204\303`\034\202a\006NB\305\204>\200S`\030\340\034BU\340PBc\360"
 303      0584C360 
 303      1C826106 
 303      4E42C584 
 303      3E805360 
 304 1562 0C4CC1C3 		.string	"\fL\301\303\335\223`<\0029\310D\201\301F:\312T\3047\346\202\0065\2023\206C\347\334r\260FR
 304      DD93603C 
 304      0239C844 
 304      81C1463A 
 304      CA54C437 
 305 15d3 13728040 		.string	"\023r\200@2D\005\202AD\025\340\024DC\340\020\335\223\340X`X"
 305      32440582 
 305      414415E0 
 305      144443E0 
 305      10DD93E0 
 306 15eb 290A3984 		.string	")\n9\204[\nI\357@\0029\357D@\001`QJ!\307-\310-O@oHJ!\344\240\b"
 306      5B0A49EF 
 306      400239EF 
 306      44400160 
 306      514A21C7 
 307 160c 4F444A21 		.string	"ODJ!"
 307      00
 308 1611 35C23786 		.string	"5\3027\206\023` `0\002\303g`\nP\002\023\300\003\230\013\340\300\340"
 308      13602060 
 308      3002C367 
 308      600A5002 
 308      13C00398 
 309 162a 2468FA3C 		.string	"$h\372<\004\f\204k\002{`P\016+\016\253\201\201\016\233\340T\030\216\340X\232\216\241+L#\3
 309      040C846B 
 309      027B6050 
 309      0E2B0EAB 
 309      81810E9B 
 310 166f 8A41FEC7 		.string	"\212A\376\307\377"
 310      FF00
 311 1675 011FFD41 		.string	"\001\037\375A\376\241\033\300\001\037\375\024\n\230\016\004\244h"
 311      FEA11BC0 
 311      011FFD14 
 311      0A980E04 
 311      A46800
 312 1688 84C5FB80 		.string	"\204\305\373\200\006$\\\004\336\024\341\204\2011\006\003o\364c\350\362\240B\022g\375"
 312      06245C04 
 312      DE14E184 
 312      81310603 
 312      6FF463E8 
 313 16a3 8A41FEC7 		.string	"\212A\376\307\377"
 313      FF00
 314 16a9 011FFD41 		.string	"\001\037\375A\376\241\033\300\001\037\375\022\n\232\016\004\224h"
 314      FEA11BC0 
 314      011FFD12 
 314      0A9A0E04 
 314      946800
 315 16bc 8605FB80 		.string	"\206\005\373\200`\020\016\005\341\204\006$\340\024\016\025\2011\006\003o\364b(\362\240B\0
 315      60100E05 
 315      E1840624 
 315      E0140E15 
 315      81310603 
 316 16db 8A41FEC7 		.string	"\212A\376\307\377"
 316      FF00
 317 16e1 011FFD41 		.string	"\001\037\375A\376\241\033\300\001\037\375\f\f\330\016\335\223\362<\370\004\004\f\204;\001
 317      FEA11BC0 
 317      011FFD0C 
 317      0CD80EDD 
 317      93F23CF8 
 318 1724 FFF8180E 		.string	"\377\370\030\016\340\202Nj\340\034\002eJr\nmF@\3720\nR\034"
 318      E0824E6A 
 318      E01C0265 
 318      4A720A6D 
 318      4640FA30 
 319 173c 0856E9FC 		.string	"\bV\351\374@:\2143@\002\340\202"
 319      403A8C33 
 319      4002E082 
 319      00
 320 1749 02FA308A 		.string	"\002\3720\212\006\351\374\340T\002\013\210E\241\013` \002\305\341\204\006\004\246K\177Q\2
 320      06E9FCE0 
 320      54020B88 
 320      45A10B60 
 320      2002C5E1 
 321 176a 4C406024 		.ascii	"L@`$\002\305"
 321      02C5
 322 1770 4C6A9863 		.string	"Lj\230c\002\016`\202\212\315\377\370\034"
 322      020E6082 
 322      8ACDFFF8 
 322      1C00
 323 177e 4640FA04 		.string	"F@\372\004Lb\nb\0303@:\351\374\310V\340\202\372\004@\002\351\374"
 323      4C620A62 
 323      1833403A 
 323      E9FCC856 
 323      E082FA04 
 324 1797 020C0CCA 		.string	"\002\f\f\312\006\335\223\360\004\370\034\004\f\211\004\204z\004\211\206\032\326X\340\020\
 324      06DD93F0 
 324      04F81C04 
 324      0C890484 
 324      7A048986 
 325 1818 4031FCF5 		.string	"@1\374\365\201\001`,\360\034\f\f\301\303\335\223\360\200F\"\354p\0069\206\245\241;\340<\0
 325      8101602C 
 325      F01C0C0C 
 325      C1C3DD93 
 325      F0804622 
 326 1865 0CE184DD 		.string	"\f\341\204\335\223\342"
 326      93E200
 327 186c 81015D93 		.string	"\201\001]\223\372|\004\f\354p\036\360\201a\035\004\210\213|^\220\033~\036"
 327      FA7C040C 
 327      EC701EF0 
 327      81611D04 
 327      888B7C5E 
 328 1885 063E0E8B 		.string	"\006>\016\213n\340\004\3408\004\271\201E\211n"
 328      6EE004E0 
 328      3804B981 
 328      45896E00 
 329 1895 00       		.string	""
 330 1896 456EA10B 		.string	"En\241\013\354\004|\004\376\225\022 \207A@\003eq\346@\0240fA\0160\200n\300\003\302n\202N"
 330      EC047C04 
 330      FE951220 
 330      87414003 
 330      6571E640 
 331 18b9 06406EBE 		.string	"\006@n\276\024\340\b\206N\204\016\304n\306n\234(\205\345\206\245\241+"
 331      14E00886 
 331      4E840EC4 
 331      6EC66E9C 
 331      2885E586 
 332 18d1 09FE04C1 		.string	"\t\376\004\301-\340\020>\024\202E\340\b"
 332      2DE0103E 
 332      148245E0 
 332      0800
 333 18df 46870104 		.string	"F\207\001\004\016\244\b\206\016\306\016\304n\006\360*\024(\004\344@\177\375I\376<>\317\37
 333      0EA40886 
 333      0EC60EC4 
 333      6E06F02A 
 333      142804E4 
 334 194f 90848B40 		.string	"\220\204\213@\001\b\220\002\253<\016\344\220d\221\n\220\016+\300\001xX\214;\241\013\357\3
 334      01089002 
 334      AB3C0EE4 
 334      9064910A 
 334      900E2BC0 
 335 1a2a 540506F0 		.string	"T\005\006\360\220\005\222\013dp\220+\n\033\3504^H\216\025\241\013\220\033\022\013h4aH\241
 335      9005920B 
 335      6470902B 
 335      0A1BE834 
 335      5E488E15 
 336 1a57 00       		.string	""
 337 1a58 8A458008 		.string	"\212E\200\b\230\032\234\004\307\007\232*\200\225\303\r\201\001D\r@\022\210%\004\006p\210B
 337      981A9C04 
 337      C7079A2A 
 337      8095C30D 
 337      8101440D 
 338 1afd 066900   		.string	"\006i"
 339 1b00 00       		.string	""
 340 1b01 00       		.string	""
 341 1b02 8000     		.string	"\200"
 342 1b04 830BC404 		.string	"\203\013\304\004L\303\202\301\366\325\351"
 342      4CC382C1 
 342      F6D5E900 
 343 1b10 F01C0C0C 		.string	"\360\034\f\f\301\303\335\223\370\034\004\fa\374\030$\004\303\242\003\003\307\206\003\013\
 343      C1C3DD93 
 343      F81C040C 
 343      61FC1824 
 343      04C3A203 
 344 1b31 34618E09 		.string	"4a\216\t\004\340\210\360\200NB\f\023\224\216B\032\304g\210ca\216\260\216\200\216\304\027\
 344      04E088F0 
 344      804E420C 
 344      13948E42 
 344      1AC46788 
 345 1b6e 4C40DD84 		.string	"L@\335\204\224\236\306}0\224N@\020\2230\236\334"
 345      949EC67D 
 345      30944E40 
 345      1093309E 
 345      DC00
 346 1b80 FC35856B 		.string	"\3745\205k\311\304\200T\230S\306-D@"
 346      C9C48054 
 346      9853C62D 
 346      444000
 347 1b8f 5E832BDC 		.string	"^\203+\334"
 347      00
 348 1b94 0C0CFE35 		.string	"\f\f\3765\335\223\360\034\376|\004\f\354@\036\360LB\b\023Lj\360\200\202\021a\222a\222B\03
 348      DD93F01C 
 348      FE7C040C 
 348      EC401EF0 
 348      4C420813 
 349 1c04 9C00     		.string	"\234"
 350 1c06 4C70617C 		.string	"Lpa|\016d@j\214CXrd.Lj\362\260\200\203\344\256r\204Bbd"
 350      0E64406A 
 350      8C435872 
 350      642E4C6A 
 350      F2B08083 
 351 1c22 16B093AB 		.string	"\026\260\223\253\300\b\030\312\3705\030\032\340"
 351      C00818CA 
 351      F835181A 
 351      E000
 352 1c30 082AE000 		.string	"\b*\340"
 353 1c34 420AE000 		.string	"B\n\340"
 354 1c38 421AE580 		.string	"B\032\345\200B\n\341\210\bE\355\200\200\b@\226a\204"
 354      420AE188 
 354      0845ED80 
 354      80084096 
 354      618400
 355 1c4b 44E0FC04 		.string	"D\340\374\004\304\004\304$\017\020\003\341\204B\022\230;\210+r\210\357\360iH\340"
 355      C404C424 
 355      0F1003E1 
 355      84421298 
 355      3B882B72 
 356 1c66 034A021A 		.string	"\003J\002\032>\024"
 356      3E1400
 357 1c6d 6AE000   		.string	"j\340"
 358 1c70 420AE000 		.string	"B\n\340"
 359 1c74 421AE580 		.string	"B\032\345\200B\n\341\210"
 359      420AE188 
 359      00
 360 1c7d 06ED8004 		.string	"\006\355\200\004\016\300"
 360      0EC000
 361 1c84 A0F18101 		.string	"\240\361\201\001\366|\f\f\301\303\335\223\370|\004\fLR\r\004\f#\360\200\360\224N\022a\226
 361      F67C0C0C 
 361      C1C3DD93 
 361      F87C040C 
 361      4C520D04 
 362 1cda 5200     		.string	"R"
 363 1cdc FE55999B 		.string	"\376U\231\233\243MDg\304w\004c\200"
 363      A34D4467 
 363      C4770463 
 363      8000
 364 1cea 0C955292 		.string	"\f\225R\222\002e\377\221\220\224`$I\032\f\225\212\233R\222\240"
 364      0265FF91 
 364      90946024 
 364      491A0C95 
 364      8A9B5292 
 365 1d00 189EB194 		.string	"\030\236\261\224\004\203\204s\203\325\377\221\305\264\361\244J\242\212\243\f\245\361\254\
 365      04838473 
 365      83D5FF91 
 365      C5B4F1A4 
 365      4AA28AA3 
 366 1d1c 909454A2 		.string	"\220\224T\242`$I\032\f\245\212\253T\242\240"
 366      6024491A 
 366      0CA58AAB 
 366      54A2A000 
 367 1d2c 18AEB194 		.string	"\030\256\261\224\344\fY\032<\001X"
 367      E40C591A 
 367      3C015800 
 368 1d38 431A4000 		.string	"C\032@"
 369 1d3c 4200     		.string	"B"
 370 1d3e E40CC000 		.string	"\344\f\300"
 371 1d42 3C016410 		.string	"<\001d\020\024`U\032\204kL\240\344 L\032\274"
 371      1460551A 
 371      846B4CA0 
 371      E4204C1A 
 371      BC00
 372 1d54 3DB8E01C 		.string	"=\270\340\034\303\377?\375\f\f\201\001\335\223\360|\372|\004\f\3540\036\360\3127"
 372      C3FF3FFD 
 372      0C0C8101 
 372      DD93F07C 
 372      FA7C040C 
 373 1d6f 8BE1FC14 		.string	"\213\341\374\024\204"
 373      8400
 374 1d75 A490A380 		.string	"\244\220\243\2003\341\004`\242@:\341|\006Ta|\030\004V\302\252\003F\002\363\214\0274\371\2
 374      33E10460 
 374      A2403AE1 
 374      7C065461 
 374      7C180456 
 375 1d99 011FFD80 		.string	"\001\037\375\200\bN\226\nD\220\005\244Ca|a|\030$JR\377!\201qs\260Dr\004]>\036\361\200\022
 375      084E960A 
 375      449005A4 
 375      43617C61 
 375      7C18244A 
 376 1dc6 5820F3AC 		.string	"X \363\254Br\340G|>`\204\006\264\341\374\f\004`\204\004\004V\020\262_@\302\034"
 376      4272E047 
 376      7C3E6084 
 376      06B4E1FC 
 376      0C046084 
 377 1de4 42B2F090 		.string	"B\262\360\220\254?r\224\357\360\\\350\002\244\225\264\326\267|"
 377      AC3F7294 
 377      EFF05CE8 
 377      02A495B4 
 377      D6B77C00 
 378 1df8 A2833E14 		.string	"\242\203>\024\243\213|4\004\001"
 378      A38B7C34 
 378      040100
 379 1e03 00       		.string	""
 380 1e04 D6178004 		.string	"\326\027\200\004\002\004\202\003\226\037\341|@\032\200\023"
 380      02048203 
 380      961FE17C 
 380      401A8013 
 380      00
 381 1e15 02E1AE00 		.string	"\002\341\256"
 382 1e19 02E000   		.string	"\002\340"
 383 1e1c C7FF6BFD 		.string	"\307\377k\375\216\013\f\016\f\f\230\361\335\223\362|\372|\004\f\354P\036\360\244\023\033t
 383      8E0B0C0E 
 383      0C0C98F1 
 383      DD93F27C 
 383      FA7C040C 
 384 1e87 106FFC68 		.string	"\020o\374h\250\241\013\262\003\030\004\202u@\n\326w\230\016\341\036@\n\254\004,\016\341\0
 384      A8A10BB2 
 384      03180482 
 384      75400AD6 
 384      77980EE1 
 385 1eae 4C15DC00 		.string	"L\025\334"
 386 1eb2 4220C000 		.string	"B \300"
 387 1eb6 5625C000 		.string	"V%\300"
 388 1eba 0C354430 		.string	"\f5D0\t4\250\361\334"
 388      0934A8F1 
 388      DC00
 389 1ec4 4C35C62D 		.string	"L5\306-\026\025\300"
 389      1615C000 
 390 1ecc C71DC000 		.string	"\307\035\300"
 391 1ed0 C000     		.string	"\300"
 392 1ed2 5635F27C 		.string	"V5\362|\f\f"
 392      0C0C00
 393 1ed9 0CDD93C0 		.string	"\f\335\223\300"
 393      00
 394 1ede 6101FA7C 		.string	"a\001\372|\004\f\354\360\036\360\204\233\021\036\223N\225^\227>\217\016\263\024\214\b\031
 394      040CECF0 
 394      1EF0849B 
 394      111E934E 
 394      955E973E 
 395 1f07 0285B381 		.string	"\002\205\263\201\023\213\363\231\004\345\200"
 395      138BF399 
 395      04E58000 
 396 1f13 00       		.string	""
 397 1f14 F8604015 		.string	"\370`@\025\3700@\025@\025\301\036@\025\340,\227\004\340\\\241\013\202\b1\264\242%\257\204
 397      F8304015 
 397      4015C11E 
 397      4015E02C 
 397      9704E05C 
 398 1f3b 747C00   		.string	"t|"
 399 1f3e 0443     		.ascii	"\004C"
 400 1f40 F0804222 		.string	"\360\200B\"\340\220\002#\202E\204M\006t\031\004\2003\340\210\002U\206\033\204\004\3600\03
 400      E0900223 
 400      8245844D 
 400      06741904 
 400      8033E088 
 401 1f6d 33822106 		.string	"3\202!\006\033\250#\346@\f0\3600\002U\002\305\204\004\005\023\340`\354\004\004@\213N\2053
 401      1BA823E6 
 401      400C30F0 
 401      30025502 
 401      C5840405 
 402 1f8e 313C7088 		.string	"1<p\210N\242\202q\202!\341\252Nz\020E\304w\210\003\374\034\344D\204\016\214^\210S\374\034
 402      4EA28271 
 402      8221E1AA 
 402      4E7A1045 
 402      C4778803 
 403 1fed 09FB00   		.string	"\t\373"
 404 1ff0 1904E030 		.string	"\031\004\3400\200c\241\013\346@"
 404      8063A10B 
 404      E64000
 405 1ffb 60C000   		.string	"`\300"
 406 1ffe 00       		.string	""
 407 1fff 258000   		.string	"%\200"
 408 2002 040600   		.string	"\004\006"
 409 2005 00       		.string	""
 410 2006 40258000 		.string	"@%\200"
 411 200a 0406A604 		.string	"\004\006\246\004\221DPX\204\024\344\320\b\360\b\360|N\276N\344\340\225D\274\316\350"
 411      91445058 
 411      8414E4D0 
 411      08F008F0 
 411      7C4EBE4E 
 412 2026 62088271 		.string	"b\b\202q!\013\2004\036\025\200\300L\025\206\030\227\024\336\325\203}\002\013\200\033\f\f\
 412      210B8034 
 412      1E1580C0 
 412      4C158618 
 412      9714DED5 
 413 20fc 0C0382B5 		.string	"\f\003\202\265\201!x\300x0\f\023\2534\226Kj\230\241T\241\013\350"
 413      812178C0 
 413      78300C13 
 413      AB34964B 
 413      6A98A154 
 414 2114 A7348445 		.string	"\2474\204E\255$\253\264\342\244\004\n\017\374C\366\200\bD\226\200"
 414      AD24ABB4 
 414      E2A4040A 
 414      0FFC43F6 
 414      80084496 
 415 212a 54138891 		.string	"T\023\210\221\002q\204a\004\241\204\201\r\205\201!+\264\370\300\f\003\3700\f\023\226;\035
 415      02718461 
 415      04A18481 
 415      0D858121 
 415      2BB4F8C0 
 416 2150 AD24A10B 		.string	"\255$\241\013 \002\370\225\345\240\004\360\006\360\030\022>.\345\320\345\260\n\360\226\00
 416      2002F895 
 416      E5A004F0 
 416      06F01812 
 416      3E2EE5D0 
 417 2181 F018123E 		.string	"\360\030\022>\016\345\300\345\340\n\360\226+\021\004\251D\2534-\004\274\016K\370\206\273\
 417      0EE5C0E5 
 417      E00AF096 
 417      2B1104A9 
 417      44AB342D 
 418 21a3 098405A1 		.string	"\t\204\005\241\013ep"
 418      0B657000 
 419 21ab F0E58004 		.string	"\360\345\200\004\360\n\360\030\022>\016\345\220\274.\226;\233$\255\004J\270\237D\275\004\
 419      F00AF018 
 419      123E0EE5 
 419      90BC2E96 
 419      3B9B24AD 
 420 21ff 2BF1D5A7 		.string	"+\361\325\2474\203}\216\030\036\360\330\325\f\f\345\360\335\223\362|\372|\004\f\354P\036\
 420      34837D8E 
 420      181EF0D8 
 420      D50C0CE5 
 420      F0DD93F2 
 421 2221 5000     		.string	"P"
 422 2223 9B1911E7 		.string	"\233\031\021\347`\201\205\201!x`@#\354\004\002\020\3700@#\241\033\301,\fP\376\025\016@g`|
 422      60818581 
 422      21786040 
 422      23EC0402 
 422      10F83040 
 423 2253 0A88A5C7 		.string	"\n\210\245\307\377x0\016\025\240$\226\013\340B\244:B\230\344X\t\016\350"
 423      FF78300E 
 423      15A02496 
 423      0BE042A4 
 423      3A4298E4 
 424 226c 9C14960B 		.string	"\234\024\226\013\244:\240$\344X\340B\350"
 424      A43AA024 
 424      E458E042 
 424      E800
 425 227a 4208960B 		.string	"B\b\226\013~\016\3400\016\025\244:\240$\344X\340B\350"
 425      7E0EE030 
 425      0E15A43A 
 425      A024E458 
 425      E042E800 
 426 228e 4168FC34 		.string	"Ah\3744\376\024\370`L\023\230\f\211\024\3700L\023\204a\002\241\216\b\210q\364U\201\255\25
 426      FE14F860 
 426      4C13980C 
 426      8914F830 
 426      4C138461 
 427 22c0 401AE482 		.string	"@\032\344\202\002$\344\002\202\317\341|\201\001"
 427      0224E402 
 427      82CFE17C 
 427      810100
 428 22cf C3F28442 		.string	"\303\362\204B\"d\001\004\300B\022\300\200\030\024\362\200\341\307\341|B\022\230#\341'r\20
 428      22640104 
 428      C04212C0 
 428      801814F2 
 428      80E1C7E1 
 429 22f8 442AE48E 		.string	"D*\344\216\006\024\344\016\206O\341|B\022\210#\004 \362\214\300\bd\001\362\200B\022\341|\
 429      0614E40E 
 429      864FE17C 
 429      42128823 
 429      0420F28C 
 430 232c 0212FA04 		.string	"\002\022\372\004\300\177k\375@\020\241\035\240]\034"
 430      C07F6BFD 
 430      4010A11D 
 430      A05D1C00 
 431 233c 40105D93 		.string	"@\020]\223\301\303\234"
 431      C1C39C00 
 432 2344 FA3C04CC 		.string	"\372<\004\314\210k"
 432      886B00
 433 234b 8B602C10 		.string	"\213`,\020\t\001\241\203A 4\310'!O\206{\017\256\202\013\r\256\204\033R\230\210+X\256\3500
 433      0901A183 
 433      412034C8 
 433      27214F86 
 433      7B0FAE82 
 434 2399 044C0580 		.string	"\004L\005\200"
 434      00
 435 239e 00       		.string	""
 436 239f 06F23C0C 		.string	"\006\362<\f\314\301\303\335\223\372|\004\f\3540\036\360\210\233"
 436      CCC1C3DD 
 436      93FA7C04 
 436      0CEC301E 
 436      F0889B00 
 437 23b3 7B602C0E 		.string	"{`,\016\t\016)\204k\203Q`0`\020\016K!_\201\261\0344\206\253|\276\202\013\350\210\004T\210
 437      090E2984 
 437      6B835160 
 437      3060100E 
 437      4B215F81 
 438 23dd 9000     		.string	"\220"
 439 23df 8B0195E4 		.string	"\213\001\225\344\300A\276\231\021\354\004\002\020\3704@\265\340,@\265\376\025\241\033e\20
 439      C041BE99 
 439      11EC0402 
 439      10F83440 
 439      B5E02C40 
 440 2449 30520580 		.string	"0R\005\200"
 440      00
 441 244e 00       		.string	""
 442 244f 0688A102 		.string	"\006\210\241\002\261\232\030\210\221\364\225\203\275\f\f\230\361\335\223\362|\372|\004L\2
 442      B19A1888 
 442      91F49583 
 442      BD0C0C98 
 442      F1DD93F2 
 443 2495 24658282 		.string	"$e\202\202\003\341\204r\230B2s\230\2011\017$\357\354A\376\221\013\241\033\037\374_\374A\3
 443      03E18472 
 443      98423273 
 443      9881310F 
 443      24EFEC41 
 444 24e3 00       		.string	""
 445 24e4 DF07C040 		.string	"\337\007\300@o\375"
 445      6FFD00
 446 24eb 025D93C0 		.string	"\002]\223\300?\373\200"
 446      3FFB8000 
 447 24f3 04FE7C04 		.string	"\004\376|\004\f\354`\036\360\202{\004\233\201a"
 447      0CEC601E 
 447      F0827B04 
 447      9B816100 
 448 2503 5B811112 		.string	"[\201\021\022\013\201\261\001\241\003\n\201\305\202u\342<\360\b"
 448      0B81B101 
 448      A1030A81 
 448      C58275E2 
 448      3CF00800 
 449 2517 25F80400 		.string	"%\370\004"
 450 251b 45564284 		.string	"EVB\204\243\202\021r\254\374\225\217\035`"
 450      A3821172 
 450      ACFC958F 
 450      1D6000
 451 252a 174AE184 		.string	"\027J\341\204"
 451      00
 452 252f A46000   		.string	"\244`"
 453 2532 161AE0FC 		.string	"\026\032\340\374\002\264`"
 453      02B46000 
 454 253a 146A7E0E 		.string	"\024j~\016\242\017\345\200B\na\210B\032\341\204"
 454      A20FE580 
 454      420A6188 
 454      421AE184 
 454      00
 455 254b B4422A7C 		.string	"\264B*|\016>>\355\200\3440\0200^'\211^\211\245\340\\`\034L\312D\n\201\001@\n\341\200\216\
 455      0E3E3EED 
 455      80E43010 
 455      305E2789 
 455      5E89A5E0 
 456 257c 022AE000 		.string	"\002*\340"
 457 2580 420AE000 		.string	"B\n\340"
 458 2584 421AE580 		.string	"B\032\345\200\036'\341\210B\n\340\\\212\245\355\200d|\013\n"
 458      1E27E188 
 458      420AE05C 
 458      8AA5ED80 
 458      647C0B0A 
 459 2599 50823B46 		.string	"P\202;F l\200DR\234"
 459      206C8044 
 459      529C00
 460 25a4 02067B80 		.string	"\002\006{\200"
 460      00
 461 25a9 22C000   		.string	"\"\300"
 462 25ac 2023EC7C 		.string	" #\354|\357\200\b\024l"
 462      EF800814 
 462      6C00
 463 25b6 0A047E04 		.string	"\n\004~\004\241?HR\241\037\004\"x\220\250?\354\004\202\003|\024\224+%?r\204B2i\370\226;\t
 463      A13F4852 
 463      A11F0422 
 463      7890A83F 
 463      EC048203 
 464 25df 8A41F6C0 		.string	"\212A\366\300\377\241\033\017\374\317\374A\366\202aa\f\f\n\220\221\354\265\342@\260\361>\
 464      FFA11B0F 
 464      FCCFFC41 
 464      F6826161 
 464      0C0C0A90 
 465 260e 044C0210 		.string	"\004L\002\020\n(\b\024\354\004\3401a\374\203A\b\023\203\027\003\245x0\006[\354\004\004 \2
 465      0A280814 
 465      EC04E031 
 465      61FC8341 
 465      08138317 
 466 2640 4A427B00 		.string	"JB{"
 467 2644 4663F194 		.string	"Fc\361\224\230S`,\373\024J\022\340\\FS\370\365\241+\fL\201\001\335\223\360"
 467      9853602C 
 467      FB144A12 
 467      E05C4653 
 467      F8F5A12B 
 468 2660 F804040C 		.string	"\370\004\004\f`\210\f4\001E\212{\360\230XR\331}\335.\006\023\376\325D\n\206\003\202\021a\
 468      60880C34 
 468      01458A7B 
 468      F0985852 
 468      D97DDD2E 
 469 26a8 9C00     		.string	"\234"
 470 26aa 4650FCF5 		.string	"FP\374\365\205\033\f\f\201\001\335\223\360\004\372|\004\f\354p\036\360"
 470      851B0C0C 
 470      8101DD93 
 470      F004FA7C 
 470      040CEC70 
 471 26c1 3400     		.string	"4"
 472 26c3 8B0603E1 		.ascii	"\213\006\003\341\374\037\024\202\273\r>\203\007\0354\212k#t\204"
 472      FC1F1482 
 472      BB0D3E83 
 472      071D348A 
 472      6B237484 
 473 26d7 5B21A4A0 		.ascii	"[!\244\240+>\036\202\233\013N\220\013~.\201A\t>\252#<>\226\033"
 473      2B3E1E82 
 473      9B0B4E90 
 473      0B7E2E81 
 473      41093EAA 
 474 26f0 7C5E8A3B 		.ascii	"|^\212;l\330\214[\241\013\357\370\t\004\206u>\256\201A~$\226"
 474      6CD88C5B 
 474      A10BEFF8 
 474      09048675 
 474      3EAE8141 
 475 2707 1B3C0E8C 		.ascii	"\033<\016\214[\2154\220\013"
 475      5B8D3490 
 475      0B
 476 2710 EFF86C08 		.string	"\357\370l\b\202\325\241\013\201A\r$\226\033~\004\214[>~\t\004\3744<\016\200#k\030\220\013
 476      82D5A10B 
 476      81410D24 
 476      961B7E04 
 476      8C5B3E7E 
 477 2756 31EC70A0 		.string	"1\354p\240F\262F:\200\033\202\201a\256"
 477      46B2463A 
 477      801B8281 
 477      61AE00
 478 2765 A5C43788 		.string	"\245\3047\210\013|\f|\f\bU\360\214D\222\374\f\016\305q\230H\242\nC\214\2438C\264S\bN\230S
 478      0B7C0C7C 
 478      0C0855F0 
 478      8C4492FC 
 478      0C0EC571 
 479 2806 0A158C95 		.string	"\n\025\214\225\241\035|"
 479      A11D7C00 
 480 280e 1205820D 		.string	"\022\005\202\r\377\021\201\245\212\365\374\004\022\005\212E\241\013|\004\022\005\202\r\37
 480      FF1181A5 
 480      8AF5FC04 
 480      12058A45 
 480      A10B7C04 
 481 283d BC8C3BE4 		.string	"\274\214;\344\240"
 481      A000
 482 2843 F0960B3E 		.string	"\360\226\013>\016\217\024\274\036VX\376D\r\004\357\370\231$\226\033>\016\2274\225D\224\01
 482      0E8F14BC 
 482      1E5658FE 
 482      440D04EF 
 482      F8992496 
 483 286f 0A810180 		.string	"\n\201\001\200u\202\261\234\016\200\205\221\275\241\013\234\004\001\001\352\345\f\f\350\3
 483      7582B19C 
 483      0E808591 
 483      BDA10B9C 
 483      040101EA 
 484 2893 6B60140C 		.string	"k`\024\f\031\340"
 484      19E000
 485 289a 40C69475 		.string	"@\306\224u\364\035\340\030\f)\222\365\360-\346\206P*\345"
 485      F41DE018 
 485      0C2992F5 
 485      F02DE686 
 485      502AE500 
 486 28ae 110A1921 		.string	"\021\n\031!\222Uv\330\216\013\214\033o\354d0"
 486      925576D8 
 486      8E0B8C1B 
 486      6FEC6430 
 486      00
 487 28bf 70E00402 		.string	"p\340\004\002\006\201\221\001U\002\020A\234\241\033\354\004"
 487      06819101 
 487      55021041 
 487      9CA11BEC 
 487      0400
 488 28d1 60FE9581 		.string	"`\376\225\201\261d\220\201\021\001\225\345"
 488      B1649081 
 488      110195E5 
 488      00
 489 28de 028A4124 		.string	"\002\212A$\200\345V\"\202\021\321\035\372\254"
 489      80E55622 
 489      8211D11D 
 489      FAAC00
 490 28ed B4FE15D8 		.string	"\264\376\025\330\267a\320\230q\017\016\201\241Ha\201\001\003\325@\226\030$\241+\340\b\017
 490      B761D098 
 490      710F0E81 
 490      A1486181 
 490      0103D540 
 491 290f 24813116 		.string	"$\2011\026\003o\354P\b\362\244B\022g\375"
 491      036FEC50 
 491      08F2A442 
 491      1267FD00 
 492 291f 8A41F6C0 		.string	"\212A\366\300\377\241\033\017\374\317\374A\366\201\001\034\f\204q\002\241\321\255\210a\02
 492      FFA11B0F 
 492      FCCFFC41 
 492      F681011C 
 492      0C847102 
 493 295d A9819106 		.string	"\251\201\221\006\016`\020\300"
 493      0E6010C0 
 493      00
 494 2966 72C088BB 		.string	"r\300\210\273\035\236B\226~\036\300\001g\271\213\036\200\004\021\016\215\036c!AV\025\016\
 494      1D9E4296 
 494      7E1EC001 
 494      67B98B1E 
 494      8004110E 
 495 2987 061B0EC0 		.string	"\006\033\016\300\001\217\036\204\013\031\036\223\036\227>\214\033\350"
 495      018F1E84 
 495      0B191E93 
 495      1E973E8C 
 495      1BE800
 496 299a 48C86C04 		.string	"H\310l\004"
 496      00
 497 299f A0E00842 		.string	"\240\340\bB\306t\034\001\n\t\016\201\001\200\210"
 497      C6741C01 
 497      0A090E81 
 497      01808800 
 498 29af A4045002 		.string	"\244\004P\002\360\340\020\020\032\034"
 498      F0E01010 
 498      1A1C00
 499 29ba 02058000 		.string	"\002\005\200"
 500 29be 020600   		.string	"\002\006"
 501 29c1 105E0509 		.string	"\020^\005\t\004\261\213\355\200B\n\300\bB\306B\306\241\013\345\255"
 501      04B18BED 
 501      80420AC0 
 501      0842C642 
 501      C6A10BE5 
 502 29d7 088A95FC 		.string	"\b\212\225\374\036\241\013\374\004~\024\2125\016\013\220{I\230\226+\030\261\350"
 502      1EA10BFC 
 502      047E148A 
 502      350E0B90 
 502      7B499896 
 503 29f0 04068111 		.string	"\004\006\201\021\226\013`\b\357\354r\310\346\236Nz"
 503      960B6008 
 503      EFEC72C8 
 503      E69E4E7A 
 503      00
 504 2a01 068375E7 		.string	"\006\203u\347\255a"
 504      AD6100
 505 2a08 84159D0E 		.string	"\204\025\235\016"
 505      00
 506 2a0d F018341A 		.string	"\360\0304\032D\344\340\341\354\013v\220\033>\016\376$\211\004\222\013<\016\350"
 506      44E4E0E1 
 506      EC0B7690 
 506      1B3E0EFE 
 506      24890492 
 507 2a26 40C86D0C 		.string	"@\310m\f\235\004\223{\202\221|\004\3725\f\f\370\361\335\223\362|\370|\004\fa\006N\n\340\2
 507      9D04937B 
 507      82917C04 
 507      FA350C0C 
 507      F8F1DD93 
 508 2a9c E1841804 		.string	"\341\204\030\004BZ\002\303@\312\346\226\f\f\340\002\2015\360|\301\303\213E\372"
 508      425A02C3 
 508      40CAE696 
 508      0C0CE002 
 508      8135F07C 
 509 2ab6 040C480A 		.string	"\004\fH\n\bk@\n\345\006\n$e\206\002D\341\204\350Ga\260\0304h\007 \037\341\204\340\374"
 509      086B400A 
 509      E5060A24 
 509      65860244 
 509      E184E847 
 510 2ad7 344042A0 		.string	"4@B\240_A\270\360\224B\022o\354\004\006\362\260@@`\001\204\003\3771\2011\007\013r\214B\02
 510      5F41B8F0 
 510      9442126F 
 510      EC0406F2 
 510      B0404060 
 511 2b16 0C0CC1C3 		.string	"\f\f\301\303\335\223`\024D\001\b<\2011\n<\257A\374"
 511      DD936014 
 511      4401083C 
 511      81310A3C 
 511      AF41FC00 
 512 2b2a 06146018 		.string	"\006\024`\030D\001\344\034"
 512      4401E41C 
 512      00
 513 2b33 30601C44 		.string	"0`\034D\001\354\004"
 513      01EC0400 
 514 2b3b 30602044 		.string	"0` D\001DA\302\027\203\001`\020\340$D\021\340(D\021\340,D\001\301\303\335\223\004."
 514      014441C2 
 514      17830160 
 514      10E02444 
 514      11E02844 
 515 2b5b 38A13BFF 		.string	"8\241;\377\374\202\b\204E\202\345\241\013q\200H\"&#\220\001@"
 515      FC820884 
 515      4582E5A1 
 515      0B718048 
 515      22262390 
 516 2b72 90314001 		.string	"\2201@\001s\301s\301F0\006#\300\001\2015\210\003\377\374"
 516      73C173C1 
 516      46300623 
 516      C0018135 
 516      8803FFFC 
 517 2b87 2E860E84 		.string	".\206\016\204.\301\303\335\223\372|\004\f\354P\036\360\206{\t\016a\204"
 517      2EC1C3DD 
 517      93FA7C04 
 517      0CEC501E 
 517      F0867B09 
 518 2b9f 14E0AC06 		.string	"\024\340\254\006t\210k #\204\023\206#\341\016@\032\341\016B*\341\254\004\004a\036V*\341\2
 518      74886B20 
 518      23841386 
 518      23E10E40 
 518      1AE10E42 
 519 2bfe 0168E020 		.string	"\001h\340 R\032\240"
 519      521AA000 
 520 2c06 00       		.string	""
 521 2c07 88521A09 		.string	"\210R\032\t\004"
 521      0400
 522 2c0d F8E02CC0 		.string	"\370\340,\300"
 522      00
 523 2c12 20018010 		.string	" \001\200\020\036\005\200\b\036\025\027\233\200\305\200\265\201\001\276\024\211\004\350"
 523      1E058008 
 523      1E15179B 
 523      80C580B5 
 523      8101BE14 
 524 2c2a 4B086088 		.string	"K\b`\210\002\224\f%\202\221\214\023|\004\341\036R\232\204.\200#\364\265\225\233\250\361\0
 524      02940C25 
 524      82918C13 
 524      7C04E11E 
 524      529A842E 
 525 2c5b 9B00     		.string	"\233"
 526 2c5d 061C14E0 		.string	"\006\034\024\340$\340\200C8\2444\240D\350"
 526      24E08043 
 526      38A434A0 
 526      44E800
 527 2c6c 9E14980E 		.string	"\236\024\230\016\210\013`$B\270\2444\232\016\350"
 527      880B6024 
 527      42B8A434 
 527      9A0EE800 
 528 2c7c F21C0C4C 		.string	"\362\034\fL\301\303\335\223\372<\004\f\202\213\004{`$\016\031\020I\203!\206k`$`(\016Y\034
 528      C1C3DD93 
 528      FA3C040C 
 528      828B047B 
 528      60240E19 
 529 2cd3 6B027BE5 		.string	"k\002{\345\n\345\212B:"
 529      0AE58A42 
 529      3A00
 530 2cdd 00       		.string	""
 531 2cde 0181C001 		.string	"\001\201\300\001g\321r\240B\022\340<D\206o\350qH\177!\2011\205\013\2011\037\374A\376A\376
 531      67D172A0 
 531      4212E03C 
 531      44866FE8 
 531      71487F21 
 532 2d09 64658282 		.string	"de\202\202\003\340\234r\240B\"\340\240\004d\357\350o\350\177\375E\376\305\r\300?\037\375A
 532      03E09C72 
 532      A04222E0 
 532      A00464EF 
 532      E86FE87F 
 533 2d2b 3F1FFD41 		.string	"?\037\375A\376\f\f\300?\335\223\362\f\241\033"
 533      FE0C0CC0 
 533      3FDD93F2 
 533      0CA11B00 
 534 2d3b 5B600840 		.string	"[`\b@\226d"
 534      966400
 535 2d42 185000   		.string	"\030P"
 536 2d45 06C08007 		.string	"\006\300\200\007\n@"
 536      0A4000
 537 2d4c 40C6E640 		.string	"@\306\346@\031\n@"
 537      190A4000 
 538 2d54 C0FF67FC 		.string	"\300\377g\374\300"
 538      C000
 539 2d5a 40C65C08 		.string	"@\306\\\b\241\013\030\024\332"
 539      A10B1814 
 539      DA00
 540 2d64 A15D61FC 		.string	"\241]a\374\340W\002\303\3267\003\307\321\200\030\304B\312\212\303\204\023\340\206\340"
 540      E05702C3 
 540      D63703C7 
 540      D18018C4 
 540      42CA8AC3 
 541 2d7e 0212E10E 		.string	"\002\022\341\016B\032\335\223\220\036e\006D\nB\n\2011"
 541      421ADD93 
 541      901E6506 
 541      440A420A 
 541      813100
 542 2d91 20E586C0 		.string	" \345\206\300\004d\001\362\214B\022\\\b\356\035A\376Z"
 542      046401F2 
 542      8C42125C 
 542      08EE1D41 
 542      FE5A00
 543 2da4 C03F1FFC 		.string	"\300?\037\374\327\007j\027\242\017]\223\372|\004\f\354p\036\360\201a~>\210\273\t.\3404\00
 543      D7076A17 
 543      A20F5D93 
 543      FA7C040C 
 543      EC701EF0 
 544 2dd2 40C6150A 		.string	"@\306\025\n\230\025\226\265\346@\211\004\374\024u\030\3764\004\020o\374\241\013\3440|\004
 544      981596B5 
 544      E6408904 
 544      FC147518 
 544      FE340410 
 545 2df9 B0EFFC81 		.string	"\260\357\374\201\021d U\035\201u\026%\201!\202\021@\004\002\n\301.\376\025\342@\211\021~\
 545      11642055 
 545      1D817516 
 545      25812182 
 545      11400402 
 546 2e7d 14BC4468 		.ascii	"\024\274Dhx\226\013\013d\357\374\210\201\210q\276\024\202a\364"
 546      78960B0B 
 546      64EFFC88 
 546      818871BE 
 546      148261F4 
 547 2e91 B5C36D0C 		.ascii	"\265\303m\f\f\270\361\335\223\362|\372|\004\f\3540\036\360\200"
 547      0CB8F1DD 
 547      93F27CFA 
 547      7C040CEC 
 547      301EF080 
 548 2ea5 6B064A04 		.ascii	"k\006J\004\311\204\nLE\340\300\002I\355\254L\005\340 \304\n\355"
 548      C9840A4C 
 548      45E0C002 
 548      49EDAC4C 
 548      05E020C4 
 549 2ebb A8EE244C 		.ascii	"\250\356$LE\340\314\004I\355\260L\005\340\310\004\t\340\304\004"
 549      45E0CC04 
 549      49EDB04C 
 549      05E0C804 
 549      09E0C404 
 550 2ecf 79EDC04C 		.ascii	"y\355\300LE\340\320\004A\355\274L\005\340,\004\005"
 550      45E0D004 
 550      41EDBC4C 
 550      05E02C04 
 550      05
 551 2ee0 EDB44CC5 		.ascii	"\355\264L\305\355\270Lu\340\324\004\301\340\330\004q\355\304"
 551      EDB84C75 
 551      E0D404C1 
 551      E0D80471 
 551      EDC4
 552 2ef2 4C45E0E0 		.ascii	"LE\340\340\004I\356(L\005\340\334\004\001\355\310L\305\355\314"
 552      0449EE28 
 552      4C05E0DC 
 552      0401EDC8 
 552      4CC5EDCC 
 553 2f06 4C75EDD4 		.ascii	"Lu\355\324LE\340\360\004I\340\344\004\311\340\354\004y\355\320"
 553      4C45E0F0 
 553      0449E0E4 
 553      04C9E0EC 
 553      0479EDD0 
 554 2f1a 4C05E0E8 		.ascii	"L\005\340\350\004\t\355\344LE\355\330L\305\355\340Lu\212\304"
 554      0409EDE4 
 554      4C45EDD8 
 554      4CC5EDE0 
 554      4C758AC4 
 555 2f2e 8844CA84 		.ascii	"\210D\312\204\310t\340\370\004\221\340\374\004\241m\334L\005"
 555      C874E0F8 
 555      0491E0FC 
 555      04A16DDC 
 555      4C05
 556 2f40 4CC58101 		.ascii	"L\305\201\001Lu\355\360L\205\355\364L\225\355\370L\245\356HL"
 556      4C75EDF0 
 556      4C85EDF4 
 556      4C95EDF8 
 556      4CA5EE48 
 557 2f55 05EE     		.ascii	"\005\356"
 558 2f57 4C4C45ED 		.string	"LLE\355\350\006E\355\354\004\305\3404\004u\340\020LE\340\024\006E\356P\004\205\3408\004\2
 558      E80645ED 
 558      EC04C5E0 
 558      340475E0 
 558      104C45E0 
 559 3058 EE344C55 		.string	"\3564LU\356\004L%\2254\374>m\244L\305\377\364Y\316m\234LE\377\370\b\216\f\205\231KP\202\3
 559      EE044C25 
 559      9534FC3E 
 559      6DA44CC5 
 559      FFF459CE 
 560 3088 6E3C4C05 		.string	"n<L\005g"
 560      6700
 561 308e 00       		.string	""
 562 308f 604C05C0 		.string	"`L\005\300\006"
 562      0600
 563 3095 606D98C0 		.string	"`m\230\300\002e"
 563      026500
 564 309c 6E204C35 		.string	"n L5\340\200\006\212f\001\006`P\306@\004Le\340"
 564      E080068A 
 564      66010660 
 564      50C64004 
 564      4C65E000 
 565 30b0 4C05EDA0 		.string	"L\005\355\240L5\356,L%\3560\210u\356\024\355\370\f5\356(\fE\206\265\207M\355\264\f%\344\b
 565      4C35EE2C 
 565      4C25EE30 
 565      8875EE14 
 565      EDF80C35 
 566 30d3 20E17C18 		.string	" \341|\030\004\230\003\375\307a\b\030\004X\002\241\001\251\315\361\260\276\276\202\325\35
 566      049803FD 
 566      C7610818 
 566      045802A1 
 566      01A9CDF1 
 567 3163 00       		.string	""
 568 3164 86058000 		.string	"\206\005\200"
 569 3168 49F6234B 		.string	"I\366#K\021\301\340\f\204e\211!>\264\203\205I\366\245KY\366"
 569      11C1E00C 
 569      84658921 
 569      3EB48385 
 569      49F6A54B 
 570 317f 0C824580 		.string	"\f\202E\200\f\202\365\247K`\fI\366\340\fY\366E\366\001E\211!\340\f\356XLE\356\\L\305\356`
 570      0C82F5A7 
 570      4B600C49 
 570      F6E00C59 
 570      F645F601 
 571 31c3 0C824580 		.string	"\f\202E\200\f\202\365\247K`\fA\366\340\fG\366E\366\001E\211!\340\f\356dL\005\356hL5\356lL
 571      0C82F5A7 
 571      4B600C41 
 571      F6E00C47 
 571      F645F601 
 572 322d 00       		.string	""
 573 322e 82038111 		.string	"\202\003\201\021l\004\356@L\005nDL\005\276\036\201\001\276\004\217U\343\034\001\n\241\253
 573      6C04EE40 
 573      4C056E44 
 573      4C05BE1E 
 573      8101BE04 
 574 3264 6C188185 		.string	"l\030\201\205\216\013h"
 574      8E0B6800 
 575 326c 55188145 		.string	"U\030\201E\216\013h"
 575      8E0B6800 
 576 3274 EE180CA5 		.string	"\356\030\f\245\200\365\243\253\216\013|\024\3748B\b\356\030\f\245\2125\245\253n\b\f\025\f
 576      80F5A3AB 
 576      8E0B7C14 
 576      FC384208 
 576      EE180CA5 
 577 32a4 010A6E28 		.string	"\001\nn(\001\026\340@L\005\200"
 577      0116E040 
 577      4C058000 
 578 32b0 0C058E40 		.string	"\f\005\216@\202\rn \204\004\002\020\216@L\025\346\212@\n\356<\f\025\3548"
 578      820D6E20 
 578      84040210 
 578      8E404C15 
 578      E68A400A 
 579 32cb 00       		.string	""
 580 32cc 4C05801D 		.string	"L\005\200\035\216\013N<\3748V\b\356\030\f\245\210\025\247\253n@\f\005\f\025\207!\001\n\35
 580      8E0B4E3C 
 580      FC385608 
 580      EE180CA5 
 580      8815A7AB 
 581 32f3 00       		.string	""
 582 32f4 0E404C05 		.string	"\016@L\005\f\005\203\rL\025\356 \f\025\316@@\n\356<"
 582      0C05830D 
 582      4C15EE20 
 582      0C15CE40 
 582      400AEE3C 
 583 3309 00       		.string	""
 584 330a E68A801D 		.string	"\346\212\200\035\354\030N<L\005P8\216\013\f\245\350\b>\004\356\030\202\001\257\253"
 584      EC184E3C 
 584      4C055038 
 584      8E0B0CA5 
 584      E8083E04 
 585 3325 0CBE0EA1 		.string	"\f\276\016\241\013\342"
 585      0BE200
 586 332c 0C05E265 		.string	"\f\005\342e\201\021n\004&\006\202\001\372\200"
 586      81116E04 
 586      26068201 
 586      FA8000
 587 333b 040C2583 		.string	"\004\f%\203\225"
 587      9500
 588 3341 00       		.string	""
 589 3342 6D9C0C45 		.ascii	"m\234\fE\354\004\002#\356 \0043\204\021\004S\3400X:\340`FZ\341"
 589      EC040223 
 589      EE200433 
 589      84110453 
 589      E030583A 
 590 335b 9244C3E1 		.ascii	"\222D\303\341\222F\212\3400F2\3500D3\320\220"
 590      92468AE0 
 590      304632E8 
 590      304433D0 
 590      90
 591 336c A10BE060 		.string	"\241\013\340`Y\225\370\365\301\303\201\201\372<\004\f\354\240\036\360T\216-\204\300\020d\
 591      5995F8F5 
 591      C1C38181 
 591      FA3C040C 
 591      ECA01EF0 
 592 346d 00       		.string	""
 593 346e 823D4C05 		.string	"\202=L\005\204\b\202\245\200\300\0060W\304\304\307\354\004\3740\b\305\374u\204\315`\274L5
 593      840882A5 
 593      80C00630 
 593      57C4C4C7 
 593      EC04FC30 
 594 34d8 FA85881D 		.string	"\372\205\210\035\fU\230\024\fE\340<\002\020\340\034\003-\354\004\004C\302'H3\206SHS\3400\
 594      0C559814 
 594      0C45E03C 
 594      0210E01C 
 594      032DEC04 
 595 3578 54866070 		.string	"T\206`pR\002\340<\252\243\361\204\226E\224\235`\224\fU\225[\375\241\fU\224\245\024P\3404\
 595      5202E03C 
 595      AAA3F184 
 595      9645949D 
 595      60940C55 
 596 35ec 60200CB5 		.string	"` \f\265\210\243\226O\360\nH\252\374$\026\225\3740\026\305\346\212DJ\004 \246\223\230\223
 596      88A3964F 
 596      F00A48AA 
 596      FC241695 
 596      FC3016C5 
 597 360c 849DD127 		.string	"\204\235\321'\f%\204\245\2304\340\204\340\034\fEL%\202!\0060`\204\007-\354\004\004C\302'\
 597      0C2584A5 
 597      9834E084 
 597      E01C0C45 
 597      4C258221 
 598 3664 E13C4C15 		.string	"\341<L\025\f\t\202\325@\n\341\320"
 598      0C0982D5 
 598      400AE1D0 
 598      00
 599 3671 26E0904C 		.string	"&\340\220L\005\300"
 599      05C000
 600 3678 4C05C098 		.string	"L\005\300\230"
 600      00
 601 367d 30409C94 		.string	"0@\234\2245\314\020`4\f\005\361\210H2\206\345\210\r\344\004\002"
 601      35CC1060 
 601      340C05F1 
 601      88483286 
 601      E5880DE4 
 602 3694 0614A813 		.ascii	"\006\024\250\023\f5\341\374\206\023`\204\f\025\203\027\242#`"
 602      0C35E1FC 
 602      86136084 
 602      0C158317 
 602      A22360
 603 36a7 1C840302 		.ascii	"\034\204\003\0021`\204L5"
 603      3160844C 
 603      35
 604 36b0 4C25C237 		.string	"L%\3027\206\023`\210`0B#L\005\217!B\003\340\214L%\340`\347U\340\230`8\f\005\361\210J\022\
 604      86136088 
 604      60304223 
 604      4C058F21 
 604      4203E08C 
 605 3749 00       		.string	""
 606 374a F18CA813 		.string	"\361\214\250\023l\030`\274L5L%\200=L\225\340\234L\025\340\224L\005\340\300\335u\300\274`x
 606      6C1860BC 
 606      4C354C25 
 606      803D4C95 
 606      E09C4C15 
 607 3771 54718000 		.string	"Tq\200"
 608 3775 C3E08883 		.string	"\303\340\210\203U\212\013\030u\363D\f\205\370\f\304G\340 \020E\304w\020u\374\020Hr\374\03
 608      558A0B18 
 608      75F3440C 
 608      85F80CC4 
 608      47E02010 
 609 379e 4050EC04 		.string	"@P\354\004\nP\372e\205]\340\204\f%\fE\2304\fU\340<\202!`\034`\204L%\354\004\0060\302'\007
 609      0A50FA65 
 609      855DE084 
 609      0C250C45 
 609      98340C55 
 610 37e3 10C1C3F5 		.string	"\020\301\303\365\005\372\374\004\f\207\201"
 610      05FAFC04 
 610      0C878100 
 611 37ef 6BE0900C 		.string	"k\340\220\f\005\340\030\f\025\340\204\fu`\230L\205\254\325\241\r\340\214\f%\254E\205\r` \
 611      05E0180C 
 611      15E0840C 
 611      7560984C 
 611      85ACD5A1 
 612 3882 85451804 		.string	"\205E\030\004l\004\002\305\340\210\022T|0\002\225\340\210\304\307\374$|0\004\305\004\225\
 612      6C0402C5 
 612      E0881254 
 612      7C300295 
 612      E088C4C7 
 613 38b9 904C559C 		.string	"\220LU\234"
 613      00
 614 38be 40509C00 		.string	"@P\234"
 615 38c2 48C0EC04 		.string	"H\300\354\004\0060\366\225\241;\214\033\003!\350\004}(a<\fE\f5\377\301\022``4\f\025\346 \
 615      0630F695 
 615      A13B8C1B 
 615      0321E804 
 615      7D28613C 
 616 38f4 FA00     		.string	"\372"
 617 38f6 4422E090 		.string	"D\"\340\220L%\f\025\260E\230\035\340\204\f\005\256\005\024\024`\034\f\305\340\204\200\243
 617      4C250C15 
 617      B045981D 
 617      E0840C05 
 617      AE051414 
 618 3924 4C158433 		.string	"L\025\2043\b\024`\204\b\003\340\204\f\245\221\021L\025\340P\214\033`P\3400@#``@3\373"
 618      08146084 
 618      0803E084 
 618      0CA59111 
 618      4C15E050 
 619 3946 00       		.string	""
 620 3947 34E80855 		.string	"4\350\bU\350\f\025\230$\f5\340\204L\245\340\034\004 `P\005\035\354\004\340\204\004\024F\0
 620      E80C1598 
 620      240C35E0 
 620      844CA5E0 
 620      1C042060 
 621 3a1a 00       		.string	""
 622 3a1b 144F388C 		.string	"\024O8\214\033\f\025\350\b\f%\340\204\302\027\340\034D\003\202#\205\025\340`\206\365\241}
 622      1B0C15E8 
 622      080C25E0 
 622      84C217E0 
 622      1C440382 
 623 3afa 00       		.string	""
 624 3afb 76E0984C 		.string	"v\340\230L\005\213\245\356\245``\024\243H\242\206\303\244C\373\020\216\005\230M\202\021\0
 624      058BA5EE 
 624      A5606014 
 624      A348A286 
 624      C3A443FB 
 625 3b55 0482E58C 		.string	"\004\202\345\214\033{"
 625      1B7B00
 626 3b5c E8084548 		.string	"\350\bEH\340\204\f\025\340\034\f%\340\204\006\024D\003\206#\230\004\340`\340\230L\205\354
 626      E0840C15 
 626      E01C0C25 
 626      E0840614 
 626      44038623 
 627 3b7b 00       		.string	""
 628 3b7c DE65811D 		.string	"\336e\201\035\f5\203\265\244S`@\340\242F:\202\245\206]"
 628      0C3583B5 
 628      A4536040 
 628      E0A2463A 
 628      82A5865D 
 629 3b91 19820382 		.string	"\031\202\003\202\021\341\340\341\340@\021\340\220\f%\340\034\f\005\340\204\f\025\340\204\
 629      11E1E0E1 
 629      E04011E0 
 629      900C25E0 
 629      1C0C05E0 
 630 3c5e 0C15E094 		.string	"\f\025\340\224L%`\230L\205\361\200@\"`\274L\005L%\242#\341%\340\300\370\034\004\f\201a\00
 630      4C256098 
 630      4C85F180 
 630      402260BC 
 630      4C054C25 
 631 3c83 1500     		.string	"\025"
 632 3c85 45817188 		.string	"E\201q\2104\340\240\310\304\212T"
 632      34E0A0C8 
 632      C48A5400 
 633 3c91 35CA2486 		.string	"5\312$\206S`\030XR\230S\202[p\210\004@U\316\201\325\354\020\202q\002\204|\030\020\205\360
 633      53601858 
 633      52985382 
 633      5B708804 
 633      4055CE81 
 634 3d0f 7500     		.string	"u"
 635 3d11 35FF6181 		.string	"5\377a\201\021`\300`\030"
 635      1160C060 
 635      1800
 636 3d1b 25401581 		.string	"%@\025\201\201@e\340|"
 636      814065E0 
 636      7C00
 637 3d25 15E08800 		.string	"\025\340\210"
 638 3d29 C5E0B440 		.string	"\305\340\264@e\340\250%>\341@\340\210\006t`\330"
 638      65E0A825 
 638      3EE140E0 
 638      88067460 
 638      D800
 639 3d3b 3500     		.string	"5"
 640 3d3d 45862316 		.string	"E\206#\026 `lJ\312\354@\201!f\206F\206!>(3\340<\033>\240Q\344@\006\020\b\020\0137|>\344\0
 640      20606C4A 
 640      CAEC4081 
 640      21668646 
 640      86213E28 
 641 3d7d 15951E93 		.string	"\025\225\036\223\036\340\334\340\340"
 641      1EE0DCE0 
 641      E000
 642 3d87 1500     		.string	"\025"
 643 3d89 15FE1E8D 		.string	"\025\376\036\215\036\340(\340,"
 643      1EE028E0 
 643      2C00
 644 3d93 1500     		.string	"\025"
 645 3d95 15911E8F 		.string	"\025\221\036\217\316\340$\035\036\243~\340\204\002\304\201\021\013\036\216\303+\036\201\0
 645      CEE0241D 
 645      1EA37EE0 
 645      8402C481 
 645      110B1E8E 
 646 3db8 0B0AE404 		.string	"\013\n\344\004\032H\347 \026\025\300"
 646      1A48E720 
 646      1615C000 
 647 3dc4 A24D6010 		.string	"\242M`\020^E\255n^%\300\\\230\365\300L\304\027'\276`\254"
 647      5E45AD6E 
 647      5E25C05C 
 647      98F5C04C 
 647      C41727BE 
 648 3ddb 3519748C 		.string	"5\031t\214\273\006\305\216k\2534\374\004\004\315\256\303+>\2103\234"
 648      BB06C58E 
 648      6BAB34FC 
 648      0404CDAE 
 648      C32B3E88 
 649 3df2 58204E60 		.string	"X N`\016\005)\216\234"
 649      0E05298E 
 649      9C00
 650 3dfc AF4E988B 		.string	"\257N\230\213\340\260"
 650      E0B000
 651 3e03 358BC48F 		.string	"5\213\304\217D\374\004\006\025`\204\006\024\2103\216\023\3402F:F:\235\304\220\313f\262\34
 651      44FC0406 
 651      15608406 
 651      1488338E 
 651      13E03246 
 652 3e22 0630463A 		.string	"\0060F:\3177\r4\346\222B\032\206\023B\032\360\n\002\020\346\216\321\027\346"
 652      CF370D34 
 652      E692421A 
 652      8613421A 
 652      F00A0210 
 653 3e3c 1E4582CD 		.string	"\036E\202\315X "
 653      582000
 654 3e43 5C1E859C 		.string	"\\\036\205\234"
 654      00
 655 3e48 1E758050 		.ascii	"\036u\200P\202e\200D\226k/D\340\210@\225\241K\251\204\201\021"
 655      82658044 
 655      966B2F44 
 655      E0884095 
 655      A14BA984 
 656 3e5e 80C581E5 		.ascii	"\200\305\201\345\253\036\226k\001\345\203A<\024\341@@\225\224"
 656      AB1E966B 
 656      01E58341 
 656      3C14E140 
 656      409594
 657 3e71 13A5247B 		.ascii	"\023\245${\bD\022\245.\201\021\243t\253\036"
 657      084412A5 
 657      2E8111A3 
 657      74AB1E
 658 3e80 AB249B14 		.string	"\253$\233\024\202-\247\264\300"
 658      822DA7B4 
 658      C000
 659 3e8a 13F81278 		.string	"\023\370\022x\243ML\200@"
 659      A34D4C80 
 659      4000
 660 3e94 27CEDC00 		.string	"'\316\334"
 661 3e98 16158321 		.string	"\026\025\203!\257.\340\020` \026%\340\210\b\024\340 "
 661      AF2EE010 
 661      60201625 
 661      E0880814 
 661      E02000
 662 3eab 35E01000 		.string	"5\340\020"
 663 3eaf 15C42721 		.string	"\025\304'!\304\374\020\006e\374\b\006%|\020\002E\020\005\231\255\223\304\214#\236e\231\25
 663      C4FC1006 
 663      65FC0806 
 663      257C1002 
 663      45100599 
 664 3ef3 580FB89C 		.string	"X\017\270\234"
 664      00
 665 3ef8 298E8000 		.string	")\216\200"
 666 3efc E4100E40 		.ascii	"\344\020\016@\307w@\304\263\021\037\036\346\206D*\030%\235\024"
 666      C77740C4 
 666      B3111F1E 
 666      E686442A 
 666      18259D14 
 667 3f10 10207C0C 		.ascii	"\020 |\f\0374\344\bNz"
 667      1F34E408 
 667      4E7A
 668 3f1a C58782CB 		.string	"\305\207\202\313f\206\255\021\b\203H:\020qIw\346\206\340\230\002$\006\006\016\203\002\203
 668      6686AD11 
 668      0883483A 
 668      10714977 
 668      E686E098 
 669 401b 6BA374AD 		.string	"k\243t\255\224\247\304\257D\215U\237T\304w\254t\374\034\006\025B2\2764\006\024\372\004L\"
 669      94A7C4AF 
 669      448D559F 
 669      54C477AC 
 669      74FC1C06 
 670 4049 35E410C7 		.string	"5\344\020\307\307`\024\204C\035\204|\034\0065X\312\207q\020\301\346\242I\307\206\023\030C
 670      C7601484 
 670      431D847C 
 670      1C063558 
 670      CA877110 
 671 40b5 1584958E 		.string	"\025\204\225\216\243`\360`\240"
 671      A360F060 
 671      A000
 672 40bf 25854187 		.string	"%\205A\2071D*\224\023\006\020f\216\205=\344\020@H^\025@\025\203\021\201\265\340|\201\225\
 672      31442A94 
 672      13061066 
 672      8E853DE4 
 672      1040485E 
 673 410f 15832D82 		.string	"\025\203-\202!\300\210@e\036\360\001\021@\025\345\200\f\f\340\230\335\223\360|\370|\004\f
 673      21C08840 
 673      651EF001 
 673      114015E5 
 673      800C0CE0 
 674 413f 2500     		.string	"%"
 675 4141 1581B181 		.string	"\025\201\261\201a`\264`\214@5@5\201\221\244SaD`\300"
 675      6160B460 
 675      8C403540 
 675      358191A4 
 675      53614460 
 676 4157 35E44004 		.string	"5\344@\004\020`\250"
 676      1060A800 
 677 415f C500     		.string	"\305"
 678 4161 458B27A9 		.string	"E\213'\251>\340\274\340\030"
 678      3EE0BCE0 
 678      1800
 679 416b A5041009 		.string	"\245\004\020\t.\007'\344\020\346\206F\312DB~.D'\361\260P\242\2401\004\020p\210\002\021\34
 679      2E0727E4 
 679      10E68646 
 679      CA44427E 
 679      2E4427F1 
 680 41a1 159B1EA5 		.string	"\025\233\036\245\036\340\344\340\350"
 680      1EE0E4E0 
 680      E800
 681 41ab 1500     		.string	"\025"
 682 41ad 15991E8D 		.string	"\025\231\036\215\036\340\354\340("
 682      1EE0ECE0 
 682      2800
 683 41b7 1500     		.string	"\025"
 684 41b9 15931E97 		.string	"\025\223\036\227\036\340,\340$"
 684      1EE02CE0 
 684      2400
 685 41c3 15231E95 		.string	"\025#\036\225\316\340\204\002\304\270\033\021\036\377\021|\036\201\021\013\036\201\301\03
 685      CEE08402 
 685      C4B81B11 
 685      1EFF117C 
 685      1E81110B 
 686 41e8 5C00     		.string	"\\"
 687 41ea 4E30DC00 		.string	"N0\334"
 688 41ee 46C02DAE 		.string	"F\300-\256\226U $\214\253"
 688      96552024 
 688      8CAB00
 689 41f9 15886B98 		.string	"\025\210k\230\263`\254\304'\237D\374\b\002\025\361\220N\022\f\005\206}\234"
 689      B360ACC4 
 689      279F44FC 
 689      080215F1 
 689      904E120C 
 690 4212 4E308E9B 		.string	"N0\216\233/\236\340\260"
 690      2F9EE0B0 
 690      00
 691 421b 55917495 		.string	"U\221t\225\024\374\b\n%`\204\n$\202S\210#\340\036JZJZ\243t\222{f\236\345"
 691      14FC080A 
 691      2560840A 
 691      24825388 
 691      23E01E4A 
 692 423a 0A504A5A 		.string	"\nPJZ\317W\223\024\346\206D*\212#D*\360\n\004 \346\206\321'\346"
 692      CF579314 
 692      E686442A 
 692      8A23442A 
 692      F00A0420 
 693 4254 1E95847D 		.string	"\036\225\204}N0"
 693      4E3000
 694 425b 5C82059C 		.string	"\\\202\005\234"
 694      00
 695 4260 A1CB0C4B 		.string	"\241\313\fK\340\214@E\001\345\200\245\001\325\201\261|$\214K@E\201\261\203\301aD\210#\251
 695      E08C4045 
 695      01E580A5 
 695      01D581B1 
 695      7C248C4B 
 696 4292 13488331 		.string	"\023H\2031#\315\\"
 696      23CD5C00 
 697 429a 46C0DC00 		.string	"F\300\334"
 698 429e 4A90C000 		.string	"J\220\300"
 699 42a2 11B8ADBE 		.string	"\021\270\255\276\253~\370\020\024%\340 "
 699      AB7EF810 
 699      1425E020 
 699      00
 700 42af 55F82014 		.string	"U\370 \024\305\304'%\024\374\b\n\265`\020"
 700      C5C42725 
 700      14FC080A 
 700      B5601000 
 701 42bf 250A75C4 		.string	"%\nu\304\307\203m|0\3740\004\305\216\263\016e\203m\231\024\215\024\234%\203m\250t\002\024
 701      C7836D7C 
 701      30FC3004 
 701      C58EB30E 
 701      65836D99 
 702 42fa 0FA812C0 		.ascii	"\017\250\022\300/\236'\216\344\020\300\024\307\227\263\021>\036"
 702      2F9E278E 
 702      E410C014 
 702      C797B311 
 702      3E1E
 703 430c E68650BA 		.ascii	"\346\206P\272>\264\243\024\305\207\204\201f\206R\232\026\265"
 703      3EB4A314 
 703      C5878481 
 703      6686529A 
 703      16B5
 704 431e 9883ADC1 		.ascii	"\230\203\255\301|\034X*\020\221I\227\346\262\340\004\016\006"
 704      7C1C582A 
 704      10914997 
 704      E6B2E004 
 704      0E06
 705 4330 04B41283 		.ascii	"\004\264\022\203"
 706 4334 0483E098 		.string	"\004\203\340\230\020\303\203\221\023E\217\201\247\216\203!\024u\250$\024\205\340\020/\236
 706      10C38391 
 706      13458F81 
 706      A78E8321 
 706      1475A824 
 707 4435 15E410C7 		.string	"\025\344\020\307\207`\024\226\303#\224|\034\002\025\340\004\016\006\346\246P\212\202#\020
 707      87601496 
 707      C323947C 
 707      1C0215E0 
 707      040E06E6 
 708 4498 82112B74 		.string	"\202\021+t\206\225\235\036`\364"
 708      86959D1E 
 708      60F400
 709 44a3 15984B84 		.string	"\025\230K\204\313q\204F\"\0020\377!)$\354@\225\024\204\035\\"
 709      CB718446 
 709      220230FF 
 709      212924EC 
 709      40951484 
 710 44ba 44301E25 		.string	"D0\036%\203=\203\021@P`\200@\025\213N\2051\201E\251.\255\264\247\204\006\313\253t\b@\202a
 710      833D8311 
 710      40506080 
 710      40158B4E 
 710      85318145 
 711 4503 15832D82 		.string	"\025\203-\202!\300\214@5\036\360\001\021@\025\345\200\f\f\340\230\335\223\360|\370|\004\f
 711      21C08C40 
 711      351EF001 
 711      114015E5 
 711      800C0CE0 
 712 4527 854015FF 		.string	"\205@\025\377\021"
 712      1100
 713 452d 15E09091 		.string	"\025\340\220\221\036\340\300\3400"
 713      1EE0C0E0 
 713      3000
 714 4537 15E01800 		.string	"\025\340\030"
 715 453b B500     		.string	"\265"
 716 453d 158D1E8B 		.string	"\025\215\036\213\036\340$\340d"
 716      1EE024E0 
 716      6400
 717 4547 1589BEFE 		.string	"\025\211\276\376\216\201\021\017\036\201\021\023\036\201\021>\036\255\265\374\036\343\034
 717      8E81110F 
 717      1E811113 
 717      1E81113E 
 717      1EADB5FC 
 718 4562 16E86020 		.string	"\026\350` "
 718      00
 719 4567 75E08806 		.string	"u\340\210\006\244|\f\026\205\217\024\202!\016\225\304\207\241\033| \226\305\223.\264\023\
 719      A47C0C16 
 719      858F1482 
 719      210E95C4 
 719      87A11B7C 
 720 458b 15065596 		.string	"\025\006U\2263\006%\372\020\304W\340 |\024\016E\016\305\304'\004\020|\b\207'\344\020\372\
 720      330625FA 
 720      10C457E0 
 720      207C140E 
 720      450EC5C4 
 721 45af 95082492 		.string	"\225\b$\222\303L\302\340\204\022\205\361\220\243m| \244\265\274\216`\024"
 721      C34CC2E0 
 721      841285F1 
 721      90A36D7C 
 721      20A4B5BC 
 722 45c7 458B94C2 		.string	"E\213\224\302g|\024\bE\344\020\n\200\230\203GW\346\246JZd\b\026@E\267\210#V\272\220Q\311W
 722      677C1408 
 722      45E4100A 
 722      80988347 
 722      57E6A64A 
 723 4608 1EB5846D 		.string	"\036\265\204m\232\345\200\020\204m\374$\300\220@\245\211\264\276$\300\b^e\230\265\241+\34
 723      9AE58010 
 723      846DFC24 
 723      C09040A5 
 723      89B4BE24 
 724 4627 2544A291 		.string	"%D\242\221DH\"\361\210\203!z\020\276.\221N"
 724      444822F1 
 724      8883217A 
 724      10BE2E91 
 724      4E00
 725 4639 658BA542 		.string	"e\213\245B\262`\264\002E\360\214"
 725      B260B402 
 725      45F08C00 
 726 4645 B5FA1006 		.ascii	"\265\372\020\006`\340\024DG\344\020"
 726      60E01444 
 726      47E410
 727 4650 0E258737 		.string	"\016%\2077\026\305\374\020J2\374 \004\224z\b\006T\340\204F\"\340\204\243=\361\214\300\020
 727      16C5FC10 
 727      4A32FC20 
 727      04947A08 
 727      0654E084 
 728 46b4 1EB5883D 		.string	"\036\265\210=\036\305\200\020\230e\200"
 728      1EC58010 
 728      98658000 
 729 46c0 89B4FC44 		.string	"\211\264\374D@\245\210=^5\300\220\2764\300\b\241;\274\304"
 729      40A5883D 
 729      5E35C090 
 729      BE34C008 
 729      A13BBCC4 
 730 46d5 35961591 		.string	"5\226\025\221D\340\370\361\214F\242z\020H2\221N\2031\211\325\276>\020\240\f4\004\204\354\
 730      44E0F8F1 
 730      8C46A27A 
 730      10483291 
 730      4E833189 
 731 476e 0420841D 		.string	"\004 \204\035\317'\374$\226\305@\245\204\035^\025\300\220\211\265\300\b\020\240\002D\004T
 731      CF27FC24 
 731      96C540A5 
 731      841D5E15 
 731      C09089B5 
 732 4808 8465823D 		.string	"\204e\202=\202=\374\024\300\220@\245\300\b^5\241\033\276\024"
 732      823DFC14 
 732      C09040A5 
 732      C0085E35 
 732      A11BBE14 
 733 481d 15825511 		.string	"\025\202U\021\024\340\370B\242\242\243\021\036\372\004\276\036\203\021\220\253\021\024\20
 733      14E0F842 
 733      A2A2A311 
 733      1EFA04BE 
 733      1E831190 
 734 484f 1500     		.string	"\025"
 735 4851 25814181 		.string	"%\201A\201Q`\240\201\205\2044\006\315\305\304\3730F2\034"
 735      5160A081 
 735      85843406 
 735      CDC5C4FB 
 735      3046321C 
 736 4866 4850855D 		.string	"HP\205]\202Q@E\376\025\335\223\340\270\370|\004\f`\030\002e\2165\243+\340L\002U\224e\201]
 736      82514045 
 736      FE15DD93 
 736      E0B8F87C 
 736      040C6018 
 737 4898 804B8381 		.string	"\200K\203\201\340\210\006$\374\f\0305\206\253\003\365\370\004\f\225\030\225\304\227\225\2
 737      E0880624 
 737      FC0C1835 
 737      86AB03F5 
 737      F8040C95 
 738 4926 855D880B 		.string	"\205]\210\013\334"
 738      DC00
 739 492c F07C0C0C 		.string	"\360|\f\f\301\303\335\223\370|\004\f\354\200\036\360\340\204"
 739      C1C3DD93 
 739      F87C040C 
 739      EC801EF0 
 739      E08400
 740 493f 15B0F5A1 		.string	"\025\260\365\241\035`\034"
 740      1D601C00 
 741 4947 25E08412 		.string	"%\340\204\022\024\022s\204\223\241}\3400"
 741      14127384 
 741      93A17DE0 
 741      3000
 742 4955 45AED587 		.string	"E\256\325\207Q`\240\340`\0223\346\226PJ\254\245\221=\254u\241=\254%\221}\fp\t."
 742      5160A0E0 
 742      601233E6 
 742      96504AAC 
 742      A5913DAC 
 743 4975 45E40C00 		.string	"E\344\f"
 744 4979 A5E0B4A0 		.string	"\245\340\264\240A\340\324a|\nD\372\200\004\244\367W\017.\004\244\nC\013G\341\240\rN\341\2
 744      41E0D461 
 744      7C0A44FA 
 744      8004A4F7 
 744      570F2E04 
 745 499f 55FA8016 		.string	"U\372\200\026$\376.\374\256TR\013^\001Q\360\220\201\305\201A\202ai$\340 "
 745      24FE2EFC 
 745      AE54520B 
 745      5E0151F0 
 745      9081C581 
 746 49bb C51825C4 		.string	"\305\030%\304'\204!\374\bH\"\205'\206m\372\020\017\304\374\205\022#\240\035\216\303\300,\
 746      278421FC 
 746      08482285 
 746      27866DFA 
 746      100FC4FC 
 747 4a3a 0412E800 		.string	"\004\022\350"
 748 4a3e 0212A293 		.string	"\002\022\242\223\004\263\374\005\216\215\030\220\013\204\017\024\344\b\344\b\006\260\003%
 748      04B3FC05 
 748      8E8D1890 
 748      0B840F14 
 748      E408E408 
 749 4a65 25FC0444 		.string	"%\374\004D*\340$\212\023f\206\345"
 749      2AE0248A 
 749      136686E5 
 749      00
 750 4a72 04204A12 		.string	"\004 J\022\317'\216m\360\210\376\024\372\345\364 \002\212\f4\210\325\205\307a\b\361\260Fb
 750      CF278E6D 
 750      F088FE14 
 750      FAE5F420 
 750      028A0C34 
 751 4a97 057C248C 		.string	"\005|$\214\303B\312\212\303\321\007\360\n\372\200"
 751      C342CA8A 
 751      C3D107F0 
 751      0AFA8000 
 752 4aa7 04E69240 		.string	"\004\346\222@\n\346\212B\032\005\007\204\001\346"
 752      0AE68A42 
 752      1A050784 
 752      01E600
 753 4ab6 02109117 		.string	"\002\020\221\027\006\003\202\r>\004\320\244@\002\301\340"
 753      0603820D 
 753      3E04D0A4 
 753      4002C1E0 
 753      00
 754 4ac7 19C40402 		.string	"\031\304\004\002\020\301\340@\021\f\f\300\361\335\223\360|\370|\004\f\354@\036\360`\250"
 754      10C1E040 
 754      110C0CC0 
 754      F1DD93F0 
 754      7CF87C04 
 755 4ae3 1500     		.string	"\025"
 756 4ae5 75814100 		.string	"u\201A"
 757 4ae9 25E0AC00 		.string	"%\340\254"
 758 4aed A5E0B0A3 		.string	"\245\340\260\243\035`\240\210N\234N\203\023\2045\215\363\2033\234\304\202T\374\020\nU\234
 758      1D60A088 
 758      4E9C4E83 
 758      1384358D 
 758      F383339C 
 759 4b2c DC00     		.string	"\334"
 760 4b2e 50506088 		.string	"PP`\210\006D|>\216k\340\210\026\024\376\f\f\225\202\241~\256\242\243\t\023\212\253>\256\2
 760      06447C3E 
 760      8E6BE088 
 760      1614FE0C 
 760      0C9582A1 
 761 4b75 D8E01C0E 		.string	"\330\340\034\016\020\240"
 761      10A000
 762 4b7c 8F13EC04 		.string	"\217\023\354\004\207s\2033\341t\3314\2563\325\224\361>\2223\030 @T\210u\344\020`\210\016D
 762      87738333 
 762      E174D934 
 762      AE33D594 
 762      F13E9233 
 763 4bb8 7C0C1295 		.string	"|\f\022\225\351\264\222\253\022\203\266\203\361\216\224\233FR@T\304G\360\234 \001"
 763      E9B492AB 
 763      1283B683 
 763      F18E949B 
 763      46524054 
 764 4bd3 A8582240 		.string	"\250X\"@"
 764      00
 765 4bd8 8305F090 		.string	"\203\005\360\220\212;\004k\240"
 765      8A3B046B 
 765      A000
 766 4be2 00       		.string	""
 767 4be3 D8EC0400 		.string	"\330\354\004"
 768 4be7 10833381 		.string	"\020\2033\201\023\331\004\207s\325$\315\024\204\003\242\003\240\361\361\016\360|\f\f\301\
 768      13D90487 
 768      73D524CD 
 768      148403A2 
 768      03A0F1F1 
 769 4c3a 83F50E04 		.string	"\203\365\016\004d\004\006u\340\210\020d|\034\006\205\340\210\304w\374 |\034\b\225\bu\304\
 769      64040675 
 769      E0881064 
 769      7C1C0685 
 769      E088C477 
 770 4c83 5500     		.string	"U"
 771 4c85 45813102 		.string	"E\2011\002T\340\030\004T`\210\201\305\340\214JB\b\313q>\360\204\224>\204C\2021\020>`\240"
 771      54E01804 
 771      54608881 
 771      C5E08C4A 
 771      4208CB71 
 772 4ca7 558B3D98 		.string	"U\213=\230K\335\223\374\225\370|\004\f\354\240\036\360\2011-\r\004U\2545\004E\341\004\004
 772      4BDD93FC 
 772      95F87C04 
 772      0CECA01E 
 772      F081312D 
 773 4d84 4662E128 		.string	"Fb\341(F:\361\214\221\004\346\202\210%\202=\304\247\213\244\374(\b\005\n\225\304\007\004\
 773      463AF18C 
 773      9104E682 
 773      8825823D 
 773      C4A78BA4 
 774 4da4 4292E12C 		.string	"B\222\341,B\032\361\230\211\004\346\202\204%\206\035\0045\374\004\304\007\3410\374"
 774      421AF198 
 774      8904E682 
 774      8425861D 
 774      0435FC04 
 775 4dbe 08050A05 		.string	"\b\005\n\005\304\007\262\003\374"
 775      C407B203 
 775      FC00
 776 4dc8 E68E400A 		.string	"\346\216@\n\202\r~\004\200\004\036\005\210u\251\r\340t\004\025\340\224B\n\217\304\206\305
 776      820D7E04 
 776      80041E05 
 776      8875A90D 
 776      E0740415 
 777 4e13 00       		.string	""
 778 4e14 0C0CD0F1 		.ascii	"\f\f\320\361\335\223\360|\006\013\200;"
 778      DD93F07C 
 778      060B803B 
 779 4e20 0C0CD0F1 		.string	"\f\f\320\361\335\223\360|\372|\004\f\354\220\036\360\202{\013.\002@\t\016"
 779      DD93F07C 
 779      FA7C040C 
 779      EC901EF0 
 779      827B0B2E 
 780 4e39 08E4C0E7 		.string	"\b\344\300\347"
 780      00
 781 4e3e 04406640 		.string	"\004@f@\n@\001\365\231\301Be\201a\030\300x0\305n\354\004Be\325lJc\340,\311f\340,\340,Da\3
 781      0A4001F5 
 781      99C14265 
 781      816118C0 
 781      7830C56E 
 782 4e72 00       		.string	""
 783 4e73 4000     		.string	"@"
 784 4e75 403E0E7E 		.string	"@>\016~\036\346@\344\300\0220d\300\024@\346@\f0\201\201\021\016\022\005\215E\231!x0C8\234
 784      1EE640E4 
 784      C0123064 
 784      C01440E6 
 784      400C3081 
 785 4f13 13402A8E 		.string	"\023@*\2168D\032\340\222\021D\340\222\002\002\241;\222\013`"
 785      38441AE0 
 785      921144E0 
 785      920202A1 
 785      3B920B60 
 786 4f28 6000     		.string	"`"
 787 4f2a 0622EBFC 		.string	"\006\"\353\374\004\022\0022>4"
 787      04120232 
 787      3E3400
 788 4f35 06EBFCA1 		.string	"\006\353\374\241\235@"
 788      9D4000
 789 4f3c 9C00     		.string	"\234"
 790 4f3e 40906030 		.string	"@\220`0H\003\f&\2203F\021\202\201\217\224\3400\221\276\215\244\202\b\213\004\346U\201\215
 790      48030C26 
 790      90334611 
 790      82818F94 
 790      E03091BE 
 791 4f6b 447C00   		.string	"D|"
 792 4f6e 0A03F080 		.string	"\n\003\360\200XR\340\220\030\303\375\001 \303\200\315<\004\227\200\030\304D\004\030\300\2
 792      5852E090 
 792      18C3FD01 
 792      20C380CD 
 792      3C049780 
 793 4f9e 6401728C 		.string	"d\001r\214D\"\336'\343\307\002\315\244\317\200\365\223\021\n)\210S\342-\341\340\213\021\2
 793      4422DE27 
 793      E3C702CD 
 793      A4CF80F5 
 793      93110A29 
 794 4fd6 0A06D194 		.string	"\n\006\321\224J\022\202\025\313=\340\020"
 794      4A128215 
 794      CB3DE010 
 794      00
 795 4fe3 0B8203C6 		.string	"\013\202\003\306\007\\\b\300=\004C\232"
 795      075C08C0 
 795      3D04439A 
 795      00
 796 4ff0 48018501 		.string	"H\001\205\001\335\223\343\220\372|\004\f\3550\036\360\036%\233.\267\304\340\210\231A\035N
 796      DD93E390 
 796      FA7C040C 
 796      ED301EF0 
 796      1E259B2E 
 797 5046 4F06E008 		.string	"O\006\340\b\021\006\201\221!>\026\025\207\325\002\n\374\034\307\377c\375H\302\214e\215\02
 797      11068191 
 797      213E1615 
 797      87D5020A 
 797      FC1CC7FF 
 798 5078 821AC390 		.string	"\202\032\303\220\202e\241\033p\234D\302\004%\316\027\302-\3400\300"
 798      8265A11B 
 798      709C44C2 
 798      0425CE17 
 798      C22DE030 
 799 508e 0236C390 		.string	"\0026\303\220H\021\300\032\245^\202\005\241\033\374 \030+\0026\302-H\021\300"
 799      4811C01A 
 799      A55E8205 
 799      A11BFC20 
 799      182B0236 
 800 50a8 2314C390 		.string	"#\024\303\220\026;\222+"
 800      163B922B 
 800      00
 801 50b1 6B984B78 		.string	"k\230Kxx\230\253!4\357\374%T\224\313\002\221\214\013\bq\210Q\216\030\204\201\360U\203\235
 801      7898AB21 
 801      34EFFC25 
 801      5494CB02 
 801      918C0B08 
 802 5104 E5301EF0 		.string	"\3450\036\360\362|\f\f\301\303\335\223\376|\004\f\355"
 802      F27C0C0C 
 802      C1C3DD93 
 802      FE7C040C 
 802      ED00
 803 5116 1EF0848B 		.string	"\036\360\204\213|\016\225^\273\004\021\016\376N\267\004\243\013\263\004\276\016\261\004\2
 803      7C0E955E 
 803      BB04110E 
 803      FE4EB704 
 803      A30BB304 
 804 5143 0982D5AD 		.string	"\t\202\325\255\013\216K|\004\2134\211$\340 "
 804      0B8E4B7C 
 804      048B3489 
 804      24E02000 
 805 5153 13FE5495 		.string	"\023\376T\225\004\276\004\274\016\357\374ph\202q\227$\372u\217+\340"
 805      04BE04BC 
 805      0EEFFC70 
 805      68827197 
 805      24FA758F 
 806 516a 3998E030 		.string	"9\230\3400\002\t\265\264\225\024\241\013\037\016\002\020\025\001\035\016\347\220\300"
 806      0209B5B4 
 806      9514A10B 
 806      1F0E0210 
 806      15011D0E 
 807 5182 00       		.string	""
 808 5183 46C0385E 		.string	"F\3008^\005\233\016\275\004\201\245\271\004\004 \0048\255;\354\004\2008\0365"
 808      059B0EBD 
 808      0481A5B9 
 808      04042004 
 808      38AD3BEC 
 809 519d 00       		.string	""
 810 519e 4231A12B 		.string	"B1\241+\202\021\t\224\374\325\342"
 810      82110994 
 810      FCD5E200 
 811 51aa 00       		.string	""
 812 51ab 2A81A10B 		.string	"*\201\241\013t`\b\r\006@\n\2011\226+f\246@\t\f\006B\n\300"
 812      7460080D 
 812      06400A81 
 812      31962B66 
 812      A640090C 
 813 51c4 400AE51E 		.string	"@\n\345\036\002\020\345\236\300\bd\001r\250@\002\350\007\331\027\201\021\"\017\357\330S(f
 813      0210E59E 
 813      C0086401 
 813      72A84002 
 813      E807D917 
 814 51e6 00       		.string	""
 815 51e7 00       		.string	""
 816 51e8 4212C100 		.string	"B\022\301"
 817 51ec E30772A8 		.string	"\343\007r\250e\036F*D*\336\027L\002e\236\0060\371\204@\bd\001@\"\201\021\3317r\250\226+h\
 817      651E462A 
 817      442ADE17 
 817      4C02659E 
 817      0630F984 
 818 5219 00       		.string	""
 819 521a 1734C100 		.string	"\0274\301"
 820 521e 64014212 		.string	"d\001B\022\033D^\027\362\250\0044\343\007\242\017`\210\246\033\b#d\001\006@\004 @\t\300\t
 820      1B445E17 
 820      F2A80434 
 820      E307A20F 
 820      6088A61B 
 821 52d9 6382B5F0 		.string	"c\202\265\360\224R2\020e\244nRe\374\024\016i\340\300Re\342@\030\300\341\200\204!l\004\231
 821      94523210 
 821      65A46E52 
 821      65FC140E 
 821      69E0C052 
 822 5309 4A1B3400 		.string	"J\0334"
 823 530d 0CE00C04 		.string	"\f\340\f\004T\342"
 823      54E200
 824 5314 00       		.string	""
 825 5315 14688042 		.string	"\024h\200B\n\350\200\2015\346\212\202AM\216\376\265\203M\016\004\033\024\201A\340\210e\20
 825      0AE88081 
 825      35E68A82 
 825      414D8EFE 
 825      B5834D0E 
 826 5376 52B56C04 		.string	"R\265l\004\024\240\210a\210\221\372U\241\253\202A\027T\213K\216\023\221\024\364\365\nH\25
 826      14A08861 
 826      8891FA55 
 826      A1AB8241 
 826      17548B4B 
 827 5398 C000     		.string	"\300"
 828 539a 40016696 		.string	"@\001f\226B\n\2334\201A\005\265\304\027\033T\206\023\360\224FB\3047\023d\202\233\037\244\
 828      420A9B34 
 828      814105B5 
 828      C4171B54 
 828      8613F094 
 829 53ec 88916C04 		.string	"\210\221l\004\241\253\210a\027T\372U\216\023\202A\364\325\213K\033\024\207E\2314\201A\006
 829      A1AB8861 
 829      1754FA55 
 829      8E138241 
 829      F4D58B4B 
 830 5454 88916C04 		.string	"\210\221l\004\241\253\210a\027T\372U\216\023\202A\364\365\213KB\n\2374\231D\346\226\206\0
 830      A1AB8861 
 830      1754FA55 
 830      8E138241 
 830      F4F58B4B 
 831 54c2 52B56C04 		.string	"R\265l\004\024\240\210a\210\221\372U\241\253\202A\027T\213K\216\023\033\224\364\365\215\0
 831      14A08861 
 831      8891FA55 
 831      A1AB8241 
 831      17548B4B 
 832 550c 0275DC00 		.string	"\002u\334"
 833 5510 DC00     		.string	"\334"
 834 5512 4C9092BB 		.string	"L\220\222\273\031\035\034"
 834      191D1C00 
 835 551a 5650FB30 		.string	"VP\3730X\022\224\033\226[\2101\002\221\201\235\202\253\023\224\3725\214\205\221[\361\250B
 835      5812941B 
 835      965B8831 
 835      0291819D 
 835      82AB1394 
 836 5544 E0880244 		.string	"\340\210\002D`\210\006d\340\210\026T\022\220\022\023\300\nd\201\374\f\0225\351\300\002\02
 836      60880664 
 836      E0881654 
 836      12901213 
 836      C00A6481 
 837 557c 8A6B9C00 		.string	"\212k\234"
 838 5580 8131121B 		.string	"\2011\022\033E\216\2015\201=\2021\215\024\376\265\202c\033\024\202c\304g\002A\230\316\205
 838      458E8135 
 838      813D8231 
 838      8D14FEB5 
 838      82631B14 
 839 55ca 48C0DC00 		.string	"H\300\334"
 840 55ce 4A105890 		.string	"J\020X\220\002u\013\255\334"
 840      02750BAD 
 840      DC00
 841 55d8 4C40926B 		.string	"L@\222kJ\242\034"
 841      4AA21C00 
 842 55e0 8C4BFB14 		.ascii	"\214K\373\024\002\221\202\253\224\033\216\263\3725\205\235"
 842      029182AB 
 842      941B8EB3 
 842      FA35859D 
 843 55f0 914B1394 		.string	"\221K\023\224LR\216E\r\n\361\204\bU\341\334\334"
 843      4C528E45 
 843      0D0AF184 
 843      0855E1DC 
 843      DC00
 844 5602 4A100C94 		.string	"J\020\f\224\033\244\022\304\340\210\026D`\210\024c\340\210g\001\024\240\024\225\300\t\fe\
 844      1BA412C4 
 844      E0881644 
 844      60881463 
 844      E0886701 
 845 563a 48C09C00 		.string	"H\300\234"
 846 563e 4A100111 		.string	"J\020\001\021\210\313\205m\201aP\204H2\304\004\f`@"
 846      88CB856D 
 846      81615084 
 846      4832C404 
 846      0C604000 
 847 5652 4885D09C 		.string	"H\205\320\234B\022B\312\374\365\233D\346\202\304\027\222\023\204^\210\023\2101\002\221\34
 847      421242CA 
 847      FCF59B44 
 847      E682C417 
 847      9213845E 
 848 567a 4001FF31 		.string	"@\001\3771\033d\201\301\177A\023n\213u\177\261\214[\003E\377a\212\233\201\021\376\034\022
 848      1B6481C1 
 848      7F41136E 
 848      8B757FB1 
 848      8C5B0345 
 849 569e 46A0DC00 		.string	"F\240\334"
 850 56a2 5610FC28 		.string	"V\020\374(\nUHP\221[L\020\\"
 850      0A554850 
 850      915B4C10 
 850      5C00
 851 56b0 0211DC00 		.string	"\002\021\334"
 852 56b4 851D925B 		.string	"\205\035\222[\221\273\200\245\221k\372e\221\273\372%\221k\214\205B2\214E\002\024\361\220\
 852      91BB80A5 
 852      916BFA65 
 852      91BBFA25 
 852      916B8C85 
 853 5764 919BDC00 		.string	"\221\233\334"
 854 5768 5C00     		.string	"\\"
 855 576a 5860DC00 		.string	"X`\334"
 856 576e 4890816D 		.string	"H\220\201m\202a\221+\200\245\221\313\374\005\221+\372\305\221\313\214\305B2\214\205\002\0
 856      8261912B 
 856      80A591CB 
 856      FC05912B 
 856      FAC591CB 
 857 57d6 58200206 		.string	"X \002\006\233$\212\023\300"
 857      9B248A13 
 857      C000
 858 57e0 E682421A 		.string	"\346\202B\032\304\027\230\023\204\216\204\023\202Q\031$\216#\216\243\203[\227\024\227$\35
 858      C4179813 
 858      848E8413 
 858      82511924 
 858      8E238EA3 
 859 5805 138F341D 		.string	"\023\2174\035\224\304\007L\262\304\027\200\263p\204\201\021\t\025\202\253\025\004\206+\01
 859      94C4074C 
 859      B2C41780 
 859      B3708481 
 859      11091582 
 860 582b 00       		.string	""
 861 582c 81658151 		.string	"\201e\201Q\210A\002Q\210!\b1\237\304\210\021\210E\231]\223\313\200\310\204\304\374\325\20
 861      88410251 
 861      88210831 
 861      9FC48811 
 861      8845995D 
 862 5871 138B3495 		.string	"\023\2134\225\004\340 \274\016\376TwX\276\004\033\004\357\370\0174\224\033\027$\202\021\0
 862      04E020BC 
 862      0EFE5477 
 862      58BE041B 
 862      04EFF80F 
 863 58a0 DD93F67C 		.string	"\335\223\366|\376|\004\f\354`\036\360\202\233"
 863      FE7C040C 
 863      EC601EF0 
 863      829B00
 864 58af AB609400 		.string	"\253`\224"
 865 58b3 34E18402 		.string	"4\341\204\002\244\202\003%\304`*@\n)\204\241qB\002\201a@\302{\260\242s\372\200\363\230Bb@
 865      A4820325 
 865      C4602A40 
 865      0A2984A1 
 865      71420281 
 866 5906 101848AA 		.string	"\020\030H\252\237$\211~\346\252\006D\006#>^\341\204\006#\312'D*\202;\204\303\340\022\362\
 866      9F24897E 
 866      E6AA0644 
 866      06233E5E 
 866      E1840623 
 867 5946 0E1AE180 		.string	"\016\032\341\200B\n\037\375W\376\016\006@?WX\300"
 867      420A1FFD 
 867      57FE0E06 
 867      403F5758 
 867      C000
 868 5958 0404EFD4 		.string	"\004\004\357\324\320\027a\340E\376$\037\300?\177\375\377\241P\007B\312|\236~\216\344\b\34
 868      D01761E0 
 868      45FE241F 
 868      C03F7FFD 
 868      FFA15007 
 869 5a04 0406E180 		.string	"\004\006\341\200U\376@"
 869      55FE4000 
 870 5a0c C03F1FFC 		.string	"\300?\037\374a\340\006\244P\247\320'\024\003\246/B\022\377\241E\376r\210\337\377\177\374d
 870      61E006A4 
 870      50A7D027 
 870      1403A62F 
 870      4212FFA1 
 871 5acb 0480F802 		.string	"\004\200\370\002\024\031\204F\002FZ\241+@\232`(@\n\345&G\376\341\204\004\006_\374"
 871      14198446 
 871      02465AA1 
 871      2B409A60 
 871      28400AE5 
 872 5ae9 33C000   		.string	"3\300"
 873 5aec E5A6409A 		.string	"\345\246@\232@\"\225;G\376r\200\241\013\237\374\337\374G\376\360\n@:\f\013\240\f\f\f\260\
 873      4022953B 
 873      47FE7280 
 873      A10B9FFC 
 873      DFFC47FE 
 874 5b1e 0A06D1B0 		.string	"\n\006\321\260JR\201M\315^]\223\374\325\301\303\201\001\370|\004\314g\220\n0\346\240\0300
 874      4A52814D 
 874      CD5E5D93 
 874      FCD5C1C3 
 874      8101F87C 
 875 5b54 1478D000 		.string	"\024x\320"
 876 5b58 00       		.string	""
 877 5b59 01160606 		.string	"\001\026\006\006\245\220"
 877      A59000
 878 5b60 F27D00   		.string	"\362}"
 879 5b63 00       		.string	""
 880 5b64 484A80B5 		.string	"HJ\200\265T\242\344\234e\256\220\254\b1\202a\004\301\202Q\212\250\202\201\370\325\225m\21
 880      54A2E49C 
 880      65AE90AC 
 880      08318261 
 880      04C18251 
 881 5b9f 85E08812 		.string	"\205\340\210\022t\374$"
 881      74FC2400 
 882 5ba7 95938D80 		.string	"\225\223\215\200\225\201u\200\225\200\245\222\215x\004Jq\224f\203\301\2021\n\250\f\244\20
 882      95817580 
 882      9580A592 
 882      8D78044A 
 882      71946683 
 883 5c1d 60310EC0 		.string	"`1\016\300\013eA\236H\253\016\340 \016\033\\X\234(L5\251\317L!\353P\300\002mi\004\304\036
 883      0B65419E 
 883      48AB0EE0 
 883      200E1B5C 
 883      589C284C 
 884 5c89 10810102 		.string	"\020\201\001\002p\004\004VA\344`\220Kx\f\370\024V!\340\034\0165P\001\243\036\231\001`HP\2
 884      70040456 
 884      41E46090 
 884      4B780CF8 
 884      145621E0 
 885 5ccb 60047040 		.string	"`\004p@\t\001e\344\240ID\202;\354\004\0060\241;\301N\036\005\376u\241\253`\220\235\016\22
 885      090165E4 
 885      A0494482 
 885      3BEC0406 
 885      30A13BC1 
 886 5d0b 60086040 		.string	"`\b`@\t\300\002e\001f\001\n`\030`@\004\300\006g\001\215\276\217\236\211^\213\316\374n\376
 886      09C00265 
 886      0166010A 
 886      60186040 
 886      04C00667 
 887 5d61 349D24E4 		.string	"4\235$\344@"
 887      4000
 888 5d67 C0A01146 		.string	"\300\240\021FT\374.\376n<\036\276\016)\004\222\033\237$\230\233e\270\261D!\013\357\330\22
 888      54FC2EFE 
 888      6E3C1EBE 
 888      0E290492 
 888      1B9F2498 
 889 5d8b AB00     		.string	"\253"
 890 5d8d C0F3D596 		.string	"\300\363\325\226+f\360o\344C\310\200\253\222;\202e\241\253\235\004\227Q\036\360"
 890      2B66F06F 
 890      E443C880 
 890      AB923B82 
 890      65A1AB9D 
 891 5da7 AE025EE5 		.ascii	"\256\002^\345\220\f\f\224\013\335\223\362|\002\200'\004\004`"
 891      900C0C94 
 891      0BDD93F2 
 891      7C028027 
 891      040460
 892 5dba E6704009 		.ascii	"\346p@\td\001"
 892      6401
 893 5dc0 924B963B 		.string	"\222K\226;\340,"
 893      E02C00
 894 5dc7 59FE1EAF 		.string	"Y\376\036\257\0041\024\247\036\374n\240\001\231.\276.\216\033<\036\243$\227\016\357\340H\
 894      043114A7 
 894      1EFC6EA0 
 894      01992EBE 
 894      2E8E1B3C 
 895 5e1e 04600660 		.string	"\004`\006`\300\002@\004f\001g\001\b`[x\300\006\214\033h\020\221Q!\013\257\304\320\265\030
 895      C0024004 
 895      66016701 
 895      08605B78 
 895      C0068C1B 
 896 5e71 702B2E3E 		.string	"p+.>\236\344@\341|\002\004\226+w\027\202\003#4\n\004/\004\025^\341\0241\004\216K\347"
 896      9EE440E1 
 896      7C020496 
 896      2B771782 
 896      0323340A 
 897 5e92 0200     		.string	"\002"
 898 5e94 A904BC0E 		.string	"\251\004\274\016\350\004H\b\241\253\200\253\n\366`5/\004\300"
 898      E8044808 
 898      A1AB80AB 
 898      0AF66035 
 898      2F04C000 
 899 5ea8 AD24963B 		.string	"\255$\226;"
 899      00
 900 5ead 09A1148F 		.string	"\t\241\024\217.\343\004\260\021+$\215.\243D\213n\261$\376.\211\236\237d\225$>~\374.\274\0
 900      2EE304B0 
 900      112B248D 
 900      2EA3448B 
 900      6EB124FE 
 901 5ee4 21748C2B 		.string	"!t\214+\253d\226;"
 901      AB64963B 
 901      00
 902 5eed 00       		.string	""
 903 5eee 2D940270 		.string	"-\224\002p\347\020\214K\344@o\340X\350"
 903      E7108C4B 
 903      E4406FE0 
 903      58E800
 904 5efd AB925B21 		.string	"\253\222[!\253\216+R\325\222{\300"
 904      AB8E2B52 
 904      D5927BC0 
 904      00
 905 5f0a 0BC60880 		.string	"\013\306\b\200/\004\300\003d\221dp\002 \026+\204\233%N\216;\347 "
 905      2F04C003 
 905      64916470 
 905      0220162B 
 905      849B254E 
 906 5f23 00       		.string	""
 907 5f24 EFF47828 		.string	"\357\364x(\241\253\200\253\013\326Nu\022\013\300"
 907      A1AB80AB 
 907      0BD64E75 
 907      120BC000 
 908 5f34 2534961B 		.string	"%4\226\033L\270\216+\200\253\350\004L\025\241\253\300"
 908      4CB88E2B 
 908      80ABE804 
 908      4C15A1AB 
 908      C000
 909 5f46 0BE61215 		.string	"\013\346\022\025\257t\022+\340\020\251\224\340<\016\013\261D\0169\341\210\221\236\343 \21
 909      AF74122B 
 909      E010A994 
 909      E03C0E0B 
 909      B1440E39 
 910 5f69 70090EA3 		.string	"p\t\016\243D\3470\233\024\376\036\2454\374>\004\020'T>>\344@\274n\226;\357\370C\250\241\2
 910      44E7309B 
 910      14FE1EA5 
 910      34FC3E04 
 910      1027543E 
 911 5f92 0BF66380 		.string	"\013\366c\200\016\031dP\b\200\022\013\300\004\2454\226+\357\374\\hJ\006"
 911      0E196450 
 911      0880120B 
 911      C004A534 
 911      962BEFFC 
 912 5fab ABDFA5E0 		.string	"\253\337\245\340"
 912      00
 913 5fb0 FA7C040C 		.string	"\372|\004\f\3540\036\360\202\253\031\024\204\233\025t\206k>^\210\273|\036`@\022\211G\370\
 913      EC301EF0 
 913      82AB1914 
 913      849B1574 
 913      866B3E5E 
 914 5fd4 E0441209 		.string	"\340D\022\t\202\345\246\r\206e\251\013\214%\255\013\257\013|\264\020\013\232\025a\370\216
 914      82E5A60D 
 914      8665A90B 
 914      8C25AD0B 
 914      AF0B7CB4 
 915 60c4 0C0C8101 		.string	"\f\f\201\001\335\223\362|\372|\004L\204k\002\213\206{`(\240\b\242\030\350\020bh`X\020\031
 915      DD93F27C 
 915      FA7C044C 
 915      846B028B 
 915      867B6028 
 916 61b2 02096021 		.string	"\002\t`!N\001\002\t\300\006N\001\3430\300\006`%\343`\002\t`)N\001\002\t\300\006N\001\343\
 916      4E010209 
 916      C0064E01 
 916      E330C006 
 916      6025E360 
 917 6203 15868340 		.string	"\025\206\203@\002`T\f\311DZ\2043H\025\346\212"
 917      0260540C 
 917      C9445A84 
 917      334815E6 
 917      8A00
 918 6215 1BE100   		.string	"\033\341"
 919 6218 C0047811 		.string	"\300\004x\021x\031"
 919      781900
 920 621f 495013C0 		.string	"IP\023\300\bBRd"
 920      08425264 
 920      00
 921 6228 4641FBB0 		.string	"FA\373\260Xrj"
 921      58726A00 
 922 6230 00       		.string	""
 923 6231 49F088C0 		.string	"I\360\210\300\bx\025\354"
 923      087815EC 
 923      00
 924 623a 4611EB00 		.string	"F\021\353"
 925 623e 46417811 		.string	"FAx\021"
 925      00
 926 6243 494641C0 		.string	"IFA\300\b\b$m"
 926      0808246D 
 926      00
 927 624c 00       		.string	""
 928 624d 59E08440 		.string	"Y\340\204@\bx\t\016C\304'\004p\204s@\007gqgq\b@FQ\300\021\006\300n"
 928      0878090E 
 928      43C42704 
 928      70847340 
 928      07677167 
 929 626c C0136770 		.string	"\300\023gp\201Q\007e|\024"
 929      81510765 
 929      7C1400
 930 6277 C9649010 		.string	"\311d\220\020`\016\304\300\003\020\225\340\210T\202|\034\214s\360\234x\001D\225\022\304@\
 930      600EC4C0 
 930      031095E0 
 930      8854827C 
 930      1C8C73F0 
 931 62a8 C0027801 		.string	"\300\002x\001\341\274\016u\341P\022\233N2I~Q\234\360\224\020\311\202Q\234\306\343"
 931      E1BC0E75 
 931      E150129B 
 931      4E32497E 
 931      519CF094 
 932 62c4 E33010C9 		.string	"\3430\020\311\344"
 932      E400
 933 62ca 4EC1E360 		.string	"N\301\343`\020\311\350"
 933      10C9E800 
 934 62d2 4EC1E390 		.string	"N\301\343\220\020\311\354"
 934      10C9EC00 
 935 62da 4EC1F275 		.string	"N\301\362u\203]\362|\fL\301\303\335\223\372|\004\f\354\220\036\360\204\273\013\036\200\25
 935      835DF27C 
 935      0C4CC1C3 
 935      DD93FA7C 
 935      040CEC90 
 936 632b 0EBE7EC0 		.string	"\016\276~\300\007\203\001&\016\205\001|\016-d\241\214\372\200\002\004\224\013)t\2154\376$
 936      07830126 
 936      0E85017C 
 936      0E2D64A1 
 936      8CFA8002 
 937 634a 4D286094 		.string	"M(`\224\026\031\022+\224\013I\230\214;\013d\350"
 937      1619122B 
 937      940B4998 
 937      8C3B0B64 
 937      E800
 938 635c 1629940B 		.string	"\026)\224\013\216K`\220\340\224\026\031h"
 938      8E4B6090 
 938      E0941619 
 938      6800
 939 636a 4E888D14 		.string	"N\210\215\024\214;\211\004\276t\217\005\374\224\026\031\2434\314(\340\220\202\225\305\035
 939      8C3B8904 
 939      BE748F05 
 939      FC941619 
 939      A334CC28 
 940 6389 141E6580 		.string	"\024\036e\200"
 940      00
 941 638e 122600   		.string	"\022&"
 942 6391 181E1580 		.string	"\030\036\025\200"
 942      00
 943 6396 50C6090E 		.string	"P\306\t\016\226\345\360\204@2` "
 943      96E5F084 
 943      40326020 
 943      00
 944 63a3 19E47004 		.string	"\031\344p\004\360\341 "
 944      F0E12000 
 945 63ab 0960805E 		.string	"\t`\200^\021\344\200\002\360`\204^\001Yx\214\013\241\013\350"
 945      11E48002 
 945      F060845E 
 945      0159788C 
 945      0BA10BE8 
 946 63c0 00       		.string	""
 947 63c1 8B80E58B 		.string	"\213\200\345\213d\207\221\211\004\215\024\017\004\211U\344p\004\360`\204\002\004\f\023\30
 947      64879189 
 947      048D140F 
 947      048955E4 
 947      7004F060 
 948 63f8 8B11210B 		.string	"\213\021!\013\210\365\374\036\004\360\017\004\376\024\344p\002\025\304\007\214\003`\020\3
 948      88F5FC1E 
 948      04F00F04 
 948      FE14E470 
 948      0215C407 
 949 6413 0502F002 		.string	"\005\002\360\002\003\346\016\344\200VX\274d\214\013h"
 949      03E60EE4 
 949      805658BC 
 949      648C0B68 
 949      00
 950 6424 8475A10B 		.string	"\204u\241\013\214\033\017\004\004\360!d\302\007\344p\002\360\002\003"
 950      8C1B0F04 
 950      04F02164 
 950      C207E470 
 950      02F00203 
 951 6439 0BE48052 		.string	"\013\344\200R\003\340\030\214\013`<\350"
 951      03E0188C 
 951      0B603CE8 
 951      00
 952 6446 55288465 		.string	"U(\204e\241\013\200\213\013d\213\221\r\024\002\033\211\004D\030\341\250L\003\357\340\220\
 952      A10B808B 
 952      0B648B91 
 952      0D14021B 
 952      89044418 
 953 6498 57B8861B 		.string	"W\270\206\033\246}\357\320\251{\202%\255{\200\245\257{\202%\001\205\206\225\245{\201\001\
 953      A67DEFD0 
 953      A97B8225 
 953      AD7B80A5 
 953      AF7B8225 
 954 64c8 81D5E038 		.string	"\201\325\3408\332\016\201\001\340(L\003`0L\003\341"
 954      DA0E8101 
 954      E0284C03 
 954      60304C03 
 954      E100
 955 64da 00       		.string	""
 956 64db 06E0384C 		.string	"\006\3408L\003\340<L\003\362\004\fL\301\303\335\223\372\f\004\f\204{\006kDF\002\213\f\013
 956      03E03C4C 
 956      03F2040C 
 956      4CC1C3DD 
 956      93FA0C04 
 957 650e 00       		.string	""
 958 650f 0680704C 		.string	"\006\200pL\001\245\213\202\345\001!\202\265\344\200"
 958      01A58B82 
 958      E5012182 
 958      B5E48000 
 959 651f 6060704C 		.ascii	"``pL!\344\260\002p\f\f\231!\023\030\362\f\f\f\377\320\335\223"
 959      21E4B002 
 959      700C0C99 
 959      211318F2 
 959      0C0C0CFF 
 960 6536 F20CF83C 		.ascii	"\362\f\370<\004L\2145\245\033o\321\006\t\006\031\300\005\300"
 960      044C8C35 
 960      A51B6FD1 
 960      06090619 
 960      C005C0
 961 6549 056FD96F 		.ascii	"\005o\331o\311\006)\006Y\300\005@\005o\315H\021\241\013H!\340"
 961      C9062906 
 961      59C00540 
 961      056FCD48 
 961      11A10B48 
 962 655f 344851E0 		.ascii	"4HQ\340 H\001\340$\232\305\3400g\371\006\005\006\033\300\001"
 962      204801E0 
 962      249AC5E0 
 962      3067F906 
 962      05061BC0 
 963 6574 C0036009 		.ascii	"\300\003`\t`-\006)H\005\300\006H\023\340\020\006\005\340\340"
 963      602D0629 
 963      4805C006 
 963      4813E010 
 963      0605E0E0 
 964 6588 C0016801 		.ascii	"\300\001h\001`\r\006\033"
 964      600D061B 
 965 6590 4821C003 		.string	"H!\300\003H\005\342\200H\023\340@\213E\341\020`<\006Y\360\210@2np"
 965      4805E280 
 965      4813E040 
 965      8B45E110 
 965      603C0659 
 966 65ab 19E68018 		.string	"\031\346\200\030@\201q\001a\3404H\021\352p"
 966      40817101 
 966      61E03448 
 966      11EA7000 
 967 65bb 19E02048 		.string	"\031\340 H\021\353p"
 967      11EB7000 
 968 65c3 19E02448 		.string	"\031\340$H\021\346\212BZ\354p"
 968      11E68A42 
 968      5AEC7000 
 969 65cf 09608404 		.string	"\t`\204\004\024\340\210\n\024\020\002\206#"
 969      14E0880A 
 969      14100286 
 969      2300
 970 65dd 106C30C0 		.string	"\020l0\300\026gpgq\002 \004P@\017\300\013gq`0H\201\345"
 970      16677067 
 970      71022004 
 970      50400FC0 
 970      0B677160 
 971 65f6 0A40029B 		.string	"\n@\002\233\2055P2|\030\020\205\360\210@\004x\001\360\230T\302x`T\223\360\230R\022x0J\205
 971      85355032 
 971      7C181085 
 971      F0884004 
 971      7801F098 
 972 6622 129B5032 		.string	"\022\233P2U\216T\223\360\234R\302x0\020\211\360\234\202q|"
 972      558E5493 
 972      F09C52C2 
 972      78301089 
 972      F09C8271 
 973 6638 0889A486 		.string	"\b\211\244\206\020\204\3400\221}\372\200\fL\366u\335\223\360<\370\214\004\f`8F\021F!\201Q
 973      1084E030 
 973      917DFA80 
 973      0C4CF675 
 973      DD93F03C 
 974 667a 4455F09C 		.string	"DU\360\234Pb\361\\\311^c"
 974      5062F15C 
 974      C95E6300 
 975 6686 5071A056 		.string	"Pq\240V\202q\341"
 975      8271E100 
 976 668e 5051E200 		.string	"PQ\342"
 977 6692 5051E400 		.string	"PQ\344"
 978 6696 5011E100 		.string	"P\021\341"
 979 669a 0E0A0430 		.string	"\016\n\0040\372\325@\026gq\340\020\030\006IV\201E\354\004\030\300\376\225\241\313g\361FU\
 979      FAD54016 
 979      6771E010 
 979      18064956 
 979      8145EC04 
 980 66ef 79E02800 		.string	"y\340("
 981 66f3 39E02000 		.string	"9\340 "
 982 66f7 C9087006 		.string	"\311\bp\006hJ:\354\004"
 982      684A3AEC 
 982      0400
 983 6701 49E69200 		.string	"I\346\222"
 984 6705 89E01452 		.string	"\211\340\024RR`\034"
 984      52601C00 
 985 670d 59F0B081 		.string	"Y\360\260\201\001`$\322m\004\030@\306\b\016\216U\340"
 985      016024D2 
 985      6D041840 
 985      C6080E8E 
 985      55E000
 986 6720 EC041240 		.string	"\354\004\022@\346\246RZ\322\035\220\223\331m\214u\321\035\2145\241;\212\365\241[\212\245R
 986      E6A6525A 
 986      D21D9093 
 986      D96D8C75 
 986      D11D8C35 
 987 6748 8895F07D 		.string	"\210\225\360}\210U\364M\354\b\022@\364\364\023\n\345}\206\265N2\206u\242\177\371\224\016\
 987      8855F44D 
 987      EC081240 
 987      F4F4130A 
 987      E57D86B5 
 988 676c 4E1AB013 		.string	"N\032\260\023\241{\341\026\270c\202\365\341\016Xj\202U\241\313\340\016@j\340\026B\032\346
 988      A17BE116 
 988      B86382F5 
 988      E10E586A 
 988      8255A1CB 
 989 67c7 A01B0EC0 		.string	"\240\033\016\300\002f\001"
 989      02660100 
 990 67cf A0190EC0 		.string	"\240\031\016\300\004g\001"
 990      04670100 
 991 67d7 A0170EC0 		.string	"\240\027\016\300\006d\001"
 991      06640100 
 992 67df A01F0EC0 		.string	"\240\037\016\300\te\001"
 992      09650100 
 993 67e7 A01D0EC0 		.string	"\240\035\016\300\013\215\205\201\001\230U\241\013x\220\026\003\254\022\224[\2474\245$r\37
 993      0B8D8581 
 993      019855A1 
 993      0B789016 
 993      03AC1294 
 994 687d 34A30BC0 		.string	"4\243\013\300"
 994      00
 995 6882 00       		.string	""
 996 6883 06C000   		.string	"\006\300"
 997 6886 5835C060 		.string	"X5\300`X5\241D\204\265\026\003\223$PX\370\220\345\200\b\300\004#\254\022\211N\374\030\376
 997      5835A144 
 997      84B51603 
 997      93245058 
 997      F890E580 
 998 68df 23021499 		.string	"#\002\024\231A"
 998      4100
 999 68e5 0B81513E 		.string	"\013\201Q>\016\340\024\347`"
 999      0EE014E7 
 999      6000
 1000 68ef 30415681 		.string	"0AV\201E\354\004\b@\376\225\241Kl\004"
 1000      45EC0408 
 1000      40FE95A1 
 1000      4B6C0400 
 1001 68ff 107FFC49 		.string	"\020\177\374I\356>\004\317\377\344\020AJ\340\004\004\332\355\200B\n\354\004"
 1001      EE3E04CF 
 1001      FFE41041 
 1001      4AE00404 
 1001      DAED8042 
 1002 6917 00       		.string	""
 1003 6918 6FF9015A 		.string	"o\371\001Z@\306@\017B\n\340"
 1003      40C6400F 
 1003      420AE000 
 1004 6924 175AED80 		.string	"\027Z\355\200B\n\3440"
 1004      420AE430 
 1004      00
 1005 692d 06ED80BC 		.string	"\006\355\200\274\016\300"
 1005      0EC000
 1006 6934 8000     		.string	"\200"
 1007 6936 13C8600A 		.string	"\023\310`\n@.\347`\0220\346\240\0200\345\002D\032\345\202H\032\002$\t.~N\341\204\340\374"
 1007      402EE760 
 1007      1230E6A0 
 1007      1030E502 
 1007      441AE582 
 1008 6957 44C34720 		.string	"D\303G \037\213N\374\036 \022\2455\2504\201\001@\032\240\035B:\306\206@:\345\202\004\024\
 1008      1F8B4EFC 
 1008      1E2012A5 
 1008      35A83481 
 1008      01401AA0 
 1009 6981 5BE47CFB 		.string	"[\344|\373\214H\"l|\006B\234"
 1009      8C48226C 
 1009      7C06429C 
 1009      00
 1010 698e 4A10688C 		.string	"J\020h\214\030TJ"
 1010      18544A00 
 1011 6996 81510C34 		.string	"\201Q\f4\034"
 1011      1C00
 1012 699c 0E54EC00 		.string	"\016T\354"
 1013 69a0 A6436F8C 		.string	"\246Co\214x\234Lb\354\004\bB\254\317\013dh\220\b\304H;\247_MJ\312\313L\032\344\f\214;`\fB
 1013      789C4C62 
 1013      EC040842 
 1013      ACCF0B64 
 1013      689008C4 
 1014 69e0 D28C4242 		.string	"\322\214BB\be\241+\200"
 1014      0865A12B 
 1014      8000
 1015 69ea 0E066C04 		.string	"\016\006l\004\016 \017\n\200;F\020\344|\002 \034"
 1015      0E200F0A 
 1015      803B4610 
 1015      E47C0220 
 1015      1C00
 1016 69fc 4472EC84 		.string	"Dr\354\204"
 1016      00
 1017 6a01 067B8402 		.string	"\006{\204\002\"\300"
 1017      22C000
 1018 6a08 0804EC7C 		.string	"\b\004\354|\n\024o\204\"#\354"
 1018      0A146F84 
 1018      2223EC00 
 1019 6a14 233FA30F 		.string	"#?\243\017\370\220HR\250?\013\024l\004\004\"\245?\214\003\362\204B2\3764\211$\357\314G("
 1019      F8904852 
 1019      A83F0B14 
 1019      6C040422 
 1019      A53F8C03 
 1020 6a35 7000     		.string	"p"
 1021 6a37 2B0870E4 		.string	"+\bp\344,\001\nlT\0031\344|\373\220H\002"
 1021      2C010A6C 
 1021      540331E4 
 1021      7CFB9048 
 1021      0200
 1022 6a49 00       		.string	""
 1023 6a4a 0606E480 		.string	"\006\006\344\200"
 1023      00
 1024 6a4f CA6200   		.string	"\312b"
 1025 6a52 00       		.string	""
 1026 6a53 0CEC7C0A 		.string	"\f\354|\nBo\224\030\004\354"
 1026      426F9418 
 1026      04EC00
 1027 6a5e 0C54AB3F 		.string	"\fT\253?*Cx\260Xb\354\004\bB\253\0178?D\252)?G\035\344"
 1027      2A4378B0 
 1027      5862EC04 
 1027      0842AB0F 
 1027      383F44AA 
 1028 6a78 E00C41F6 		.string	"\340\fA\366\340\fB\032\345\200B\n\341\210B\032\355\200B\n\241\033\236\305\276D\216\365\36
 1028      E00C421A 
 1028      E580420A 
 1028      E188421A 
 1028      ED80420A 
 1029 6a97 24F68002 		.string	"$\366\200\002D\002\212\200\023\220u\344\200dt\017\n\234\025\203A\275\021>\004@*\256\023\0
 1029      44028A80 
 1029      139075E4 
 1029      8064740F 
 1029      0A9C1583 
 1030 6ae0 080CE480 		.string	"\b\f\344\200\0022b"
 1030      02326200 
 1031 6ae8 0A44EC7C 		.string	"\nD\354|\030\024o\204\"3\354"
 1031      18146F84 
 1031      2233EC00 
 1032 6af4 4AC2A32F 		.string	"J\302\243/\243Ox\224\0062*/'/\354\004\201\021\210\003B\"\007U\004\013\362\204\276$\2011\3
 1032      A34F7894 
 1032      06322A2F 
 1032      272FEC04 
 1032      81118803 
 1033 6b26 04166408 		.string	"\004\026d\b\006p\345\022@*e\222B*\344|\007\n\004\006\203!\bp\200"
 1033      0670E512 
 1033      402A6592 
 1033      422AE47C 
 1033      070A0406 
 1034 6b40 06CA6C78 		.string	"\006\312lx\n\f\344\200H2b"
 1034      0A0CE480 
 1034      48326200 
 1035 6b4c 0642FB90 		.string	"\006B\373\220\030T\354|\f4o\214&C\354"
 1035      1854EC7C 
 1035      0C346F8C 
 1035      2643EC00 
 1036 6b5c 5862A72F 		.string	"Xb\247/\247_x\260\bB8/)/\354\004B\022\212\003Lx\362\210\004po\314"
 1036      A75F78B0 
 1036      0842382F 
 1036      292FEC04 
 1036      42128A03 
 1037 6b79 8AE40C41 		.string	"\212\344\fA\366\347\374\241\033"
 1037      F6E7FCA1 
 1037      1B00
 1038 6b83 0CC00C41 		.string	"\f\300\fA\366\026\260\244\006\202\221l\004\204\201\b\241\002D\201\225\206qh\204\357\017\2
 1038      F616B0A4 
 1038      0682916C 
 1038      04848108 
 1038      A1024481 
 1039 6ba1 027F45A1 		.string	"\002\177E\241\273\357\374\337\374-\330\260\361<\004\366|\f\f\301\303\335\223\370\004\004\
 1039      BBEFFCDF 
 1039      FC2DD8B0 
 1039      F13C04F6 
 1039      7C0C0CC1 
 1040 6bca 5820F184 		.string	"X \361\204Fb\034"
 1040      46621C00 
 1041 6bd2 4400     		.string	"D"
 1042 6bd4 670FFF01 		.string	"g\017\377\001\341|\f\304i\214\016\304\370\230@\002\204\003\256\017y\bL\002\3710N\002\241m
 1042      E17C0CC4 
 1042      698C0EC4 
 1042      F8984002 
 1042      8403AE0F 
 1043 6c3c 0210062F 		.string	"\002\020\006/\244\017\354\004\224\036\220\016\360\004\f\f\301\303\335\223\372|\004\f\354p
 1043      A40FEC04 
 1043      941E900E 
 1043      F0040C0C 
 1043      C1C3DD93 
 1044 6c5f CB502206 		.string	"\313P\"\006-X\220\372\fR"
 1044      2D5890FA 
 1044      0C5200
 1045 6c6a 1C00     		.string	"\034"
 1046 6c6c 21049C00 		.string	"!\004\234"
 1047 6c70 FB084632 		.string	"\373\bF2q\214T\202\234"
 1047      718C5482 
 1047      9C00
 1048 6c7a 4C504A10 		.string	"LPJ\020~\316\r\016\234"
 1048      7ECE0D0E 
 1048      9C00
 1049 6c84 1F048C1B 		.string	"\037\004\214\033\t^\224+\013\016\206\213Cx\230\013"
 1049      095E942B 
 1049      0B0E868B 
 1049      4378980B 
 1049      00
 1050 6c95 7BEFCC7F 		.string	"{\357\314\177\001\202\273|\256\377\021B\370\224+\t\244\357\314\341|\004dx\210@\002\370\21
 1050      0182BB7C 
 1050      AEFF1142 
 1050      F8942B09 
 1050      A4EFCCE1 
 1051 6ce9 14BFC181 		.string	"\024\277\301\201\021V\200\234\004@"
 1051      1156809C 
 1051      044000
 1052 6cf4 968000   		.string	"\226\200"
 1053 6cf7 04848000 		.string	"\004\204\200"
 1054 6cfb 00       		.string	""
 1055 6cfc EC040C00 		.string	"\354\004\f"
 1056 6d00 44627C84 		.string	"Db|\204"
 1056      00
 1057 6d05 20F1A005 		.string	" \361\240\005\nl\200H\"\344|B\260{\200"
 1057      0A6C8048 
 1057      22E47C42 
 1057      B07B8000 
 1058 6d15 429C00   		.string	"B\234"
 1059 6d18 56706C7C 		.string	"Vpl|\006\024\234"
 1059      06149C00 
 1060 6d20 0A046F80 		.string	"\n\004o\200FR\354"
 1060      4652EC00 
 1061 6d28 A1BF788C 		.string	"\241\277x\214N\262~\264G\366\371\214\260\303`"
 1061      4EB27EB4 
 1061      47F6F98C 
 1061      B0C36000 
 1062 6d38 71A04A32 		.string	"q\240J2\013\n\240CXRd|\036\265\373\260\226["
 1062      0B0AA043 
 1062      5852647C 
 1062      1EB5FBB0 
 1062      965B00
 1063 6d4b 046C0410 		.string	"\004l\004\020B\354|\b\302@"
 1063      42EC7C08 
 1063      C24000
 1064 6d56 0A06EC00 		.string	"\n\006\354"
 1065 6d5a 14446F90 		.ascii	"\024Do\220\022T"
 1065      1254
 1066 6d60 1014B17F 		.string	"\020\024\261\177@\242h\200\002\264\370\244\250\303h\220"
 1066      40A26880 
 1066      02B4F8A4 
 1066      A8C36890 
 1066      00
 1067 6d71 C2201F21 		.string	"\302 \037!\037\354\004\350\220"
 1067      1FEC04E8 
 1067      9000
 1068 6d7b 547C7C02 		.string	"T||\002\024\361\210D2\357\310{\350\003\325\220\003\362\234B\022\377\001#\215\002\006\202\
 1068      14F18844 
 1068      32EFC87B 
 1068      E803D590 
 1068      03F29C42 
 1069 6d9a 6001E0FC 		.string	"`\001\340\374"
 1069      00
 1070 6d9f 74C37743 		.string	"t\303wC\267\266\017\002\257y\250Br\354\004\f\200\177\247\201\245\177\375C\376\001!\337\37
 1070      B7B60F02 
 1070      AF79A842 
 1070      72EC040C 
 1070      807FA781 
 1071 6de6 48C6B443 		.string	"H\306\264C\031Q\t\n4SJB\344|\201\301{\224l|\bR\234"
 1071      1951090A 
 1071      34534A42 
 1071      E47C81C1 
 1071      7B946C7C 
 1072 6dfe 5800     		.string	"X"
 1073 6e00 00       		.string	""
 1074 6e01 00       		.string	""
 1075 6e02 00       		.string	""
 1076 6e03 06E4B012 		.string	"\006\344\260\022\020o\220\002\304\354"
 1076      106F9002 
 1076      C4EC00
 1077 6e0e 16447884 		.string	"\026Dx\204B\262(S\251\017\002R\242\017\206\243l\004h\204\002\004\350\220"
 1077      42B22853 
 1077      A90F0252 
 1077      A20F86A3 
 1077      6C046884 
 1078 6e27 C46FC85B 		.string	"\304o\310[\b\201\201\2011\377!4\223\204\235\036\036\202\205\234\016\022\212\030\236\212U\
 1078      08818181 
 1078      31FF2134 
 1078      93849D1E 
 1078      1E82859C 
 1079 6e54 050A803B 		.string	"\005\n\200;F\020\344|\301\021\034"
 1079      4610E47C 
 1079      C1111C00 
 1080 6e60 4222B213 		.string	"B\"\262\023\004\022\373\204\b4\354|\2011h\210\034"
 1080      0412FB84 
 1080      0834EC7C 
 1080      81316888 
 1080      1C00
 1081 6e72 4600     		.string	"F"
 1082 6e74 EC00     		.string	"\354"
 1083 6e76 0A246F88 		.string	"\n$o\210"
 1083      00
 1084 6e7b 344052A4 		.string	"4@R\244\023 O\370\200\354\004"
 1084      13204FF8 
 1084      80EC0400 
 1085 6e87 12688002 		.string	"\022h\200\002D\350\210"
 1085      44E88800 
 1086 6e8f 349E1E9C 		.string	"4\236\036\234\016\fL\230\216\335\223\362|\370|\004\f\210{R\304\360\024\016e\346\202R\032`
 1086      0E0C4C98 
 1086      8EDD93F2 
 1086      7CF87C04 
 1086      0C887B52 
 1087 6eb8 44C20DB4 		.string	"D\302\r\264\022$\221\210B:\243+\217\244\346\206\b$\021\204\031\304\233\200\200\210\bD\020
 1087      12249188 
 1087      423AA32B 
 1087      8FA4E686 
 1087      08241184 
 1088 6f30 C000     		.string	"\300"
 1089 6f32 46158601 		.string	"F\025\206\001\202\225\341|\030\004\230\003\375\307\200\203\216\017\212\203\020C\220\023\f
 1089      8295E17C 
 1089      18049803 
 1089      FDC78083 
 1089      8E0F8A83 
 1090 6f7b 149C0440 		.string	"\024\234\004@"
 1090      00
 1091 6f80 968000   		.string	"\226\200"
 1092 6f83 04848000 		.string	"\004\204\200"
 1093 6f87 00       		.string	""
 1094 6f88 6080010A 		.string	"`\200\001\n\354\204\002"
 1094      EC840200 
 1095 6f90 8255A81E 		.string	"\202U\250\036A\376\177w\337\377\177\375\201\001"
 1095      41FE7F77 
 1095      DFFF7FFD 
 1095      810100
 1096 6f9f 73A80E98 		.string	"s\250\016\230~V\033\205\025\202\003\220+l\200\002"
 1096      7E561B85 
 1096      15820390 
 1096      2B6C8002 
 1096      00
 1097 6fb0 E47C010A 		.string	"\344|\001\n{\204@\002\300"
 1097      7B844002 
 1097      C000
 1098 6fba 04066C7C 		.string	"\004\006l|\002\002\234"
 1098      02029C00 
 1099 6fc2 50906F84 		.string	"P\220o\204\004$\354"
 1099      0424EC00 
 1100 6fca 06144432 		.string	"\006\024D2\"\003#\217\370\210\354\004"
 1100      2203238F 
 1100      F888EC04 
 1100      00
 1101 6fd7 02A17D24 		.string	"\002\241}$\217\350\200"
 1101      8FE88000 
 1102 6fdf 84D18000 		.string	"\204\321\200"
 1103 6fe3 040C4C98 		.string	"\004\fL\230\016\335\223\362|\372|\004L\202{\nka|\002d\341|\006t\201\241\002CXb\021\264\00
 1103      0EDD93F2 
 1103      7CFA7C04 
 1103      4C827B0A 
 1103      6B617C02 
 1104 7082 5840EC84 		.string	"X@\354\204\b0{\220JR\300"
 1104      08307B90 
 1104      4A52C000 
 1105 708e 1006EC7C 		.string	"\020\006\354|\bRo\220\022\204\354"
 1105      08526F90 
 1105      1284EC00 
 1106 709a 144452A2 		.string	"\024DR\242)\317(S\370\244\022\026\262\317\nR`\004&\223\354\004\350\224\024\304\222+)\217\
 1106      29CF2853 
 1106      F8A41216 
 1106      B2CF0A52 
 1106      60042693 
 1107 70e6 04B21FFD 		.string	"\004\262\037\375C\376A\376_\377\004\212\337\374\377\201`\374`8\200\365\004 o\310E\346\354
 1107      43FE41FE 
 1107      5FFF048A 
 1107      DFFCFF81 
 1107      60FC6038 
 1108 7108 F18048A2 		.string	"\361\200H\242\220m\023T@@\025DF\242\234"
 1108      906D1354 
 1108      40401544 
 1108      46A29C00 
 1109 7118 4230F384 		.string	"B0\363\204\226\036\234"
 1109      961E9C00 
 1110 7120 902E940E 		.string	"\220.\224\016\362|\fL\301\303\335\223\372\004\004L\200{\002k\201\021X\004k\310\004\366X\0
 1110      F27C0C4C 
 1110      C1C3DD93 
 1110      FA04044C 
 1110      807B026B 
 1111 714b 048403A2 		.string	"\004\204\003\242/||\002\004"
 1111      2F7C7C02 
 1111      0400
 1112 7155 13FF0770 		.string	"\023\377\007p\001"
 1112      0100
 1113 715b 0E411DCF 		.string	"\016A\035\317\377\341\300"
 1113      FFE1C000 
 1114 7163 1400     		.string	"\024"
 1115 7165 00       		.string	""
 1116 7166 581E803F 		.string	"X\036\200?\017\375E\366\\\024@\"\303\374"
 1116      0FFD45F6 
 1116      5C144022 
 1116      C3FC00
 1117 7175 9AD180C0 		.string	"\232\321\200\300?cM \001"
 1117      3F634D20 
 1117      0100
 1118 717f F8DD1740 		.string	"\370\335\027@"
 1118      00
 1119 7184 6D8D00   		.string	"m\215"
 1120 7187 00       		.string	""
 1121 7188 401AC03E 		.string	"@\032\300>\207\021f\202f\206@\n\340\024C\006"
 1121      87116682 
 1121      6686400A 
 1121      E0144306 
 1121      00
 1122 7199 9A8FA5C0 		.string	"\232\217\245\300?a\311 \001"
 1122      3F61C920 
 1122      0100
 1123 71a3 E800     		.string	"\350"
 1124 71a5 00       		.string	""
 1125 71a6 C000     		.string	"\300"
 1126 71a8 C03C6F2D 		.string	"\300<o-f\202@\032@\n\207\021\002\206f\206\215\225\3400a\275"
 1126      6682401A 
 1126      400A8711 
 1126      02866686 
 1126      8D95E030 
 1127 71bf 9A00     		.string	"\232"
 1128 71c1 E8C03EC0 		.string	"\350\300>\300"
 1128      00
 1129 71c6 20016D75 		.string	" \001mu"
 1129      00
 1130 71cb 00       		.string	""
 1131 71cc 401AC038 		.string	"@\032\3008\207\021f\202f\206@\n\340\200\003\206"
 1131      87116682 
 1131      6686400A 
 1131      E0800386 
 1131      00
 1132 71dd 9A8B85C0 		.string	"\232\213\205\300<`q \001"
 1132      3C607120 
 1132      0100
 1133 71e7 E800     		.string	"\350"
 1134 71e9 00       		.string	""
 1135 71ea C000     		.string	"\300"
 1136 71ec C0306DF5 		.string	"\3000m\365f\202@\032@\n\207\021\003\206f\206\211u\341(a\311"
 1136      6682401A 
 1136      400A8711 
 1136      03866686 
 1136      8975E128 
 1137 7203 9A00     		.string	"\232"
 1138 7205 E8C037C0 		.string	"\350\3007\300"
 1138      00
 1139 720a 20016F29 		.string	" \001o)"
 1139      00
 1140 720f 00       		.string	""
 1141 7210 401AC024 		.string	"@\032\300$\207\021f\202f\206@\n\342T\003\006"
 1141      87116682 
 1141      6686400A 
 1141      E2540306 
 1141      00
 1142 7221 9A8765C0 		.string	"\232\207e\300/aI \001"
 1142      2F614920 
 1142      0100
 1143 722b E800     		.string	"\350"
 1144 722d 00       		.string	""
 1145 722e C000     		.string	"\300"
 1146 7230 C0166FC9 		.string	"\300\026o\311f\202@\032@\n\207\021\002\006f\206\205U\344\020c\371"
 1146      6682401A 
 1146      400A8711 
 1146      02066686 
 1146      8555E410 
 1147 7247 9A00     		.string	"\232"
 1148 7249 E8C022C0 		.string	"\350\300\"\300"
 1148      00
 1149 724e 20016D59 		.string	" \001mY"
 1149      00
 1150 7253 00       		.string	""
 1151 7254 401AC00A 		.string	"@\032\300\n\207\021f\202f\206@\n\346(B\006\007!\203Eb\331"
 1151      87116682 
 1151      6686400A 
 1151      E6284206 
 1151      07218345 
 1152 726b 9A421AC0 		.string	"\232B\032\300\022@\n\346\212@"
 1152      12400AE6 
 1152      8A4000
 1153 7276 26872959 		.string	"&\207)YC\006"
 1153      430600
 1154 727d 00       		.string	""
 1155 727e C000     		.string	"\300"
 1156 7280 80022DB9 		.string	"\200\002-\271&\206@\n\250$\002\006\340\206@\n\321\200"
 1156      2686400A 
 1156      A8240206 
 1156      E086400A 
 1156      D18000
 1157 7293 04F2040C 		.string	"\004\362\004\fL\301\303\335\223\372\004\004L\3400\002)\340\220D\n\300"
 1157      4CC1C3DD 
 1157      93FA0404 
 1157      4CE03002 
 1157      29E09044 
 1158 72aa 00       		.string	""
 1159 72ab 06C000   		.string	"\006\300"
 1160 72ae 42058424 		.string	"B\005\204$\200\365\004\026\241+@\"\200"
 1160      80F50416 
 1160      A12B4022 
 1160      8000
 1161 72bc 442A9180 		.string	"D*\221\200\344P\f\020\201q#\013\304'\201\021\220\210Lbo\310l\b\230~\214\013\362\004\fL\30
 1161      E4500C10 
 1161      8171230B 
 1161      C4278111 
 1161      90884C62 
 1162 7328 5E25E0FC 		.string	"^%\340\374^%\340\370^%\340\364^%\340\360^%\340\354^%\340\350^%\340\344^%\340\340^%\340\33
 1162      5E25E0F8 
 1162      5E25E0F4 
 1162      5E25E0F0 
 1162      5E25E0EC 
 1163 73a2 04068121 		.string	"\004\006\201!\031.\223\024\230.` B1\004.\2011\347\300\002\360\004\360\r\036\013.\347\320\
 1163      192E9314 
 1163      982E6020 
 1163      4231042E 
 1163      8131E7C0 
 1164 73fb 1AED8042 		.string	"\032\355\200B\n\300"
 1164      0AC000
 1165 7402 3C58E10C 		.string	"<X\341\f\036\005\241\013\200\004\200"
 1165      1E05A10B 
 1165      80048000 
 1166 740e 00       		.string	""
 1167 740f B68000   		.string	"\266\200"
 1168 7412 4C058000 		.string	"L\005\200"
 1169 7416 3BB86760 		.string	";\270g`"
 1169      00
 1170 741b F064400A 		.string	"\360d@\n\360\r\016\300\001\347p"
 1170      F00D0EC0 
 1170      01E77000 
 1171 7427 F000     		.string	"\360"
 1172 7429 F00B0E09 		.string	"\360\013\016\t\016\347\200\347\220"
 1172      0EE780E7 
 1172      9000
 1173 7433 F000     		.string	"\360"
 1174 7435 F07E0E7C 		.string	"\360~\016|\016\347\240\347\260"
 1174      0EE7A0E7 
 1174      B000
 1175 743f F000     		.string	"\360"
 1176 7441 F03E0EC0 		.string	"\360>\016\300\001d!\201!<\016\2011\021\004\227D\235\024\357\374RH\341\020\036\005\253\013
 1176      01642181 
 1176      213C0E81 
 1176      31110497 
 1176      449D14EF 
 1177 7463 1AED8042 		.string	"\032\355\200B\n\301\024\036\005\300"
 1177      0AC1141E 
 1177      05C000
 1178 746e 00       		.string	""
 1179 746f 05C000   		.string	"\005\300"
 1180 7472 34286108 		.string	"4(a\b\036\005\345\200\b\360a\f\036\025\345p\n\360\200\004\2011\201\021\004$\357\374Jh\006
 1180      1E05E580 
 1180      08F0610C 
 1180      1E15E570 
 1180      0AF08004 
 1181 74b8 81116040 		.string	"\201\021`@\340\234^\025\340\210^\025@"
 1181      E09C5E15 
 1181      E0885E15 
 1181      4000
 1182 74c6 3D1E1E05 		.string	"=\036\036\005\363\370\255\013`\364\340\230^\025\340\224^\025\340\214^\025\340\204^\025\27
 1182      F3F8AD0B 
 1182      60F4E098 
 1182      5E15E094 
 1182      5E15E08C 
 1183 74f3 44AB14E6 		.string	"D\253\024\346\300|n\2140\341|\nD\251\004\276\316\274>\247$\357\374W(`\264\036\025\347"
 1183      C07C6E8C 
 1183      30E17C0A 
 1183      44A904BE 
 1183      CEBC3EA7 
 1184 7512 06F060B0 		.ascii	"\006\360`\260\036\005\036%\214KQ\270\340\304\036%\357\374\036"
 1184      1E051E25 
 1184      8C4B51B8 
 1184      E0C41E25 
 1184      EFFC1E
 1185 7525 35E0DC1E 		.ascii	"5\340\334\036\005\340\330\036\025\340\300"
 1185      05E0D81E 
 1185      15E0C0
 1186 7530 8195E0C4 		.string	"\201\225\340\304\340\360\036\025\340\334\036%\340\330\0365\204\020\200\004\b\360\b$\f0\34
 1186      E0F01E15 
 1186      E0DC1E25 
 1186      E0D81E35 
 1186      84108004 
 1187 755e E040AD0B 		.string	"\340@\255\013\363\370\0365\212u\f\360`\370\036\005\347\020\030\360`\374\253\024\346\300\3
 1187      F3F81E35 
 1187      8A750CF0 
 1187      60F81E05 
 1187      E71018F0 
 1188 757f 45BECEFC 		.string	"E\276\316\374n\nD)\004\247$\341|R\370\274>\036\025\357\374\006\360`\264\036\005\347"
 1188      6E0A4429 
 1188      04A724E1 
 1188      7C52F8BC 
 1188      3E1E15EF 
 1189 759c 8C4B60B0 		.string	"\214K`\260\340\304\036%\357\374M\210\340\344\036%\340\340\0365\340\300\036\005\340\304\03
 1189      E0C41E25 
 1189      EFFC4D88 
 1189      E0E41E25 
 1189      E0E01E35 
 1190 75c9 05E0E002 		.string	"\005\340\340\002\021\374 \004%\374$\b\360| \0061\347P\n\360|$n\270\347@\036%\357\370\243-
 1190      11FC2004 
 1190      25FC2408 
 1190      F07C2006 
 1190      31E7500A 
 1191 7626 E040AD0B 		.string	"\340@\255\013\363\370\0365\212\365\f\360a"
 1191      F3F81E35 
 1191      8AF50CF0 
 1191      6100
 1192 7634 1E05E710 		.string	"\036\005\347\020\030\360a\004\263\024\346\300\374$\0061\374 "
 1192      18F06104 
 1192      B314E6C0 
 1192      FC240631 
 1192      FC2000
 1193 7647 45BECEFC 		.string	"E\276\316\374n\nD1\004\257$\341|L\270\274>\036\025\357\374\006\360`\264\036\005\347"
 1193      6E0A4431 
 1193      04AF24E1 
 1193      7C4CB8BC 
 1193      3E1E15EF 
 1194 7664 8C4B60B0 		.string	"\214K`\260\340\304\036%\357\374GH\340\354\036\025\340\350\036%\340\300\036\005\374 \002E\
 1194      E0C41E25 
 1194      EFFC4748 
 1194      E0EC1E15 
 1194      E0E81E25 
 1195 7699 05E100   		.string	"\005\341"
 1196 769c 0245FC20 		.string	"\002E\374 \004\021\374 \0061\374$(+\374$\3470\b\360o\370hH\347 \n\360\245\216\243\236\241
 1196      0411FC20 
 1196      0631FC24 
 1196      282BFC24 
 1196      E73008F0 
 1197 772a 02CAE000 		.string	"\002\312\340"
 1198 772e 021A6705 		.string	"\002\032g\005"
 1198      00
 1199 7733 EA420AC9 		.ascii	"\352B\n\311'B\032\345\200B\n\341\210\202\245\355\200r}\020\006"
 1199      27421AE5 
 1199      80420AE1 
 1199      8882A5ED 
 1199      80727D10 
 1200 7748 81014002 		.ascii	"\201\001@\002`\270^\205^\005\201\241\201\261`\274\340"
 1200      60B85E85 
 1200      5E0581A1 
 1200      81B160BC 
 1200      E0
 1201 7759 D05E0560 		.string	"\320^\005`\234\036\025\346P\006\360\006\360|>>>\346`\036\005\220K\226[`\230\340\224\036%f
 1201      9C1E15E6 
 1201      5006F006 
 1201      F07C3E3E 
 1201      3EE6601E 
 1202 785a 4A00     		.string	"J"
 1203 785c 6C7C0E82 		.string	"l|\016\202\201|"
 1203      817C00
 1204 7863 046F9C02 		.string	"\004o\234\002T\354"
 1204      54EC00
 1205 786a 04745422 		.string	"\004tT\"\f\235\026\004\370\204\256\203h\234\202\245\245^q\230D\222b8\210\013\206\033o\304
 1205      0C9D1604 
 1205      F884AE83 
 1205      689C82A5 
 1205      A55E7198 
 1206 788b 4B8C9B3D 		.string	"K\214\233=N\273n\277>\264\2777\235\024\202\002\365\004\220\354\004\210\013l(o\304a("
 1206      4EBB6EBF 
 1206      3EB4BF37 
 1206      9D148202 
 1206      F50490EC 
 1207 78a9 4B861B3D 		.string	"K\206\033=N\225\221\277>\202;%$\273\236\371\214@B\002\264!\013\0025\350\250\350\234"
 1207      4E9591BF 
 1207      3E823B25 
 1207      24BB9EF9 
 1207      8C404202 
 1208 78c7 24834101 		.string	"$\203A\001!\203!?.\2011=.o\304E\250?\036\210+\036\025\262c\016\360`\234\0365\346`\036%\34
 1208      2183213F 
 1208      2E81313D 
 1208      2E6FC445 
 1208      A83F1E88 
 1209 796c 8C1B00   		.string	"\214\033"
 1210 796f 8C00     		.string	"\214"
 1211 7971 885E7512 		.string	"\210^u\022\006\220+Zx\200"
 1211      06902B5A 
 1211      788000
 1212 797c 920B6FC4 		.string	"\222\013o\304\340"
 1212      E000
 1213 7982 02CAE000 		.string	"\002\312\340"
 1214 7986 021A6401 		.string	"\002\032d\001"
 1214      00
 1215 798b EA420AC1 		.string	"\352B\n\301"
 1215      00
 1216 7990 421AE580 		.string	"B\032\345\200B\n\341\210\202%\355\200`\214^u^\005\377\001\201\241`\210\377\001\003\005\34
 1216      420AE188 
 1216      8225ED80 
 1216      608C5E75 
 1216      5E05FF01 
 1217 79e3 224000   		.string	"\"@"
 1218 79e6 02069C00 		.string	"\002\006\234"
 1219 79ea 52606F80 		.string	"R`o\200\006\024\354"
 1219      0614EC00 
 1220 79f2 0804A19F 		.string	"\b\004\241\237 #FB\021T&\237\370\214\354\004\004\""
 1220      20234642 
 1220      1154269F 
 1220      F88CEC04 
 1220      042200
 1221 7a05 141B7425 		.string	"\024\033t%\237\350\200^\005\201\241^\225\340\210\225d\340\214\036%\2234\036E\341\004\002d
 1221      9FE8805E 
 1221      0581A15E 
 1221      95E08895 
 1221      64E08C1E 
 1222 7a2c 8261460E 		.string	"\202aF\016\036\025\235\304"
 1222      1E159DC4 
 1222      00
 1223 7a35 C4E0FC98 		.string	"\304\340\374\2303`\210\200\023"
 1223      33608880 
 1223      1300
 1224 7a3f 2361045E 		.string	"#a\004^%\036%\230C^5\340\364\0365\341"
 1224      251E2598 
 1224      435E35E0 
 1224      F41E35E1 
 1224      00
 1225 7a50 5E15E0F0 		.string	"^\025\340\360\210!`\374\340\354\036\025`\364^%\036%\2021^E\340\344\200\023`\370\340\350\0
 1225      882160FC 
 1225      E0EC1E15 
 1225      60F45E25 
 1225      1E258231 
 1226 7ac8 FCD5A15B 		.string	"\374\325\241[\340X\016\t\036\005\2234\201\035a\024\342"
 1226      E0580E09 
 1226      1E059334 
 1226      811D6114 
 1226      E200
 1227 7ada 040C8EAE 		.string	"\004\f\216\256\214.F\021\200\004\211\021`$\245\013\223$\300"
 1227      8C2E4611 
 1227      80048911 
 1227      6024A50B 
 1227      9324C000 
 1228 7aee 0266E020 		.string	"\002f\340 D\021\245\013\0274\223\024\206E\243\033\204\024\316\024\200\345\340\224BJ"
 1228      4411A50B 
 1228      17349314 
 1228      8645A31B 
 1228      8414CE14 
 1229 7b09 300E250E 		.string	"0\016%\016\031\2040\255\033\340@@\f\006\025\3040"
 1229      198430AD 
 1229      1BE04040 
 1229      0C0615C4 
 1229      3000
 1230 7b1b 30AB0B8A 		.string	"0\253\013\212\365\200\f\006\005\234\224"
 1230      F5800C06 
 1230      059C9400 
 1231 7b27 04800C46 		.string	"\004\200\fF\005\341\020\036\005\245\033\200\024\016\031\202u\004\020\340@\241\033l\030\34
 1231      05E1101E 
 1231      05A51B80 
 1231      140E1982 
 1231      750410E0 
 1232 7b71 30820589 		.string	"0\202\005\211!d0\221!\201%\200\036\244\037\340P\016\tB\001\223\024\036\360\340(\300\001da
 1232      21643091 
 1232      21812580 
 1232      1EA41FE0 
 1232      500E0942 
 1233 7bc1 89E0A880 		.string	"\211\340\250\200\023\340H`p\002a\254\036\201\021\340\020V\025\340L"
 1233      13E04860 
 1233      700261AC 
 1233      1E8111E0 
 1233      105615E0 
 1234 7bd7 19A91EE6 		.string	"\031\251\036\346$`P"
 1234      24605000 
 1235 7bdf A9E08044 		.string	"\251\340\200D\n\227^\316x$\024\202\345\340\204D\032\002\f\241\033\244\036\342"
 1235      0A975ECE 
 1235      78241482 
 1235      E5E08444 
 1235      1A020CA1 
 1236 7bf8 A000     		.string	"\240"
 1237 7bfa 00       		.string	""
 1238 7bfb 78921B01 		.string	"x\222\033\001\001\357\370t\350D\n\346$"
 1238      01EFF874 
 1238      E8440AE6 
 1238      2400
 1239 7c09 16E08842 		.string	"\026\340\210B\220@"
 1239      904000
 1240 7c10 7458DC00 		.string	"tX\334"
 1241 7c14 00       		.string	""
 1242 7c15 F0CFF80A 		.string	"\360\317\370\n\360e`\r\016\345\320\345\220"
 1242      F065600D 
 1242      0EE5D0E5 
 1242      9000
 1243 7c23 F000     		.string	"\360"
 1244 7c25 F00B0E09 		.string	"\360\013\016\t\016\345p\345\240"
 1244      0EE570E5 
 1244      A000
 1245 7c2f F000     		.string	"\360"
 1246 7c31 F07E0E7C 		.string	"\360~\016|\016\345\200\345\260"
 1246      0EE580E5 
 1246      B000
 1247 7c3b F000     		.string	"\360"
 1248 7c3d F03E0E3C 		.string	"\360>\016<\016\345\300)\024\203!\f;\224\013Rx\222Kf\004\357\370\3411\201\021\340\214@\n\3
 1248      0EE5C029 
 1248      1483210C 
 1248      3B940B52 
 1248      78924B66 
 1249 7c62 40151205 		.string	"@\025\022\005\247D\b\031\300\f\206\017\340\224%T\346\016\374\020D\020\037\350\253+\025\23
 1249      A7440819 
 1249      C00C860F 
 1249      E0942554 
 1249      E60EFC10 
 1250 7c80 1C08A16D 		.string	"\034\b\241m\273\004\300"
 1250      BB04C000 
 1251 7c88 A50B8004 		.string	"\245\013\200\004\200"
 1251      8000
 1252 7c8e 1F5860A0 		.string	"\037X`\240\036\005\024p\310w"
 1252      1E051470 
 1252      C87700
 1253 7c99 25E44094 		.string	"%\344@\224\004\340\020\377\001"
 1253      04E010FF 
 1253      0100
 1254 7ca3 2300     		.string	"#"
 1255 7ca5 24802D52 		.string	"$\200-R\n\301\254\202\025\301*\327\007\244\013@\n\240\013\022"
 1255      0AC1AC82 
 1255      15C12AD7 
 1255      07A40B40 
 1255      0AA00B12 
 1256 7cba E1AA0A09 		.ascii	"\341\252\n\t\354\004@\n\340dD \340\224@\007\023\375\300\300\006"
 1256      EC04400A 
 1256      E0644420 
 1256      E0944007 
 1256      13FDC0C0 
 1257 7ccf 9440281E 		.ascii	"\224@(\036%\331\210F2@\bD5\n\031\253\033\b%\200h\2534\340\030"
 1257      25D98846 
 1257      32400844 
 1257      350A19AB 
 1257      1B082580 
 1258 7ce8 52922314 		.ascii	"R\222#\024\f$\220\204\204\030\341 \247\033R\030\006)\202\025"
 1258      0C249084 
 1258      8418E120 
 1258      A71B5218 
 1258      06298215 
 1259 7cfc 851BE02C 		.ascii	"\205\033\340,"
 1260 7d00 06298415 		.string	"\006)\204\025\201u\340(\340$\006)\2025\205\033\340 \006)\202\021\002!L*\237\036\2015\346\
 1260      8175E028 
 1260      E0240629 
 1260      8235851B 
 1260      E0200629 
 1261 7d7a 44068EBB 		.string	"D\006\216\273\037tv\200"
 1261      1F747680 
 1261      00
 1262 7d83 04E5E00A 		.string	"\004\345\340\n\360"
 1262      F000
 1263 7d89 10202319 		.string	"\020 #\031.\354\0303D\200-\221\210B\002\b\204"
 1263      2EEC1833 
 1263      44802D91 
 1263      88420208 
 1263      8400
 1264 7d9b 34841402 		.string	"4\204\024\002\020Q\200B\"\300"
 1264      10518042 
 1264      22C000
 1265 7da6 045600   		.string	"\004V"
 1266 7da9 342D3440 		.string	"4-4@\n\311\004B\"f\236\275\036\321\204\2140\220$\340\232@\n\357\364o\310\255\024\275\004@
 1266      0AC90442 
 1266      22669EBD 
 1266      1ED1848C 
 1266      309024E0 
 1267 7df4 1D74EC94 		.string	"\035t\354\224\373\204B\"\354|\006\022h\214\nDH"
 1267      FB844222 
 1267      EC7C0612 
 1267      688C0A44 
 1267      4800
 1268 7e06 81411834 		.string	"\201A\0304\034"
 1268      1C00
 1269 7e0c 00       		.string	""
 1270 7e0d 44EC00   		.string	"D\354"
 1271 7e10 447A6F8C 		.string	"Dzo\214@\302\346\252\246\023x\200"
 1271      40C2E6AA 
 1271      A6137880 
 1271      00
 1272 7e1d 12205F02 		.string	"\022 _\002T\354\004"
 1272      54EC0400 
 1273 7e25 44688044 		.string	"Dh\200D*\350\214\2011f\236\357\300g(\200+'\004\253.\300\bNb\243\036\204\013q\200o\300u\35
 1273      2AE88C81 
 1273      31669EEF 
 1273      C0672880 
 1273      2B2704AB 
 1274 7e4d 14A11B00 		.string	"\024\241\033"
 1275 7e51 04D68000 		.string	"\004\326\200"
 1276 7e55 00       		.string	""
 1277 7e56 9680AE03 		.string	"\226\200\256\003\204\200\340\200\001\n\300T\036\005B\026\202\225+\004\340"
 1277      8480E080 
 1277      010AC054 
 1277      1E054216 
 1277      82952B04 
 1278 7e6c F1804412 		.string	"\361\200D\022\243\024\241.\357\300th\242s\241\024\n\3603D\255\024\345\340\220$\275~\216\0
 1278      A314A12E 
 1278      EFC07468 
 1278      A273A114 
 1278      0AF03344 
 1279 7e98 0424AD14 		.string	"\004$\255\024\2443\366\200\231>\204\006`\234\036\005%T\236\261\247D\201\301@j\253\016\222
 1279      A433F680 
 1279      993E8406 
 1279      609C1E05 
 1279      25549EB1 
 1280 7ec8 A40F6064 		.string	"\244\017`d\373\374"
 1280      FBFC00
 1281 7ecf 0A444A80 		.string	"\nDJ\200\205\206e\340\220\341|\006d\006c\226?\225m\224;@"
 1281      858665E0 
 1281      90E17C06 
 1281      64066396 
 1281      3F956D94 
 1282 7ee6 0606E08C 		.string	"\006\006\340\214D\n@T\0365\004d\246cD\"\340\210\004 \320\214\300\t\004\001\220\220D\"\204
 1282      440A4054 
 1282      1E350464 
 1282      A6634422 
 1282      E0880420 
 1283 7f17 0A0A0980 		.string	"\n\n\t\200\305@J\340d\230\245\340\220"
 1283      C5404AE0 
 1283      6498A5E0 
 1283      9000
 1284 7f25 741B1419 		.string	"t\033\024\0314\340\224\340\210\n\304\242\003\267D\360\200\004\004\341\224\002$\366\200\00
 1284      34E094E0 
 1284      880AC4A2 
 1284      03B744F0 
 1284      800404E1 
 1285 7f5c 42324904 		.string	"B2I\004\0374\321\204\235\004\241\rD*\275\036\2614\346\216\340\202@*|\024\b%\0061\212C!^\3
 1285      1F34D184 
 1285      9D04A10D 
 1285      442ABD1E 
 1285      B134E68E 
 1286 7f83 040AF023 		.string	"\004\n\360#\316ax\345\340\243\304\357\364\275\024\261\004\200\026\230\003\247D\245T\340d\
 1286      CE6178E5 
 1286      E0A3C4EF 
 1286      F4BD14B1 
 1286      04801698 
 1287 7fbe 0206CC08 		.string	"\002\006\314\b\002\020\243\017=\036|\034\b%@\n\216C\n\360`\026\0061\345\340^\370\3740\243
 1287      0210A30F 
 1287      3D1E7C1C 
 1287      0825400A 
 1287      8E430AF0 
 1288 7ff6 0E06C000 		.string	"\016\006\300"
 1289 7ffa 020600   		.string	"\002\006"
 1290 7ffd 06625597 		.string	"\006bU\227\024\300"
 1290      14C000
 1291 8004 0A49B934 		.string	"\nI\2714\204\b\340T\214$\206\030\346\202@\032\344\004\002 \346\222H\n\211\033\214\036;\00
 1291      8408E054 
 1291      8C248618 
 1291      E682401A 
 1291      E4040220 
 1292 8040 8255F018 		.string	"\202U\360\030\341\202@\032\036\005\241\013\002V"
 1292      E182401A 
 1292      1E05A10B 
 1292      025600
 1293 804f 74401580 		.string	"t@\025\200"
 1293      00
 1294 8054 0A098000 		.string	"\n\t\200"
 1295 8058 400AE064 		.string	"@\n\340d\202\205\340\200\200\024\273\004\006\025\245\033B\020\200\fF\025\234\020\203\021"
 1295      8285E080 
 1295      8014BB04 
 1295      0615A51B 
 1295      4210800C 
 1296 8073 0C1EF080 		.string	"\f\036\360\200\036\f\f\345\360\335\223\362|\372\234\004\f`P"
 1296      1E0C0CE5 
 1296      F0DD93F2 
 1296      7CFA9C04 
 1296      0C605000 
 1297 8087 1900     		.string	"\031"
 1298 8089 29826B81 		.string	")\202k\201\301`L\n\020\220\316\016\024d\f"
 1298      C1604C0A 
 1298      1090CE0E 
 1298      14640C00 
 1299 8099 59E08852 		.string	"Y\340\210RP`d\300\001s\360f\206P*H\305\222s\022\200\340\020\304\207d\fs\361R\220\220sA\37
 1299      506064C0 
 1299      0173F066 
 1299      86502A48 
 1299      C5927312 
 1300 80c7 014C8590 		.string	"\001L\205\220qR\222@\004Nr\220\240\020\006\020\244L\305\200"
 1300      71529240 
 1300      044E7290 
 1300      A0100610 
 1300      A44CC580 
 1301 80dc 127400   		.string	"\022t"
 1302 80df 044A0AE1 		.string	"\004J\n\341\210\262\217`\200\016t\032\216\020\204\200\204\250q\034\304"
 1302      88B28F60 
 1302      800E741A 
 1302      8E108480 
 1302      84A8711C 
 1303 80f5 044C85DC 		.string	"\004L\205\334\300\020\204@\004L\205`D\016\212\b\245\300\030\200"
 1303      C0108440 
 1303      044C8560 
 1303      440E8A08 
 1303      A5C01880 
 1304 810a 00       		.string	""
 1305 810b 66E04000 		.string	"f\340@"
 1306 810f 7986D5EE 		.string	"y\206\325\356}\340\f\0206\344\234PJ"
 1306      7DE00C10 
 1306      36E49C50 
 1306      4A00
 1307 811d 898635F3 		.string	"\211\2065\363\215\340H"
 1307      8DE04800 
 1308 8125 7604C506 		.string	"v\004\305\006\211\200"
 1308      898000
 1309 812c FC8DE02C 		.string	"\374\215\340,\006\211\202\265\374\215\340$\006\211\2025\374\215\340(\0069\200\265\377=\34
 1309      068982B5 
 1309      FC8DE024 
 1309      06898235 
 1309      FC8DE028 
 1310 815b 0918CEE0 		.string	"\t\030\316\340'L%\242/+\013\340\020\376\254\001\366\201\001X\016"
 1310      274C25A2 
 1310      2F2B0BE0 
 1310      10FEAC01 
 1310      F6810158 
 1311 8171 00       		.string	""
 1312 8172 01065A0E 		.string	"\001\006Z\016\255{\334\224"
 1312      AD7BDC94 
 1312      00
 1313 817b 04400C4C 		.string	"\004@\fL\005\340\200JJ@"
 1313      05E0804A 
 1313      4A4000
 1314 8186 00       		.string	""
 1315 8187 06DC00   		.string	"\006\334"
 1316 818a 4260CFF8 		.string	"B`\317\370H\210\214\033\003\001\362\234\f\f\377\370\b(\372<\004\f\354 \036\360\202\233"
 1316      48888C1B 
 1316      0301F29C 
 1316      0C0CFFF8 
 1316      0828FA3C 
 1317 81a7 6B0E603E 		.string	"k\016`>.\b\213\354\004<\236\206\253\001!\201\001\001A\2111V\230\216\033\214[o\314\202\265
 1317      2E088BEC 
 1317      043C9E86 
 1317      AB012181 
 1317      01014189 
 1318 8220 0844C007 		.string	"\bD\300\007\b@\201,BJ\204\004\210\026\341\206\201\001\f\016]\223\335\223\340\b@\226\376|\
 1318      0840812C 
 1318      424A8404 
 1318      8816E186 
 1318      81010C0E 
 1319 8247 BB601816 		.string	"\273`\030\026\211\006{\204K\004\360\202\253\006\360d\320\tN\344\240}8\210\013\220\033o\37
 1319      89067B84 
 1319      4B04F082 
 1319      AB06F064 
 1319      D0094EE4 
 1320 82a5 10C2374E 		.string	"\020\3027N\262l\bW\r\360\214BW\204\233\234"
 1320      B26C0857 
 1320      0DF08C42 
 1320      57849B9C 
 1320      00
 1321 82b6 5200     		.string	"R"
 1322 82b8 6C0800   		.string	"l\b"
 1323 82bb 70F09446 		.string	"p\360\224F\262\204[W\r\034"
 1323      B2845B57 
 1323      0D1C00
 1324 82c6 4A00     		.string	"J"
 1325 82c8 EC0800   		.string	"\354\b"
 1326 82cb 3084CB57 		.string	"0\204\313W\rX"
 1326      0D5800
 1327 82d2 1504FC0E 		.string	"\025\004\374\016\234"
 1327      9C00
 1328 82d8 0B048904 		.string	"\013\004\211\004\023\004\201\253\340"
 1328      130481AB 
 1328      E000
 1329 82e2 541AED84 		.string	"T\032\355\204@\n\221\004\276\016\201\001<\016\221\225\376\016\212\253\017\216\216[\004\21
 1329      400A9104 
 1329      BE0E8101 
 1329      3C0E9195 
 1329      FE0E8AAB 
 1330 8310 521A8B74 		.string	"R\032\213t\016"
 1330      0E00
 1331 8316 601CC004 		.string	"`\034\300\004d"
 1331      6400
 1332 831c 400D4126 		.string	"@\rA&\327w@"
 1332      D7774000 
 1333 8324 400D5E05 		.string	"@\r^\005\214\233@"
 1333      8C9B4000 
 1334 832c 2000     		.string	" "
 1335 832e 0188A000 		.string	"\001\210\240"
 1336 8332 0C06B00A 		.string	"\f\006\260\n\214j\254\003\274Df\222@\nd"
 1336      8C6AAC03 
 1336      BC446692 
 1336      400A6400 
 1337 8342 091A4926 		.string	"\t\032I&\300\b\300"
 1337      C008C000 
 1338 834a 200D200D 		.string	" \r \r^E"
 1338      5E4500
 1339 8351 00       		.string	""
 1340 8352 4000     		.string	"@"
 1341 8354 C0046401 		.string	"\300\004d\001\200c\327\007\006%\216\203\200"
 1341      8063D707 
 1341      06258E83 
 1341      8000
 1342 8362 0E06824B 		.string	"\016\006\202K\024z\276\024\250\n@\n\256\003\003\032f\206\300\bd"
 1342      147ABE14 
 1342      A80A400A 
 1342      AE03031A 
 1342      6686C008 
 1343 8378 200D4326 		.string	" \rC&^\025\300"
 1343      5E15C000 
 1344 8380 4000     		.string	"@"
 1345 8382 200D6401 		.string	" \rd\001"
 1345      00
 1346 8387 00       		.string	""
 1347 8388 5707C004 		.string	"W\007\300\004\200s\210\033{\200"
 1347      8073881B 
 1347      7B8000
 1348 8393 64FB800C 		.string	"d\373\200\f\204z\200Lb\344\b"
 1348      847A804C 
 1348      62E40800 
 1349 839f 107B8002 		.string	"\020{\200\002t\344\bA\032z\230B\022Y\034\222kB"
 1349      74E40841 
 1349      1A7A9842 
 1349      12591C92 
 1349      6B4200
 1350 83b2 961B00   		.string	"\226\033"
 1351 83b5 503C00   		.string	"P<"
 1352 83b8 411AE408 		.string	"A\032\344\b\226{d\bN"
 1352      967B6408 
 1352      4E00
 1353 83c2 0D4400   		.string	"\rD"
 1354 83c5 30BC00   		.string	"0\274"
 1355 83c8 963B6408 		.string	"\226;d\bd\bA\032F"
 1355      6408411A 
 1355      4600
 1356 83d2 969B00   		.string	"\226\233"
 1357 83d5 403C00   		.string	"@<"
 1358 83d8 0F84E408 		.string	"\017\204\344\b\344\bA\032<"
 1358      E408411A 
 1358      3C00
 1359 83e2 5200     		.string	"R"
 1360 83e4 E40800   		.string	"\344\b"
 1361 83e7 A0640841 		.string	"\240d\bA\032J"
 1361      1A4A00
 1362 83ee 965B00   		.string	"\226["
 1363 83f1 C03C00   		.string	"\300<"
 1364 83f4 411AE408 		.string	"A\032\344\b\226\313d\b<"
 1364      96CB6408 
 1364      3C00
 1365 83fe 5800     		.string	"X"
 1366 8400 EC041080 		.string	"\354\004\020\200\340"
 1366      E000
 1367 8406 101A3FFD 		.string	"\020\032?\3757h~\004\303\377\f\f\360\361\335\223\366|q\210D\022\341\365\2023\204\001\302\
 1367      37687E04 
 1367      C3FF0C0C 
 1367      F0F1DD93 
 1367      F67C7188 
 1368 8425 045D93C1 		.string	"\004]\223\301\303\372\200\372"
 1368      C3FA80FA 
 1368      00
 1369 842e 00       		.string	""
 1370 842f 4CE50644 		.string	"L\345\006D\ne\206@\n\004 \201\021\302"
 1370      0A658640 
 1370      0A042081 
 1370      11C200
 1371 843e 64017284 		.string	"d\001r\204@\002\341\314\b$`\270\002\004\006$\332\007\240Oa\310y\204D2\374|"
 1371      4002E1CC 
 1371      082460B8 
 1371      02040624 
 1371      DA07A04F 
 1372 845b 44601002 		.string	"D`\020\002\006u\230\2011\bL\357\274\335\223\362"
 1372      06759881 
 1372      31084CEF 
 1372      BCDD93F2 
 1372      00
 1373 846c FA04044C 		.string	"\372\004\004L\200+\004kN\226!+\202\305\340\b`\310"
 1373      802B046B 
 1373      4E96212B 
 1373      82C5E008 
 1373      60C800
 1374 847f 14E18406 		.string	"\024\341\204\006$\335\027\006\003\2011\001qo\274tH\362\234B\022\216\013\230\016\362\004\f
 1374      24DD1706 
 1374      03813101 
 1374      716FBC74 
 1374      48F29C42 
 1375 84ae 64017284 		.string	"d\001r\204@\002\334\007\345'\244\017]\223\372"
 1375      4002DC07 
 1375      E527A40F 
 1375      5D93FA00 
 1376 84be 00       		.string	""
 1377 84bf 4C822B42 		.string	"L\202+B\007\201\021\004\001z\200"
 1377      07811104 
 1377      017A8000 
 1378 84cb 047B9881 		.ascii	"\004{\230\2011"
 1378      31
 1379 84d0 0404EFBC 		.string	"\004\004\357\274\242/\341\240A\376\241+"
 1379      A22FE1A0 
 1379      41FEA12B 
 1379      00
 1380 84dd 04DFFC08 		.string	"\004\337\374\bL\372\200\335\223\362"
 1380      4CFA80DD 
 1380      93F200
 1381 84e8 FA00     		.string	"\372"
 1382 84ea 040C6FFC 		.string	"\004\fo\374z\b\002d\204k\202\003\341\204\340\032@\n\362"
 1382      7A080264 
 1382      846B8203 
 1382      E184E01A 
 1382      400AF200 
 1383 84fe 0C0CC1C3 		.string	"\f\f\301\303\335\223i)C\206D\032\300\001@\032\345\002\201\021e\202d\001\004 @\002\302"
 1383      DD936929 
 1383      4386441A 
 1383      C001401A 
 1383      E5028111 
 1384 851c E5277284 		.string	"\345'r\204]\223\334\007\301\303\244\017\0044\2031\243?h\210B*\202!\200\023\346\216"
 1384      5D93DC07 
 1384      C1C3A40F 
 1384      04348331 
 1384      A33F6888 
 1385 8539 145D93C1 		.string	"\024]\223\301\303\373\200\372\004\004L\204{\006k\357\374w(\204a\302g\372\200\002d\346\236
 1385      C3FB80FA 
 1385      04044C84 
 1385      7B066BEF 
 1385      FC772884 
 1386 857d 00       		.string	""
 1387 857e 8465040E 		.string	"\204e\004\016l\004F\002\377\360\241;\370\bA\204"
 1387      6C044602 
 1387      FFF0A13B 
 1387      F8084184 
 1387      00
 1388 858f 04C40402 		.string	"\004\304\004\002\020\002\024\3765"
 1388      100214FE 
 1388      3500
 1389 8599 047B80D0 		.string	"\004{\200\320\027\372\200]\223\240\037\373\200"
 1389      17FA805D 
 1389      93A01FFB 
 1389      8000
 1390 85a7 147A8002 		.string	"\024z\200\002\004\241\037\321\007"
 1390      04A11FD1 
 1390      0700
 1391 85b1 105D93C1 		.string	"\020]\223\301\303\344\004\372"
 1391      C3E404FA 
 1391      00
 1392 85ba 00       		.string	""
 1393 85bb 4CE50248 		.string	"L\345\002H*\345\202J*e\006@:B:\210+\212;e\206\357\274s\210`\001\004\006\2011B"
 1393      2AE5824A 
 1393      2A650640 
 1393      3A423A88 
 1393      2B8A3B65 
 1394 85dc 42128403 		.string	"B\022\204\003\371\007r\214`\220\004\024$\017\371\027\205\013\377!\037\374A\376A\376\241\0
 1394      F907728C 
 1394      60900414 
 1394      240FF917 
 1394      850BFF21 
 1395 8600 FA04044C 		.string	"\372\004\004L\206k!\033\201q\nE\210\345\241+~\201\006\016H\032@"
 1395      866B211B 
 1395      81710A45 
 1395      88E5A12B 
 1395      7E81060E 
 1396 8618 4A0AE50A 		.string	"J\n\345\n@\n\345\016F\032\345\216\030Te\212V\007\341\324\341\204\002D"
 1396      400AE50E 
 1396      461AE58E 
 1396      1854658A 
 1396      5607E1D4 
 1397 8631 3420CF56 		.string	"4 \317VW\340\374\0044\240\037@\022a\204B\"\360\224\210+r\260\357\274fh\205\013\377!\037\3
 1397      57E0FC04 
 1397      34A01F40 
 1397      12618442 
 1397      22F09488 
 1398 8675 00       		.string	""
 1399 8676 0602083E 		.string	"\006\002\b>\241\033\200"
 1399      A11B8000 
 1400 867e 0206409C 		.string	"\002\006@\234\0064\301\204\b\024P\220F2B:\201\001@\226@\006\210\036\200\b\301\303\335\223
 1400      0634C184 
 1400      08145090 
 1400      4632423A 
 1400      81014096 
 1401 869e 040C8A25 		.string	"\004\f\212%\241+\n\002\006\023\006\024\340"
 1401      A12B0A02 
 1401      06130614 
 1401      E000
 1402 86ac 030A7A80 		.string	"\003\nz\200\b0\364|\201\021l\200{\220F2"
 1402      0830F47C 
 1402      81116C80 
 1402      7B904632 
 1402      00
 1403 86bd 32814148 		.string	"2\201AHPl|\n\006\234"
 1403      506C7C0A 
 1403      069C00
 1404 86c8 184400   		.string	"\030D"
 1405 86cb 00       		.string	""
 1406 86cc 0C04EF80 		.string	"\f\004\357\200\2403l"
 1406      A0336C00 
 1407 86d4 78B05862 		.string	"x\260Xb!O\241_\341\204"
 1407      214FA15F 
 1407      E18400
 1408 86df 24063238 		.string	"$\00628_'_\354\004BR\210\003\2011r\204\357\274a(\362"
 1408      5F275FEC 
 1408      04425288 
 1408      03813172 
 1408      84EFBC61 
 1409 86f6 0C0CC1C3 		.string	"\f\f\301\303\335\223\372"
 1409      DD93FA00 
 1410 86fe 00       		.string	""
 1411 86ff 4CA12B00 		.string	"L\241+"
 1412 8703 3BE50640 		.string	";\345\006@:\345\206B:\006 \202e\203Al\004\2011'Oo8\210\003B\022o\274\377!\362\214A\376\20
 1412      3AE58642 
 1412      3A062082 
 1412      6583416C 
 1412      04813127 
 1413 8732 084CC1C3 		.string	"\bL\301\303\335\223\376"
 1413      DD93FE00 
 1414 873a 044CA32D 		.string	"\004L\243-"
 1414      00
 1415 873f 3BE40640 		.string	";\344\006@:\344\206B:\b \206u\2031l\004h\220\b4!\035\201\301\341|\nDq\220L\302\350\210\00
 1415      3AE48642 
 1415      3A082086 
 1415      7583316C 
 1415      04689008 
 1416 876a 48605C00 		.string	"H`\\"
 1417 876e 4AC04252 		.string	"J\300BR\210\003\006$r\204Px\341|\003J\357\274\002\032\340"
 1417      88030624 
 1417      72845078 
 1417      E17C034A 
 1417      EFBC021A 
 1418 8784 00       		.string	""
 1419 8785 EAE000   		.string	"\352\340"
 1420 8788 420AE000 		.string	"B\n\340"
 1421 878c 421AE580 		.string	"B\032\345\200B\n\341\210\200\365\355\200\177\375A\376\fL\337\377\335\223\366"
 1421      420AE188 
 1421      80F5ED80 
 1421      7FFD41FE 
 1421      0C4CDFFF 
 1422 87a4 06067F21 		.string	"\006\006\177!\340"
 1422      E000
 1423 87aa 6001E008 		.string	"`\001\340\bCJ\340\bB\032\344\fAj\345\200B\n\341\210B\032\355\200B\n"
 1423      434AE008 
 1423      421AE40C 
 1423      416AE580 
 1423      420AE188 
 1424 87c5 0100     		.string	"\001"
 1425 87c7 060C4CE0 		.string	"\006\fL\340"
 1425      00
 1426 87cc DD93F600 		.string	"\335\223\366"
 1427 87d0 FA7C044C 		.string	"\372|\004L\206k\004Kp\220\b\t\b)\201Q\022\020x\214\b9\346"
 1427      866B044B 
 1427      70900809 
 1427      08298151 
 1427      1210788C 
 1428 87e8 14107884 		.string	"\024\020x\204\030\006\344\300\377\370W\316NF\032&XV\340"
 1428      1806E4C0 
 1428      FFF857CE 
 1428      4E461A26 
 1428      5856E000 
 1429 87fc DA368181 		.string	"\3326\201\201\211\245\217N\360\240@B\340@"
 1429      89A58F4E 
 1429      F0A04042 
 1429      E04000
 1430 880b 198AA5A1 		.string	"\031\212\245\241\033\340`"
 1430      1BE06000 
 1431 8813 198A25A1 		.string	"\031\212%\241\033\241\033\244\032\b\031\210\305Db| D\021\360\240"
 1431      1BA11BA4 
 1431      1A081988 
 1431      C544627C 
 1431      204411F0 
 1432 8829 19E01044 		.string	"\031\340\020D\021\340 "
 1432      11E02000 
 1433 8831 19E03044 		.string	"\031\3400D\021\340@"
 1433      11E04000 
 1434 8839 09E05044 		.string	"\t\340PD\001\340`\244*\340p\252\024\250\004\341\204\006$\2011\006\003o\274V(\362\224B\022
 1434      01E060A4 
 1434      2AE070AA 
 1434      14A804E1 
 1434      84062481 
 1435 8883 5E71AC42 		.string	"^q\254Bb\004\f\202\201\354\b\026\260\210q\004\221\261\213\220\241\201\001\354\325\362|\fL
 1435      62040C82 
 1435      81EC0816 
 1435      B0887104 
 1435      91B18B90 
 1436 88aa 06286001 		.string	"\006(`\001\346"
 1436      E600
 1437 88b0 E6100810 		.string	"\346\020\b\020e\020\n\020Y\306\370\021\201a`"
 1437      65100A10 
 1437      59C6F811 
 1437      81616000 
 1438 88c0 027983F5 		.string	"\002y\203\365\241{\370 \204x\204\245\204E\241{\200\204\224t\006\253\202\224\020z\370 \f\2
 1438      A17BF820 
 1438      847884A5 
 1438      8445A17B 
 1438      80849474 
 1439 88e5 8E829E46 		.string	"\216\202\236F\243\216\243\202\261x \002\301\214\274\004A\2041\bQ\220\001\016\300\202\021\
 1439      A38EA382 
 1439      B1782002 
 1439      C18CBC04 
 1439      41843108 
 1440 896f 9B846B0A 		.string	"\233\204k\n\213\206\013\013\016\220+\016\033h"
 1440      8B860B0B 
 1440      0E902B0E 
 1440      1B6800
 1441 897e 4348AB9B 		.string	"CH\253\233\210;\245\233\204\005\f`\002\345\247\233\204\020\251\233\202E@\200\002%\243\233
 1441      883BA59B 
 1441      84050C60 
 1441      02E5A79B 
 1441      8410A99B 
 1442 899c 08618675 		.string	"\ba\206u\201%\216\013\r\024\220a\344P\006\360b\230\230$\013\024\357\374\340"
 1442      81258E0B 
 1442      0D149061 
 1442      E45006F0 
 1442      62989824 
 1443 89b6 00       		.string	""
 1444 89b7 1A619C4E 		.string	"\032a\234N\n\017$\201\001 \001\002\006\002\006\300"
 1444      0A0F2481 
 1444      01200102 
 1444      060206C0 
 1444      00
 1445 89c8 881EC000 		.string	"\210\036\300"
 1446 89cc F21C0C4C 		.string	"\362\034\fL@\306\335\223N\n`\bN\032\351\234\201\021a\234\301\303\375\365\204\003\247/\\\b
 1446      40C6DD93 
 1446      4E0A6008 
 1446      4E1AE99C 
 1446      8111619C 
 1447 89ed 061A00   		.string	"\006\032"
 1448 89f0 5D938000 		.string	"]\223\200"
 1449 89f4 F1804012 		.string	"\361\200@\022\372|\004\f\354P\036\360da"
 1449      FA7C040C 
 1449      EC501EF0 
 1449      646100
 1450 8a03 00       		.string	""
 1451 8a04 81414003 		.string	"\201A@\003\374\036\276\016\006\b\213\365\001\261\201\241\201M\201q~N\222e\002\t\210\023\2
 1451      FC1EBE0E 
 1451      06088BF5 
 1451      01B181A1 
 1451      814D8171 
 1452 8a7c 84D5E57D 		.string	"\204\325\345}a\204\020t@\202\201\221\2011p\250r\244BBD\030\216+"
 1452      61841074 
 1452      40828191 
 1452      813170A8 
 1452      72A44242 
 1453 8a95 ABEFBCF0 		.string	"\253\357\274\360\254@\202r\244BbC\230\2011\216+o\274\374\024\200\273"
 1453      AC408272 
 1453      A4426243 
 1453      9881318E 
 1453      2B6FBCFC 
 1454 8aad 44FE4406 		.string	"D\376D\006\020`\210\004D\345\020\206\003`\204\202A\0043@\265\200\256Fs\340 \204\b\340\200
 1454      10608804 
 1454      44E51086 
 1454      03608482 
 1454      41043340 
 1455 8b32 430878C0 		.string	"C\bx\300\026\t\344P\004\360x\200\026\031\344@\n\360\374(\0229\340@\020I\223!<.\350"
 1455      1609E450 
 1455      04F07880 
 1455      1619E440 
 1455      0AF0FC28 
 1456 8b52 420881C1 		.string	"B\b\201\301~\004\200\205\241\013\241\033\213\024~\316\200\265\013\316\201\021\r$\201\001\
 1456      7E048085 
 1456      A10BA11B 
 1456      8B147ECE 
 1456      80B50BCE 
 1457 8b93 33143EF0 		.string	"3\024>\360\200\360\220@2"
 1457      80F09040 
 1457      3200
 1458 8b9d 00       		.string	""
 1459 8b9e 190D00   		.string	"\031\r"
 1460 8ba1 1BEC0402 		.string	"\033\354\004\002\300\201Q<\024\214\004\373\004D\"\2025\204=\210[\004\r\300"
 1460      C081513C 
 1460      148C04FB 
 1460      04442282 
 1460      35843D88 
 1461 8bba 00       		.string	""
 1462 8bbb 16D18C40 		.ascii	"\026\321\214@\002\320\210J\002\335\223\204^\372<\004\f\354 \036"
 1462      02D0884A 
 1462      02DD9384 
 1462      5EFA3C04 
 1462      0CEC201E 
 1463 8bcf F0828B0A 		.ascii	"\360\202\213\nk\204{\021\224\214\033\b\013o\374i\210\001\001"
 1463      6B847B11 
 1463      948C1B08 
 1463      0B6FFC69 
 1463      880101
 1464 8be2 902B8565 		.ascii	"\220+\205e\221\241\2105\241\013`\200\022\025\022E\2011\220+`"
 1464      91A18835 
 1464      A10B6080 
 1464      12151245 
 1464      8131902B 
 1465 8bf7 40E06012 		.ascii	"@\340`\022U\276\236\234\b\214\033<\036\357\374k\b\2045\241\013"
 1465      55BE9E9C 
 1465      088C1B3C 
 1465      1EEFFC6B 
 1465      088435A1 
 1466 8c0c 60801215 		.ascii	"`\200\022\025\344\200\004\220`@\022E\022U\2011\236\b\340`\220"
 1466      E4800490 
 1466      60401245 
 1466      12558131 
 1466      9E08E060 
 1467 8c21 2B3E2E8C 		.ascii	"+>.\214\033<\036\357\374i\350l\004\024\240\241\253\210\221\220"
 1467      1B3C1EEF 
 1467      FC69E86C 
 1467      0414A0A1 
 1467      AB889190 
 1468 8c35 F1F655F2 		.ascii	"\361\366U\362<\f\f\301\303\335\223\372<\004\f\354 \036\360\202"
 1468      3C0C0CC1 
 1468      C3DD93FA 
 1468      3C040CEC 
 1468      201EF082 
 1469 8c49 7B158484 		.ascii	"{\025\204\204k\027\224\216+\023\004o\374e\310\001\001\220\033"
 1469      6B17948E 
 1469      2B13046F 
 1469      FC65C801 
 1469      01901B
 1470 8c5c E00814C6 		.ascii	"\340\b\024\306\241\013\205u\022\025\210U\2011h\300d`\022E\022"
 1470      A10B8575 
 1470      12158855 
 1470      813168C0 
 1470      64601245 
 1471 8c71 558E2B98 		.ascii	"U\216+\230\b\346\220<\036\276\236g8\220\033\241\013\357\374\022"
 1471      08E6903C 
 1471      1EBE9E67 
 1471      38901BA1 
 1471      0BEFFC12 
 1472 8c85 15845504 		.ascii	"\025\204U\004\220h\300\300\002d\300d`\022E\022U\2011\232\b\346"
 1472      9068C0C0 
 1472      0264C064 
 1472      60124512 
 1472      5581319A 
 1473 8c9b 908E2B3E 		.ascii	"\220\216+>."
 1473      2E
 1474 8ca0 901B3C1E 		.string	"\220\033<\036\357\374f\bl\004\024\240\241\253\210\221\220\361\3665\362<\f\f\301\303\335\2
 1474      EFFC6608 
 1474      6C0414A0 
 1474      A1AB8891 
 1474      90F1F635 
 1475 8ccd 8082AB08 		.string	"\200\202\253\b\200dP<\016\344\020\344@\n\200\357\374wh\204\025\241\013g\240\002\200\347`"
 1475      8064503C 
 1475      0EE410E4 
 1475      400A80EF 
 1475      FC776884 
 1476 8ceb 8004807E 		.string	"\200\004\200~\036|.\347\220>\016\224\033z8\216+\241\013\357\374\240\361\200\245\362<\f\f\
 1476      1E7C2EE7 
 1476      903E0E94 
 1476      1B7A388E 
 1476      2BA10BEF 
 1477 8d39 00       		.string	""
 1478 8d3a E358E20D 		.string	"\343X\342\r\354\f\034"
 1478      EC0C1C00 
 1479 8d42 40709C00 		.string	"@p\234"
 1480 8d46 42608FFC 		.string	"B`\217\374Z\350\f\f\201\001\335\223\362\f\370<\004Lb\001\002[\201\301@\001\f\304\205\225\
 1480      5AE80C0C 
 1480      8101DD93 
 1480      F20CF83C 
 1480      044C6201 
 1481 8d76 0E7B06A5 		.string	"\016{\006\245\304\207\304w| \374\034"
 1481      C487C477 
 1481      7C20FC1C 
 1481      00
 1482 8d83 955082D3 		.string	"\225P\202\323\255P\225\320\214\004\211\300"
 1482      AD5095D0 
 1482      8C0489C0 
 1482      00
 1483 8d90 A18BE030 		.string	"\241\213\3400\f`\202\305@\bd\001\230h\200s\304g\234t|\030\b\205\210c\317w\230\216\216\203
 1483      0C6082C5 
 1483      40086401 
 1483      98688073 
 1483      C4679C74 
 1484 8dcf 398745C0 		.string	"9\207E\300\002`4\002\231\372\200\016\304`0\002\271\004\205\304w\241\273\374\034\345\246T\
 1484      02603402 
 1484      99FA800E 
 1484      C4603002 
 1484      B90485C4 
 1485 8e4a 044C8141 		.string	"\004L\201A\0311\030T\203\225L\022`\204\002\303\360\224\030[\202A\f\311\350"
 1485      19311854 
 1485      83954C12 
 1485      608402C3 
 1485      F094185B 
 1486 8e64 C0026001 		.string	"\300\002`\001\340\210\fT|\030"
 1486      E0880C54 
 1486      7C1800
 1487 8e6f 6504C5C4 		.string	"e\004\305\304\307\331m\3740\320\200JR\f\001J1\002\313\300\004@\001b\001\373\200\nD\370U\3
 1487      C7D96DFC 
 1487      30D0804A 
 1487      520C014A 
 1487      3102CBC0 
 1488 8e98 FA7C040C 		.string	"\372|\004\f\357\020\036\360\204\213\002kd\t\f\t\200{@\002e\020\002\360\346\020\004\360\20
 1488      EF101EF0 
 1488      848B026B 
 1488      64090C09 
 1488      807B4002 
 1489 8eb9 00       		.string	""
 1490 8eba 493EC53E 		.string	"I>\305>\354\004\376u\241\013f\020\022\360\345\020\024\360\214\033\016\013\222;\020+o\374t
 1490      EC04FE75 
 1490      A10B6610 
 1490      12F0E510 
 1490      14F08C1B 
 1491 8f07 24832D84 		.string	"$\203-\204\024"
 1491      1400
 1492 8f0d 00       		.string	""
 1493 8f0e 00       		.string	""
 1494 8f0f 065D9382 		.string	"\006]\223\202-\300"
 1494      2DC000
 1495 8f16 00       		.string	""
 1496 8f17 16FA7C04 		.string	"\026\372|\004\f\354\220\036\360\202\233~.\002\006>\016\t!\340\020h\361\006NN\370\300\020\
 1496      0CEC901E 
 1496      F0829B7E 
 1496      2E02063E 
 1496      0E0921E0 
 1497 8f53 7412058B 		.string	"t\022\005\213\036Lx\374"
 1497      1E4C78FC 
 1497      00
 1498 8f5c 0C74E800 		.string	"\ft\350"
 1499 8f60 010A6084 		.string	"\001\n`\204\300\001d"
 1499      C0016400 
 1500 8f68 4C039263 		.string	"L\003\222c"
 1500      00
 1501 8f6d 046800   		.string	"\004h"
 1502 8f70 1E158084 		.string	"\036\025\200\204@\002\200\004"
 1502      40028004 
 1502      00
 1503 8f79 B3908400 		.string	"\263\220\204"
 1504 8f7d 010C01C0 		.string	"\001\f\001\300\fA&\300\b^\005G\374W\366\373\374\020\n~\244\206\305\344\200\004\360dp\006\
 1504      0C4126C0 
 1504      085E0547 
 1504      FC57F6FB 
 1504      FC100A7E 
 1505 8fa8 808B602C 		.string	"\200\213`,\241\013(\002@\016\202EB\006`.@\n\340\370\252\022\340\206\372\004@\002\201\021\
 1505      A10B2802 
 1505      400E8245 
 1505      4206602E 
 1505      400AE0F8 
 1506 8fcd 8A8B0414 		.string	"\212\213\004\024\240\364<\002\366\004\004\f\345\200"
 1506      A0F43C02 
 1506      F604040C 
 1506      E58000
 1507 8fdc 8000     		.string	"\200"
 1508 8fde 10068914 		.string	"\020\006\211\024\217\004\361\200@\262\360\200"
 1508      8F04F180 
 1508      40B2F080 
 1508      00
 1509 8feb 0482C583 		.string	"\004\202\305\203\r\004\360~\004\006\360\344\200"
 1509      0D04F07E 
 1509      0406F0E4 
 1509      8000
 1510 8ff9 19E47096 		.string	"\031\344p\226\013`(\350"
 1510      0B6028E8 
 1510      00
 1511 9002 44288181 		.string	"D(\201\201\002\241\013\004\203\365\344\200\004\360\006\360~\244\202\001\344p\340(\024\031
 1511      02A10B04 
 1511      83F5E480 
 1511      04F006F0 
 1511      7EA48201 
 1512 9022 43C8602C 		.string	"C\310`,\024\t(\002\200\213\202E\241\013`.@\016\340\370B\006\340\206@\n@\002\252\022\t\016
 1512      14092802 
 1512      808B8245 
 1512      A10B602E 
 1512      400EE0F8 
 1513 9056 4CA34C03 		.string	"L\243L\003\2021\300\001d\tb\001\022\013\0164@\001\301}\373\200"
 1513      8231C001 
 1513      64096201 
 1513      120B0E34 
 1513      4001C17D 
 1514 906d 10DC3552 		.string	"\020\3345R\001\344\004\300\002d\t\310\361|\004\362|\f\f\301\303\335\223\nD\210D\252C\351\
 1514      01E404C0 
 1514      026409C8 
 1514      F17C04F2 
 1514      7C0C0CC1 
 1515 908f 43C34F08 		.string	"C\303O\bN\335\223\214N\243\017\f\016\201\001\b\016\301\303\335\223`<\002\t\241\013\200;@\
 1515      4EDD938C 
 1515      4EA30F0C 
 1515      0E810108 
 1515      0EC1C3DD 
 1516 90e9 045D93C1 		.string	"\004]\223\301\303\372\200\372|\004\f\3540\036\360\202\273"
 1516      C3FA80FA 
 1516      7C040CEC 
 1516      301EF082 
 1516      BB00
 1517 90fb 7B677110 		.string	"{gq\020p\022p@\021\300\003gq\201\241>\276\201\001\001a"
 1517      70127040 
 1517      11C00367 
 1517      7181A13E 
 1517      BE810101 
 1518 9111 A4852504 		.string	"\244\205%\004\360{\200|X\344 \216\033o\374\241\033\221\030\037\375C\376V\025\237\377\202\
 1518      F07B807C 
 1518      58E4208E 
 1518      1B6FFCA1 
 1518      1B91181F 
 1519 9130 45FE201A 		.string	"E\376 \032\317\377\177\375\373\200\fd\340\027\202a\254\036\264\037\304\035\244\024\300"
 1519      CFFF7FFD 
 1519      FB800C64 
 1519      E0178261 
 1519      AC1EB41F 
 1520 914a 40C688B1 		.string	"@\306\210\261\002\241\210\221\004\201`\001\024\n\366\225\300\001\230\361>\024b\001Bc\f\f\
 1520      02A18891 
 1520      04816001 
 1520      140AF695 
 1520      C00198F1 
 1521 9173 19A11B81 		.string	"\031\241\033\201!"
 1521      2100
 1522 9179 00       		.string	""
 1523 917a 02168008 		.string	"\002\026\200\b@\226\314*\206%\340(\006\t|\300\b$HJ\342'\002\020f\206\001\n\354\004@\306d@
 1523      4096CC2A 
 1523      8625E028 
 1523      06097CC0 
 1523      0824484A 
 1524 91a0 08066012 		.string	"\b\006`\022"
 1524      00
 1525 91a5 06F000   		.string	"\006\360"
 1526 91a8 422A8000 		.string	"B*\200"
 1527 91ac 4242E686 		.string	"BB\346\206\316,\361\204\340\020F\023\301\303\335\223\372<\004\f\200\213\006k`8\f\t!\013\2
 1527      CE2CF184 
 1527      E0104613 
 1527      C1C3DD93 
 1527      FA3C040C 
 1528 91db AB140AE0 		.string	"\253\024\n\340\b\204E\342\244gq\022\200\216\033@\003\214+\022\013\357\374iHA&"
 1528      088445E2 
 1528      A4677112 
 1528      808E1B40 
 1528      038C2B12 
 1529 91f7 8BA18BE0 		.string	"\213\241\213\340\f\234"
 1529      0C9C00
 1530 91fe 50A0E3C8 		.string	"P\240\343\310\020\n\f\f\200\225\335\223\362<\216\033\022\013o\374dH\241\013\214+\334"
 1530      100A0C0C 
 1530      8095DD93 
 1530      F23C8E1B 
 1530      120B6FFC 
 1531 921a 5000     		.string	"P"
 1532 921c 0C0C900B 		.string	"\f\f\220\013\335\223\362<\372"
 1532      DD93F23C 
 1532      FA00
 1533 9226 00       		.string	""
 1534 9227 4CE100   		.string	"L\341"
 1535 922a 1E06619C 		.string	"\036\006a\234"
 1535      00
 1536 922f 46663883 		.string	"Ff8\203\021\301\303\357\270\372\f\004\f\200k\002{`<A\366s\330\201\021\201\201o\274`"
 1536      11C1C3EF 
 1536      B8FA0C04 
 1536      0C806B02 
 1536      7B603C41 
 1537 924e 42766298 		.string	"Bvb\230\214\013~\330\350$\214\013h\f\341<"
 1537      8C0B7ED8 
 1537      E8248C0B 
 1537      680CE13C 
 1537      00
 1538 925f 86801880 		.string	"\206\200\030\200\004\361\374B\020"
 1538      04F1FC42 
 1538      1000
 1539 9269 C600     		.string	"\306"
 1540 926b 168004E1 		.string	"\026\200\004\341D\001\206"
 1540      44018600 
 1541 9273 868004E1 		.string	"\206\200\004\341D@F"
 1541      44404600 
 1542 927b 868004E1 		.string	"\206\200\004\341D@F"
 1542      44404600 
 1543 9283 860C2BEF 		.string	"\206\f+\357\334\300\025n\ts\365B DJ@\377L\023\340\230\300\025n\t\370p"
 1543      DCC0156E 
 1543      0973F542 
 1543      20444A40 
 1543      FF4C13E0 
 1544 929f 39F3EC44 		.string	"9\363\354D0\370p@!L\201\204E@+l!s\371B\020L\023\300\377\300\025n\t\370 @\201\370\020"
 1544      30F87040 
 1544      214C8184 
 1544      45402B6C 
 1544      2173F942 
 1545 92c3 19F3F842 		.string	"\031\363\370B\020\370\020@\021B\020\200\030\200\026\363\370B\020\200\030\200\026\363\364\
 1545      10F81040 
 1545      11421080 
 1545      188016F3 
 1545      F8421080 
 1546 92df 194011C8 		.string	"\031@\021\310\031@\201\3700"
 1546      194081F8 
 1546      3000
 1547 92e9 09E03040 		.string	"\t\3400@\n\3700\202\345\340\210C\366\034\004\377\300o\375\002\016\002\017@"
 1547      0AF83082 
 1547      E5E08843 
 1547      F61C04FF 
 1547      C06FFD02 
 1548 9302 F000     		.string	"\360"
 1549 9304 C300     		.string	"\303"
 1550 9306 7C019C04 		.string	"|\001\234\004\234\016\234\016\202\017n\r\f\t\243\013\3006\f\t\204\025\3008c\021A\306\243\
 1550      9C0E9C0E 
 1550      820F6E0D 
 1550      0C09A30B 
 1550      C0360C09 
 1551 9325 2012FD00 		.string	" \022\375"
 1552 9329 0102064C 		.string	"\001\002\006L\201\277\301\2008\003\021\200"
 1552      81BFC180 
 1552      38031180 
 1552      00
 1553 9336 40156800 		.string	"@\025h"
 1554 933a 5FA84286 		.string	"_\250B\206\214\013\214\013`"
 1554      8C0B8C0B 
 1554      6000
 1555 9344 E8245B08 		.string	"\350$[\b\357\374v\350\372"
 1555      EFFC76E8 
 1555      FA00
 1556 934e 040C8B11 		.string	"\004\f\213\021"
 1556      00
 1557 9353 6BE82856 		.string	"k\350(V\210a$"
 1557      88612400 
 1558 935b C6E000   		.string	"\306\340"
 1559 935e 42064C11 		.string	"B\006L\021\200\004@+l\035"
 1559      8004402B 
 1559      6C1D00
 1560 9369 168111E1 		.string	"\026\201\021\341<"
 1560      3C00
 1561 936f 86801880 		.string	"\206\200\030\200\004\361\374B\020@\006"
 1561      04F1FC42 
 1561      10400600 
 1562 937b 168008EF 		.string	"\026\200\b\357\334\340\200@\n\016\t\f\013@"
 1562      DCE08040 
 1562      0A0E090C 
 1562      0B4000
 1563 938a C015C0FF 		.string	"\300\025\300\377\023}\016\tL\003\214\013@\025\350"
 1563      137D0E09 
 1563      4C038C0B 
 1563      4015E800 
 1564 939a 5CA8E800 		.string	"\\\250\350"
 1565 939e 5C086144 		.string	"\\\baD@F\200\004\205\021\001\206"
 1565      40468004 
 1565      85110186 
 1565      00
 1566 93ab 168004E1 		.string	"\026\200\004\341D"
 1566      4400
 1567 93b1 C600     		.string	"\306"
 1568 93b3 168004E1 		.string	"\026\200\004\341D\f\t\200\026\300+l!\354\004\002"
 1568      440C0980 
 1568      16C02B6C 
 1568      21EC0402 
 1568      00
 1569 93c4 8495E71D 		.string	"\204\225\347\035\354,\002"
 1569      EC2C0200 
 1570 93cc 84B5E71D 		.string	"\204\265\347\035\354\020\002"
 1570      EC100200 
 1571 93d4 84D5E51D 		.string	"\204\325\345\035\206%\255\013\206e\263\013\206\265\265\013\f\f\214\013 X\362"
 1571      8625AD0B 
 1571      8665B30B 
 1571      86B5B50B 
 1571      0C0C8C0B 
 1572 93ec 8C0BE058 		.string	"\214\013\340X\362"
 1572      F200
 1573 93f2 0C0CE040 		.string	"\f\f\340@5H\f\f\214\013\b8\362"
 1573      35480C0C 
 1573      8C0B0838 
 1573      F200
 1574 9400 8C0BE054 		.string	"\214\013\340T\362"
 1574      F200
 1575 9406 0C0CE04C 		.string	"\f\f\340L\020\310\f\f\214\013\205\265\362"
 1575      10C80C0C 
 1575      8C0B85B5 
 1575      F200
 1576 9414 0C0C8C0B 		.string	"\f\f\214\013\205u\362"
 1576      8575F200 
 1577 941c 0C0C8101 		.string	"\f\f\201\001\335\223\362"
 1577      DD93F200 
 1578 9424 FA00     		.string	"\372"
 1579 9426 040C8111 		.string	"\004\f\201\021\001\001h }\250\003F\201a\2031aL\b6\204$\341\024D\306\2206\210D\bf\210$\204
 1579      01016820 
 1579      7DA80346 
 1579      81618331 
 1579      614C0836 
 1580 9452 0C0CE020 		.ascii	"\f\f\340 <ha\024@\306\200\004\203\021\301\203\200\026\335\223"
 1580      3C686114 
 1580      40C68004 
 1580      8311C183 
 1580      8016DD93 
 1581 9466 C713FA3C 		.ascii	"\307\023\372<\004\f\f\t\200k"
 1581      040C0C09 
 1581      806B
 1582 9470 C02B6C21 		.string	"\300+l!@\226\263\013L\001\200"
 1582      4096B30B 
 1582      4C018000 
 1583 947c 802B0C1D 		.string	"\200+\f\035@f\202%L\001\340"
 1583      40668225 
 1583      4C01E000 
 1584 9488 402B6C1D 		.string	"@+l\035Ax\214\013@\370\350P\214\013h\030a\321\f\t\200{@\025ly\f\031@\n\300,\202\001\346\2
 1584      41788C0B 
 1584      40F8E850 
 1584      8C0B6818 
 1584      61D10C09 
 1585 94af 8A41D6C0 		.string	"\212A\326\300\003\016f"
 1585      030E6600 
 1586 94b7 3C00     		.string	"<"
 1587 94b9 048004A1 		.string	"\004\200\004\241{Z\200f1L\003\202E\300\026l\035\f)\214\013@+h\fpH\241\013\216\033G\270\23
 1587      7B5A8066 
 1587      314C0382 
 1587      45C0166C 
 1587      1D0C298C 
 1588 94f5 7B8C0BE1 		.string	"{\214\013\3414A\006\002\226"
 1588      34410602 
 1588      9600
 1589 94ff 044C11E0 		.string	"\004L\021\340\004\300+l\035"
 1589      04C02B6C 
 1589      1D00
 1590 9509 0E00     		.string	"\016"
 1591 950b 160C19FF 		.string	"\026\f\031\377\370\300,l\375\343\360\002\n\304\004"
 1591      F8C02C6C 
 1591      FDE3F002 
 1591      0AC40400 
 1592 951b 106CFD4C 		.string	"\020l\375L\001\214\013@,\350\004K\350\214\025\241{!{\207\205\340"
 1592      018C0B40 
 1592      2CE8044B 
 1592      E88C15A1 
 1592      7B217B87 
 1593 9532 40666C1D 		.string	"@fl\035L\001\212\025\300+aLUFf\340\020`(\004\300\243ga\022`\002`\300\237@Te\301eA\004`\00
 1593      4C018A15 
 1593      C02B614C 
 1593      554666E0 
 1593      10602804 
 1594 95c3 8A80F5C0 		.string	"\212\200\365\300\003a\030\001F\200\004\207\021\335\223\200\026d9"
 1594      03611801 
 1594      46800487 
 1594      11DD9380 
 1594      16643900 
 1595 95d7 8A80F5C0 		.string	"\212\200\365\300\002a\030\001F\200\004\205\021\335\223\200\026a\030\003Fd\030\001J\204\02
 1595      02611801 
 1595      46800485 
 1595      11DD9380 
 1595      16611803 
 1596 95f6 00       		.string	""
 1597 95f7 0CDD9384 		.string	"\f\335\223\204\006fa\002\212\003\006\300\003\004f\001\004\002\025\200"
 1597      06666102 
 1597      8A0306C0 
 1597      03046601 
 1597      04021580 
 1598 960c 86C58000 		.string	"\206\305\200"
 1599 9610 6499028A 		.string	"d\231\002\212\003\006\300\003\004V\001\004\002\025\200"
 1599      0306C003 
 1599      04560104 
 1599      02158000 
 1600 9620 84858000 		.string	"\204\205\200"
 1601 9624 66C9028A 		.string	"f\311\002\212\003\006\300\002\004F\001\004\002\025\200"
 1601      0306C002 
 1601      04460104 
 1601      02158000 
 1602 9634 82458000 		.string	"\202E\200"
 1603 9638 6495030A 		.string	"d\225\003\n\003\006@\002\004\024\341\004\004&\207!\004&\200"
 1603      03064002 
 1603      0414E104 
 1603      04268721 
 1603      04268000 
 1604 964c E1040306 		.string	"\341\004\003\006\204\030\204\024ey@\021\335\223\300+\003\n\304\027\300\017f\201\002\212\2
 1604      84188414 
 1604      65794011 
 1604      DD93C02B 
 1604      030AC417 
 1605 9672 04068000 		.string	"\004\006\200"
 1606 9676 0215028A 		.string	"\002\025\002\212\204\205\300\ff\315\001\004\002\306\200"
 1606      8485C00C 
 1606      66CD0104 
 1606      02C68000 
 1607 9686 04168000 		.string	"\004\026\200"
 1608 968a 0215030A 		.string	"\002\025\003\n\202E@\nd\241\341\004\002\306\205!\004\024\200"
 1608      8245400A 
 1608      64A1E104 
 1608      02C68521 
 1608      04148000 
 1609 969e 043602C6 		.string	"\0046\002\306\204&\204\024\341\004@\021\204\030\300+eu\301\303\335\223\341\030\005\206\21
 1609      84268414 
 1609      E1044011 
 1609      8418C02B 
 1609      6575C1C3 
 1610 96bd 15A12B00 		.string	"\025\241+"
 1611 96c1 090E0DC1 		.string	"\t\016\r\301\030\005F\300"
 1611      180546C0 
 1611      00
 1612 96ca 042581B0 		.string	"\004%\201\260\002\024@"
 1612      02144000 
 1613 96d2 04298404 		.string	"\004)\204\004\002\020\304\004\004 \300\nB\032n\001@\023\335\223\300\025\341$\001F\204(\20
 1613      0210C404 
 1613      0420C00A 
 1613      421A6E01 
 1613      4013DD93 
 1614 9731 2600     		.string	"&"
 1615 9733 6B4C01E0 		.string	"kL\001\340\f@+l\035e\030\201\001\201\021h o\251\f\025%\033\300\013\341$\003F\202E\204$BJ\
 1615      0C402B6C 
 1615      1D651881 
 1615      01811168 
 1615      206FA90C 
 1616 9794 80C5A17B 		.string	"\200\305\241{o\251\f\005\245\013\300\013\244\004\202\325\224\r\200"
 1616      6FA90C05 
 1616      A50BC00B 
 1616      A40482D5 
 1616      940D8000 
 1617 97a8 0C298405 		.string	"\f)\204\005@+l\035\340\f\002\226h\fY(\201\225\214\013\200\b\240\004\001U\307\007\360\004N
 1617      402B6C1D 
 1617      E00C0296 
 1617      680C5928 
 1617      81958C0B 
 1618 97c8 EFFC52E8 		.string	"\357\374R\350\200\004\254\004\3705\241\013\203\021>\004\362\374\f\f\340  (\372\374\004\f"
 1618      8004AC04 
 1618      F835A10B 
 1618      83113E04 
 1618      F2FC0C0C 
 1619 97e5 3600     		.string	"6"
 1620 97e7 7B4E01E0 		.string	"{N\001\340\f@+l\035_x\201\001\201\021h >\016\201\201\341$\001\306UF"
 1620      0C402B6C 
 1620      1D5F7881 
 1620      01811168 
 1620      203E0E81 
 1621 9803 048086E1 		.string	"\004\200\206\341$\200d\250\004\216\013"
 1621      248064A8 
 1621      048E0B00 
 1622 980f 14E82074 		.string	"\024\350 t\250C\246\003\221\003!\340\fp8\216\013A\206\350P\200\024\341\024\003F\004\214\2
 1622      A843A603 
 1622      910321E0 
 1622      0C70388E 
 1622      0B4186E8 
 1623 9853 9CE8506E 		.string	"\234\350Pn\210a$\001\306\200\004\251\021\216\013"
 1623      88612401 
 1623      C68004A9 
 1623      118E0B00 
 1624 9863 96E82072 		.string	"\226\350 r\b`\f\002\206m\270\201!\216\013hP\341D"
 1624      08600C02 
 1624      866DB881 
 1624      218E0B68 
 1624      50E14400 
 1625 9877 C6800880 		.string	"\306\200\b\200\004R"
 1625      045200
 1626 987e C707120A 		.string	"\307\007\022\n\360\004\200\305\373\374o\251\016\005\243\013\300\013\001\306\206\265\200\0
 1626      F00480C5 
 1626      FBFC6FA9 
 1626      0E05A30B 
 1626      C00B01C6 
 1627 989b 868004E1 		.string	"\206\200\004\341\030"
 1627      1800
 1628 98a1 C600     		.string	"\306"
 1629 98a3 B68004E1 		.string	"\266\200\004\341$\001F"
 1629      24014600 
 1630 98ab 868004E1 		.string	"\206\200\004\341$B\020\200\030"
 1630      24421080 
 1630      1800
 1631 98b5 16F3F4E0 		.string	"\026\363\364\340\f\002\246l\035\016)\216\013@+\350\fP\250"
 1631      0C02A66C 
 1631      1D0E298E 
 1631      0B402BE8 
 1631      0C50A800 
 1632 98c9 C6818580 		.string	"\306\201\205\200\004\341D\307\007\200\b\360\004R"
 1632      04E144C7 
 1632      078008F0 
 1632      045200
 1633 98d8 8004A804 		.string	"\200\004\250\004\364E\201k\216\013+\021\350 n\b"
 1633      F445816B 
 1633      8E0B2B11 
 1633      E8206E08 
 1633      00
 1634 98e9 14A8046D 		.string	"\024\250\004m\270\216\013\001\306\350 \200\004\341$AF"
 1634      B88E0B01 
 1634      C6E82080 
 1634      04E12441 
 1634      4600
 1635 98fb 868004E1 		.string	"\206\200\004\341\030"
 1635      1800
 1636 9901 C600     		.string	"\306"
 1637 9903 B68004E1 		.string	"\266\200\004\341$\001F"
 1637      24014600 
 1638 990b 868004E1 		.string	"\206\200\004\341$B\020\200\030"
 1638      24421080 
 1638      1800
 1639 9915 16F3F4BE 		.string	"\026\363\364\276\004\203\021\362\374\f\f\340 \026\bp\001"
 1639      048311F2 
 1639      FC0C0CE0 
 1639      20160870 
 1639      0100
 1640 9927 06020640 		.string	"\006\002\006@ \377\300`\001\335\223\200\036\372\f\004\f\200\213\002{\201\001\004kh U\bC\2
 1640      20FFC060 
 1640      01DD9380 
 1640      1EFA0C04 
 1640      0C808B02 
 1641 9987 B5A17BD0 		.string	"\265\241{\320\220I\376\200\305\300?\177\375\244?\210?\203\021\004>\362\f\f\f\340 \022\b\3
 1641      9049FE80 
 1641      C5C03F7F 
 1641      FDA43F88 
 1641      3F831104 
 1642 99ab 6B0C09E1 		.string	"k\f\t\341\240@-g\315 \236\201\221\341L\005\306\340\200@\n\300"
 1642      A0402D67 
 1642      CD209E81 
 1642      91E14C05 
 1642      C6E08040 
 1643 99c2 00       		.string	""
 1644 99c3 160CF54C 		.string	"\026\f\365L\001@\006@,\200\004\341L\210\004\200t\341\340\026t\340\340\024\264\374\300\002
 1644      01400640 
 1644      2C8004E1 
 1644      4C880480 
 1644      74E1E016 
 1645 99e1 7400     		.string	"t"
 1646 99e3 1E0814E1 		.string	"\036\b\024\341\300\374\304\004\244\360\020"
 1646      C0FCC404 
 1646      A4F01000 
 1647 99ef 0A940584 		.string	"\n\224\005\204.\360\b"
 1647      2EF00800 
 1648 99f7 0A00     		.string	"\n"
 1649 99f9 0A9885AA 		.string	"\n\230\205\252e\360\f\360\004"
 1649      65F00CF0 
 1649      0400
 1650 9a03 0A4000   		.string	"\n@"
 1651 9a06 1368C14C 		.string	"\023h\301L\027\306\002V\004\253n\330\340\020\214\013h a\230\005F\373\200"
 1651      17C60256 
 1651      04AB6ED8 
 1651      E0108C0B 
 1651      68206198 
 1652 9a1f 7472FD49 		.string	"tr\375I\306\002\006@ \300 s\001@\022 C \024\361\200\341L\027\306\205U\210*l\b\n@w]\200{\3
 1652      C6020640 
 1652      20C02073 
 1652      01401220 
 1652      432014F1 
 1653 9a54 E1376696 		.string	"\3417f\226J0\2043A\377s\361\006"
 1653      4A308433 
 1653      41FF73F1 
 1653      0600
 1654 9a62 C5478253 		.string	"\305G\202Sd\020\210\313\001e\030\300]\204\325\216\354\004\376u\241\313\340\210\nDp\224H\0
 1654      641088CB 
 1654      016518C0 
 1654      5D84D58E 
 1654      EC04FE75 
 1655 9aaa AC14C0FF 		.string	"\254\024\300\377r\361n\tL\003\214\013@\025\357\370|\b\216+\033\245\002V>.i8\340 \214\013h
 1655      72F16E09 
 1655      4C038C0B 
 1655      4015EFF8 
 1655      7C088E2B 
 1656 9acf 7472FC43 		.string	"tr\374C\306@\022\300 \002Fq\200\300 r\300\004\020"
 1656      C64012C0 
 1656      20024671 
 1656      80C02072 
 1656      C0041000 
 1657 9ae3 340991E4 		.string	"4\t\221\344"
 1657      00
 1658 9ae8 17C68811 		.string	"\027\306\210\021\b>\341L\341\230\005F\b\312\205\245\354\b\n@\n4w]JP\341\220@\017s\375\200
 1658      083EE14C 
 1658      E1980546 
 1658      08CA85A5 
 1658      EC080A40 
 1659 9b0a 08166696 		.string	"\b\026f\226HJ t\3417F\300\206\303A\377s\361\341\210\nD\212\313\b\001\202{\0163M\244\201U\
 1659      484A2074 
 1659      E13746C0 
 1659      86C341FF 
 1659      73F1E188 
 1660 9b35 34FE75FB 		.string	"4\376u\373\200\030\224\210\303DW\022\300\n\023\305>\344\020\360<H0\364\225\277K\221\365\2
 1660      80189488 
 1660      C3445712 
 1660      C00A13C5 
 1660      3EE410F0 
 1661 9b6c 0C0BEFFC 		.string	"\f\013\357\374@\025n\t\377\374\003\356\350"
 1661      40156E09 
 1661      FFFC03EE 
 1661      E800
 1662 9b7a 0E0A4200 		.string	"\016\nB"
 1663 9b7e 820F4000 		.string	"\202\017@"
 1664 9b82 7C044C13 		.string	"|\004L\023\375\004@\025n\t\341\230\003\206L\003\204\236@\025n\t\373\200"
 1664      FD044015 
 1664      6E09E198 
 1664      03864C03 
 1664      849E4015 
 1665 9b9b 7462E54C 		.string	"tb\345L\261\027\306@\025\216\005\341Lr\375I\306\005F@ \002\006\341\230@ s\001 \024\240C\3
 1665      B117C640 
 1665      158E05E1 
 1665      4C72FD49 
 1665      C6054640 
 1666 9bdc E1376696 		.string	"\3417f\226J0\2043A\377s\361\006"
 1666      4A308433 
 1666      41FF73F1 
 1666      0600
 1667 9bea C5478253 		.string	"\305G\202Sd\020\210\313\001e\030\300]\224\325\236\354\004\376u\241\313\340\210\nDp\224H\0
 1667      641088CB 
 1667      016518C0 
 1667      5D94D59E 
 1667      EC04FE75 
 1668 9c1f 46881980 		.string	"F\210\031\200\004D \200(\242/\363\354\f\t\200&\300+d\305l!L\001\214\013@+\350"
 1668      04442080 
 1668      28A22FF3 
 1668      EC0C0980 
 1668      26C02B64 
 1669 9c3e 4588     		.ascii	"E\210"
 1670 9c40 00       		.string	""
 1671 9c41 602044C0 		.string	"` D\300Te\001{\200\004\004\031\021\201\001r\301\006FOX\300 ,\024\350"
 1671      5465017B 
 1671      80040419 
 1671      11810172 
 1671      C106464F 
 1672 9c5c 00       		.string	""
 1673 9c5d 2E9F217C 		.string	".\237!|QN\240\204~\303"
 1673      514EA084 
 1673      7EC300
 1674 9c68 EFF86DE8 		.string	"\357\370m\350\251\221\016+`\001\002\006"
 1674      A9910E2B 
 1674      60010206 
 1674      00
 1675 9c75 947FC02C 		.string	"\224\177\300,$\373\200\240\037\204\037|\001@\020\210\016\303"
 1675      24FB80A0 
 1675      1F841F7C 
 1675      01401088 
 1675      0EC300
 1676 9c88 67CD0C09 		.string	"g\315\f\t@\n\300-\200\345\340\200l\021\f\t@\n\300+\200\225\340\230\362\374\f\f\214\013\33
 1676      400AC02D 
 1676      80E5E080 
 1676      6C110C09 
 1676      400AC02B 
 1677 9cb2 040C4186 		.string	"\004\fA\206"
 1677      00
 1678 9cb7 6B8014E1 		.string	"k\200\024\341HD \204(\204&\363\274\204(\200\024\363|D \200\004\204&B\020\200\030\200\026\
 1678      48442084 
 1678      288426F3 
 1678      BC842880 
 1678      14F37C44 
 1679 9ce8 C1C3FFFC 		.string	"\301\303\377\374\370\034\004\faA"
 1679      F81C040C 
 1679      614100
 1680 9cf3 190800   		.string	"\031\b"
 1681 9cf6 4015C0D9 		.string	"@\025\300\331f\001aE"
 1681      66016145 
 1681      00
 1682 9cff 290A00   		.string	")\n"
 1683 9d02 4015C0D9 		.string	"@\025\300\331e\301b\021"
 1683      65C16211 
 1683      00
 1684 9d0b 3991C140 		.string	"9\221\301@\025\201q\001a\346\206D*b\035"
 1684      15817101 
 1684      61E68644 
 1684      2A621D00 
 1685 9d1b 194021C0 		.string	"\031@!\300\025@\025c\t@1\201!\300\025c\r\006\020\007\305\fJ\344@\f\032\340"
 1685      15401563 
 1685      09403181 
 1685      21C01563 
 1685      0D061007 
 1686 9d38 400AF87C 		.string	"@\n\370|\nP\341\204\016\006\004\020\224\204\200"
 1686      0A50E184 
 1686      0E060410 
 1686      94848000 
 1687 9d48 500A5184 		.string	"P\nQ\204\202%\344\234l4\022\200\022\332\241\213B\n\344\b\200\225\355\200\202a\002q\277\21
 1687      8225E49C 
 1687      6C341280 
 1687      12DAA18B 
 1687      420AE408 
 1688 9d6d 958245C0 		.string	"\225\202E\300\rim\022\300\223k@\223\204 \200\026\013\341\360<R\200\002\245\271\233\233\20
 1688      0D696D12 
 1688      C0936B40 
 1688      93842080 
 1688      160BE1F0 
 1689 9dc5 49FB8000 		.string	"I\373\200"
 1690 9dc9 2D07CD40 		.string	"-\007\315@\023\210\021@\nh\215\354\004\0020h\221@3\006\006@\n\300 p\001h\205@\023\002\024
 1690      13881140 
 1690      0A688DEC 
 1690      04023068 
 1690      91403306 
 1691 9df9 45802DC0 		.string	"E\200-\300\riid\371@\025@\025\300\013\300\013d\375\211A\t[\016\t"
 1691      0D696964 
 1691      F9401540 
 1691      15C00BC0 
 1691      0B64FD89 
 1692 9e13 2B4043C0 		.string	"+@C\300\025\300\nh\201\022\375D @#\300\377@\025\016\t\341@\004F"
 1692      15C00A68 
 1692      8112FD44 
 1692      204023C0 
 1692      FF40150E 
 1693 9e2d 86082488 		.string	"\206\b$\210\036\341@\200\036\200\004\360\034\f\f\301\303\335\223\370\004\004\fa\230\013F\
 1693      1EE14080 
 1693      1E8004F0 
 1693      1C0C0CC1 
 1693      C3DD93F8 
 1694 9e4e 14CA0C64 		.string	"\024\312\fd\360<\241\013{\200"
 1694      F03CA10B 
 1694      7B8000
 1695 9e59 162E6F58 		.string	"\026.oX\"\200"
 1695      228000
 1696 9e60 401A71B0 		.string	"@\032q\260\004\304\346\202\002\304`\300$o\373\200In\206+\224Z\305\007\002"
 1696      04C4E682 
 1696      02C460C0 
 1696      246FFB80 
 1696      496E862B 
 1697 9e7a 02534A50 		.string	"\002SJP\344\004\301\377s\361\212C\001e"
 1697      E404C1FF 
 1697      73F18A43 
 1697      016500
 1698 9e89 00       		.string	""
 1699 9e8a 5154C95E 		.string	"QT\311^\354\004\376u\241\013@2\304\027\f\f\360\204\335\223\360\004\372|\004\f\354P\036\36
 1699      EC04FE75 
 1699      A10B4032 
 1699      C4170C0C 
 1699      F084DD93 
 1700 9eb8 41068800 		.string	"A\006\210"
 1701 9ebc 02966134 		.string	"\002\226a4"
 1701      00
 1702 9ec1 04E004E1 		.string	"\004\340\004\341\240P\006l\035L\021\201q@+"
 1702      A050066C 
 1702      1D4C1181 
 1702      71402B00 
 1703 9ed1 16A07E0C 		.string	"\026\240~\f\013\201\021\300\025n\ts\375@"
 1703      0B8111C0 
 1703      156E0973 
 1703      FD4000
 1704 9ee0 4C03C0FD 		.string	"L\003\300\375@\025n\tg\270\201\001~\016\350\034\341HA\206A\306"
 1704      40156E09 
 1704      67B88101 
 1704      7E0EE81C 
 1704      E1484186 
 1705 9ef7 14FC1EE1 		.string	"\024\374\036\341H\200\004\204\030\f)\200\b\300-g\315h\211\f\013\006\004@\n\002)\340\240>>
 1705      48800484 
 1705      180C2980 
 1705      08C02D67 
 1705      CD68890C 
 1706 9f63 9A144A8B 		.string	"\232\024J\213\205\024\032\340"
 1706      85141AE0 
 1706      00
 1707 9f6c 400AF87C 		.string	"@\n\370|\nP\341\204\026\006\004\020\224\024\200"
 1707      0A50E184 
 1707      16060410 
 1707      94148000 
 1708 9f7c 420A5114 		.string	"B\nQ\024\220\345\344\254\204%\241\253im\f%\205\253\300\r\b\221\f\013@"
 1708      90E5E4AC 
 1708      8425A1AB 
 1708      696D0C25 
 1708      85ABC00D 
 1709 9f96 800A80FF 		.string	"\200\n\200\377\023\361\220\230@\002\006"
 1709      13F19098 
 1709      40020600 
 1710 9fa2 0EA58028 		.string	"\016\245\200(\004\001\3544\004\020\200\265\344-\277\033M\036\207%\212\325\212e\241\033p<X
 1710      0401EC34 
 1710      041080B5 
 1710      E42DBF1B 
 1710      4D1E8725 
 1711 9ff9 C5EC0488 		.string	"\305\354\004\210\001"
 1711      0100
 1712 9fff 00       		.string	""
 1713 a000 00       		.string	""
 1714 a001 00       		.string	""
 1715 a002 44C5A11B 		.string	"D\305\241\033\210!Dw\374\325\2163\220\013\202\241\002\261\345\374\025\n\235\001\350\345\2
 1715      88214477 
 1715      FCD58E33 
 1715      900B82A1 
 1715      02B1E5FC 
 1716 a07f 040E094C 		.string	"\004\016\tL\003\200\205\200\025h"
 1716      03808580 
 1716      156800
 1717 a08a 49C80301 		.string	"I\310\003\001\214\013E\030\201\021\214+o\374\f\f\250\361\0348\362|\301\303\377\370\370|\0
 1717      8C0B4518 
 1717      81118C2B 
 1717      6FFC0C0C 
 1717      A8F11C38 
 1718 a0ab 19812140 		.string	"\031\201!@\025"
 1718      1500
 1719 a0b1 C9911540 		.string	"\311\221\025@6n\t\372\200\b$c\r"
 1719      366E09FA 
 1719      80082463 
 1719      0D00
 1720 a0bf 69460240 		.string	"iF\002@\025\006Y\360\220\300\025oAXj\241\313\f0f\222\300\333f\020n\021FQ\206E\3006z\200\0
 1720      150659F0 
 1720      90C0156F 
 1720      41586AA1 
 1720      CB0C3066 
 1721 a122 7A80C058 		.string	"z\200\300Xf@`\210\016\304\340\210\022D|\034\f\205f\020\024"
 1721      66406088 
 1721      0EC4E088 
 1721      12447C1C 
 1721      0C856610 
 1722 a138 1493C0DB 		.string	"\024\223\300\333\n\n\214s\202!{\374\340@R\205\350"
 1722      0A0A8C73 
 1722      82217BFC 
 1722      E0405285 
 1722      E800
 1723 a14a 0E856240 		.string	"\016\205b@R\205\340\204\020\304d"
 1723      5285E084 
 1723      10C46400 
 1724 a156 0E751863 		.string	"\016u\030c\214\203\320\200X\302a@Ru\340\204\022Dh\001\020{\224\223@\001Rs\210\243\020{\34
 1724      8C83D080 
 1724      58C26140 
 1724      5275E084 
 1724      12446801 
 1725 a1c7 6B681C50 		.string	"kh\034P\310\f\033\201\021@\nh\221"
 1725      C80C1B81 
 1725      11400A68 
 1725      9100
 1726 a1d5 60807B40 		.string	"`\200{@(d\001p\001\004\006\210\021\300 \305\027\001e\002\020A4\311>\354\004\376u\241\033a
 1726      28640170 
 1726      01040688 
 1726      11C020C5 
 1726      17016502 
 1727 a203 166FF879 		.string	"\026o\370y\210P\330\201\021}\030\357\370\214\013h\fa\215\f\013\203\021@\034L\003\202\001@
 1727      8850D881 
 1727      117D18EF 
 1727      F88C0B68 
 1727      0C618D0C 
 1728 a232 040C4386 		.string	"\004\fC\206\002k\004\024\341H\340\230\006\004\361"
 1728      026B0414 
 1728      E148E098 
 1728      0604F100 
 1729 a242 46304420 		.string	"F0D \204(&/\362\374\341\230\007\206\f\016\204&\f\033\202\t@\025n\tB\020\320\007\300\376s\
 1729      8428262F 
 1729      F2FCE198 
 1729      07860C0E 
 1729      84260C1B 
 1730 a27c C1C3FFF8 		.string	"\301\303\377\370\341"
 1730      E100
 1731 a282 01868008 		.string	"\001\206\200\b\200\004\202\t]\223\307\023\301\203"
 1731      80048209 
 1731      5D93C713 
 1731      C18300
 1732 a291 0CDD93C0 		.string	"\f\335\223\300"
 1732      00
 1733 a296 6101FA0C 		.string	"a\001\372\f\004\f\201\001"
 1733      040C8101 
 1733      00
 1734 a29f 6B828B04 		.string	"k\202\213\004{e9L\001\004`@,\300\261eA\214\013\003\021\350"
 1734      7B65394C 
 1734      01046040 
 1734      2CC0B165 
 1734      418C0B03 
 1735 a2b6 42888C0B 		.string	"B\210\214\013\003\021\350"
 1735      0311E800 
 1736 a2be 4E2880D5 		.string	"N(\200\325\241\013hHY\210\241\013\214\013\f\f\200\205\335\223\362\fEv\001\021\t1\340"
 1736      A10B6848 
 1736      5988A10B 
 1736      8C0B0C0C 
 1736      8085DD93 
 1737 a2dc 5D588C0B 		.string	"]X\214\013\243\213\350H\241\013\374\265\f\013\374uR8\216\033\241\013\350"
 1737      A38BE848 
 1737      A10BFCB5 
 1737      0C0BFC75 
 1737      52388E1B 
 1738 a2f4 0111FAB5 		.string	"\001\021\372\265\214\013\201!\362\f\f\f\301\303\261E\370|\004\f\354\300\036\360`\004F\206
 1738      8C0B8121 
 1738      F20C0C0C 
 1738      C1C3B145 
 1738      F87C040C 
 1739 a343 06A1010B 		.string	"\006\241\001\013\016"
 1739      0E00
 1740 a349 06090E7E 		.string	"\006\t\016~\016\340\004|\016\241\001\340\004\001\206\001\206\r\016>\016\340\004\340\004\0
 1740      0EE0047C 
 1740      0EA101E0 
 1740      04018601 
 1740      860D0E3E 
 1741 a395 06E00C89 		.string	"\006\340\f\211\021`\b\221\001\023\016@\006\027\016\r\016\340"
 1741      11600891 
 1741      01130E40 
 1741      06170E0D 
 1741      0EE000
 1742 a3a8 150E8501 		.string	"\025\016\205\001\013\016\203\001\t\016\201\001~\016\241\001|\016\203\001\017\016\201\001\
 1742      0B0E8301 
 1742      090E8101 
 1742      7E0EA101 
 1742      7C0E8301 
 1743 a3ca 40068131 		.ascii	"@\006\2011<\016\201\221\001a\024\006\001Q\001\001\340\004\026"
 1743      3C0E8191 
 1743      01611406 
 1743      01510101 
 1743      E00416
 1744 a3dd 06814181 		.ascii	"\006\201A\201\301\340\b\213\304\210\306\211\304\212\306\376\304"
 1744      C1E0088B 
 1744      C488C689 
 1744      C48AC6FE 
 1744      C4
 1745 a3ee C8C6FCC4 		.ascii	"\310\306\374\304\312\306\340\030D\201\340\024D1\340\020D\301"
 1745      CAC6E018 
 1745      4481E014 
 1745      4431E010 
 1745      44C1
 1746 a400 E01C4431 		.ascii	"\340\034D1\340 D1D1\2254\2174\340$"
 1746      E0204431 
 1746      44319534 
 1746      8F34E024 
 1747 a410 E0284431 		.string	"\340(D1D1\2154\2214\340,\3400D1D1\2764\2744\3404\340<Da\340@Da\3408D1\340HD\221\340LDq\34
 1747      44318D34 
 1747      9134E02C 
 1747      E0304431 
 1747      4431BE34 
 1748 a4c4 091C8311 		.string	"\t\034\203\021\025\026\241\021\340"
 1748      1516A111 
 1748      E000
 1749 a4ce 42068571 		.string	"B\006\205q\037\026\211\021%\0261\026\253\026\257&\221\021\004\0065&\227\006\340\b\233v\23
 1749      1F168911 
 1749      25163116 
 1749      AB16AF26 
 1749      91110406 
 1750 a55c 40B165C1 		.string	"@\261e\301\001U\2311I\026\201\021\354\004\0060\376\225\241;e\361\004`\2351@\261I\034\201E
 1750      01559931 
 1750      49168111 
 1750      EC040630 
 1750      FE95A13B 
 1751 a599 9CFA80E0 		.string	"\234\372\200\340\220"
 1751      9000
 1752 a59f 84799C42 		.string	"\204y\234B\002\360\254@bn\361@\021C\366@+\200"
 1752      02F0AC40 
 1752      626EF140 
 1752      1143F640 
 1752      2B8000
 1753 a5b2 400D6031 		.string	"@\r`1@\221@\021\300,\200,B\261C\361@\021\002\264"
 1753      40914011 
 1753      C02C802C 
 1753      42B143F1 
 1753      401102B4 
 1754 a5c7 2C4091FA 		.string	",@\221\372\200"
 1754      8000
 1755 a5cd 2C41714F 		.string	",AqOX\214\013\036\211\350"
 1755      588C0B1E 
 1755      89E800
 1756 a5d8 00       		.string	""
 1757 a5d9 80609002 		.string	"\200`\220\002\004\344\004\202\261z\200\004\200\204\241CJ\344$\002\f\344\bP"
 1757      04E40482 
 1757      B17A8004 
 1757      8084A143 
 1757      4AE42402 
 1758 a5f2 6200     		.string	"b"
 1759 a5f4 0273DC00 		.string	"\002s\334"
 1760 a5f8 170A8101 		.string	"\027\n\201\001\362\005\345<\366|\f\314\301\303\335\223\372|\004\f\356P\036\360\241\033"
 1760      F205E53C 
 1760      F67C0CCC 
 1760      C1C3DD93 
 1760      FA7C040C 
 1761 a613 6B65390C 		.string	"ke9\f\t\204\213@,Bf\212%\245\013`\004l\035L\021\201\221@+\201\261\002\305\214\013\005\021
 1761      09848B40 
 1761      2C42668A 
 1761      25A50B60 
 1761      046C1D4C 
 1762 a63e 0BA86804 		.string	"\013\250h\004TH\200\273\214\013\344@\020\212\241\273\242u\f)\2425@+l\035\340"
 1762      544880BB 
 1762      8C0BE440 
 1762      108AA1BB 
 1762      A2750C29 
 1763 a65a 42B66804 		.string	"B\266h\004c\350V\266\214\013#\013\340"
 1763      63E856B6 
 1763      8C0B230B 
 1763      E000
 1764 a668 9ED58181 		.string	"\236\325\201\201#\013\225%\340\004@\246l\035L\001\202\005\300+\214\013\003\021\357\374p\b
 1764      230B9525 
 1764      E00440A6 
 1764      6C1D4C01 
 1764      8205C02B 
 1765 a689 C6A49502 		.string	"\306\244\225\002\360`\b\001U\344 E\266\201\261\354\004"
 1765      F0600801 
 1765      55E42045 
 1765      B681B1EC 
 1765      0400
 1766 a69b 00       		.string	""
 1767 a69c FE95A10B 		.string	"\376\225\241\013\020`\001\001\300\260eq\201\001>\016\025\006<\016\211U\340\004x\201\020\t
 1767      10600101 
 1767      C0B06571 
 1767      81013E0E 
 1767      15063C0E 
 1768 a6f3 C6A1BB88 		.string	"\306\241\273\210\005N\260\006\325 \030\334"
 1768      054EB006 
 1768      D52018DC 
 1768      00
 1769 a700 E42004F0 		.string	"\344 \004\360a@\024\n\210\026\200#"
 1769      6140140A 
 1769      88168023 
 1769      00
 1770 a70d 045E9580 		.string	"\004^\225\200"
 1770      00
 1771 a712 0E068000 		.string	"\016\006\200"
 1772 a716 5E953E04 		.string	"^\225>\004\202\305"
 1772      82C500
 1773 a71d 04817140 		.string	"\004\201q@\222\372\200\276\016\373\200"
 1773      92FA80BE 
 1773      0EFB8000 
 1774 a729 04BC0440 		.string	"\004\274\004@\222\372\200\274\016\372\200l\004\024\240\216\273\202\201\356u\241\253\214\3
 1774      92FA80BC 
 1774      0EFA806C 
 1774      0414A08E 
 1774      BB8281EE 
 1775 a745 04BC04C4 		.string	"\004\274\004\304\007\372\200\016"
 1775      07FA800E 
 1775      00
 1776 a74e 3E041204 		.string	">\004\022\004\344\020\214\013z\200h"
 1776      E4108C0B 
 1776      7A806800 
 1777 a75a 54A803D5 		.string	"T\250\003\325\304\227\241\273\200\273@\366\210\325@"
 1777      C497A1BB 
 1777      80BB40F6 
 1777      88D54000 
 1778 a76a 61A181B5 		.string	"a\241\201\265\201\021`\200B\n\020)\220+\006\360\\"
 1778      81116080 
 1778      420A1029 
 1778      902B06F0 
 1778      5C00
 1779 a77c 0233E420 		.string	"\0023\344 \214&\202\021\3420\002\n\f\013\374\225KX\220\033"
 1779      8C268211 
 1779      E230020A 
 1779      0C0BFC95 
 1779      4B58901B 
 1780 a791 BBE804E0 		.string	"\273\350\004\340"
 1780      00
 1781 a796 4F768275 		.string	"Ov\202u\241\273z\200\002\224\372\200\004td \006\360I\230\214\013\200\273\350H\036\360\026
 1781      A1BB7A80 
 1781      0294FA80 
 1781      04746420 
 1781      06F04998 
 1782 a7c7 9B0C907C 		.string	"\233\f\220|.\300\257dq\360\240Tb\342\200\024\031\350"
 1782      2EC0AF64 
 1782      71F0A054 
 1782      62E28014 
 1782      19E800
 1783 a7da 4C88807B 		.string	"L\210\200{B\207g\300"
 1783      428767C0 
 1783      00
 1784 a7e3 A03C6E90 		.string	"\240<n\220ceE\022\220>\016\300\261\001\241\201\261\005U\201\201\374$\201a\370\004\022\tD\
 1784      63654512 
 1784      903E0EC0 
 1784      B101A181 
 1784      B1055581 
 1785 a80a 4D080E0F 		.string	"M\b\016\017\242\017\373\200\002d\202E\203\013\020\204\003\021\024\244\372\200\267\037{\20
 1785      A20FFB80 
 1785      02648245 
 1785      830B1084 
 1785      031114A4 
 1786 a833 048000   		.string	"\004\200"
 1787 a836 40818000 		.string	"@\201\200"
 1788 a83a 1E058000 		.string	"\036\005\200"
 1789 a83e 40A3E040 		.string	"@\243\340@\026\n\001\001\366u\f\f\230\361\335\223\362|\345|\003\n\004\024\202\265\216\031
 1789      160A0101 
 1789      F6750C0C 
 1789      98F1DD93 
 1789      F27CE57C 
 1790 a85d 098403C0 		.string	"\t\204\003\300,e\301\344\204@J\342"
 1790      2C65C1E4 
 1790      84404AE2 
 1790      00
 1791 a86a 00       		.string	""
 1792 a86b 0C5D93DD 		.string	"\f]\223\335\223\301\303\201\001\372"
 1792      93C1C381 
 1792      01FA00
 1793 a876 00       		.string	""
 1794 a877 4C647100 		.string	"Ldq"
 1795 a87b 00       		.string	""
 1796 a87c 041440AF 		.string	"\004\024@\257"
 1796      00
 1797 a881 0BE08480 		.string	"\013\340\204\200\023|\b\345"
 1797      137C08E5 
 1797      00
 1798 a88a 0219684C 		.string	"\002\031hLh(\320\007\202\021\362"
 1798      6828D007 
 1798      8211F200 
 1799 a896 084CC1C3 		.string	"\bL\301\303\335\223\372|\004LlY"
 1799      DD93FA7C 
 1799      044C6C59 
 1799      00
 1800 a8a3 19829B40 		.string	"\031\202\233@+\210{\nk\204\253\006\213\201\021#\033\241\233\210%\241\253\200\245\241\213\
 1800      2B887B0A 
 1800      6B84AB06 
 1800      8B811123 
 1800      1BA19B88 
 1801 a8c1 29829540 		.string	")\202\225@+l\035\340\bB\226h\004Ph\340\bV\226\204E\243\013\340\"@z\341\"Bz\340*@\n\340&B\
 1801      2B6C1DE0 
 1801      08429668 
 1801      045068E0 
 1801      08569684 
 1802 a90b 1982AB40 		.string	"\031\202\253@+\210{\nk\204\233\006\213\201\021#\033\241\253\206\345\241\233\200\245\241\2
 1802      2B887B0A 
 1802      6B849B06 
 1802      8B811123 
 1802      1BA1AB86 
 1803 a929 29829540 		.string	")\202\225@+l\035\340\bB\226h\004M(\340\bV\226\204\005\243\013\340\"@z\341\"Bz\341&@\n\341
 1803      2B6C1DE0 
 1803      08429668 
 1803      044D28E0 
 1803      08569684 
 1804 a981 00       		.string	""
 1805 a982 01E5C09C 		.string	"\001\345\300\234g\201p\024"
 1805      67817014 
 1805      00
 1806 a98b 49E08042 		.string	"I\340\200B\n\301\220\bD%O\236I\250?\210!\340@\004\n]\223\374\225\373\200"
 1806      0AC19008 
 1806      44254F9E 
 1806      49A83F88 
 1806      21E04004 
 1807 a9a7 349F2101 		.string	"4\237!\001\021\2011\003\225h\204\b$\373\200\0064\343O\200Oa\214\nD\341\204\030D\204\311\0
 1807      11813103 
 1807      95688408 
 1807      24FB8006 
 1807      34E34F80 
 1808 a9e5 345D93C1 		.string	"4]\223\301\303\373\200\372|\004\f\354p\036\360\235\201"
 1808      C3FB80FA 
 1808      7C040CEC 
 1808      701EF09D 
 1808      8100
 1809 a9f7 AB81911E 		.string	"\253\201\221\036\013\235\021\001U\002\020A\234\241\033\354\004"
 1809      0B9D1101 
 1809      55021041 
 1809      9CA11BEC 
 1809      0400
 1810 aa09 A0FE9540 		.string	"\240\376\225@\261e\361\201E\235\021\002\020A\234\241\033\354\004\205\305\376\225p\244L\24
 1810      B165F181 
 1810      459D1102 
 1810      10419CA1 
 1810      1BEC0485 
 1811 aa35 0A8E1B86 		.string	"\n\216\033\206\265\360\004l\351\024\t\f\031\300,\300,b\261\372\200"
 1811      B5F0046C 
 1811      E914090C 
 1811      19C02CC0 
 1811      2C62B1FA 
 1812 aa4b 04FA8002 		.string	"\004\372\200\002\024\2045\203\013s\300@\260G\007\236\033\002+\236\271\2031|"
 1812      14843583 
 1812      0B73C040 
 1812      B047079E 
 1812      1B022B9E 
 1813 aa64 8013373F 		.string	"\200\0237?\246/\224\013\216\033\004,\350"
 1813      A62F940B 
 1813      8E1B042C 
 1813      E800
 1814 aa72 4248120A 		.string	"BH\022\n\202\221\364u\341@d\215"
 1814      8291F475 
 1814      E140648D 
 1814      00
 1815 aa7f E69E1B40 		.string	"\346\236\033@ \235!\001e\004 E:\301<\354\004\376u\241+d\215@\246\236\033@ E*\201U\354\004
 1815      209D2101 
 1815      65042045 
 1815      3AC13CEC 
 1815      04FE75A1 
 1816 aabb 136EF102 		.string	"\023n\361\002\031\004\024\300+\236\031a\214\243?<)"
 1816      190414C0 
 1816      2B9E1961 
 1816      8CA33F3C 
 1816      2900
 1817 aacd 2B8403C0 		.string	"+\204\003\300\026b\371@3\244?\300\026b\371\301\303\335\223\372|\004\f\354\320\036\360\002
 1817      1662F940 
 1817      33A43FC0 
 1817      1662F9C1 
 1817      C3DD93FA 
 1818 aaeb 9B5C18E4 		.string	"\233\\\030\344\300\004\360h\f\0229\344\260\300+lIlA\022\t\022\031\300+\300+lElM\022\211\0
 1818      C004F068 
 1818      0C1239E4 
 1818      B0C02B6C 
 1818      496C4112 
 1819 ab90 230BE008 		.string	"#\013\340\b\240\205\214;\305\207\r\004K\366|\024H\212\340\f\201\261`\016D\n\305\007\217\0
 1819      A0858C3B 
 1819      C5870D04 
 1819      4BF67C14 
 1819      488AE00C 
 1820 abbd 00       		.string	""
 1821 abbe 0924FE0E 		.string	"\t$\376\016\354\004"
 1821      EC0400
 1822 abc5 A084A381 		.ascii	"\240\204\243\201\241l\004R\021\215\016\300,e=L\222\213\345\f"
 1822      A16C0452 
 1822      118D0EC0 
 1822      2C653D4C 
 1822      928BE50C 
 1823 abd9 09F0ACC0 		.ascii	"\t\360\254\300+n\361"
 1823      2B6EF1
 1824 abe0 62B14C51 		.string	"b\261LQLQ\300,\300,c\361\360<B"
 1824      4C51C02C 
 1824      C02C63F1 
 1824      F03C4200 
 1825 abf0 92D5C51D 		.string	"\222\325\305\035\310\035\215D~\024\222u\302\r\311\007\217\024\220\365\220\225\303\ra\214"
 1825      C81D8D44 
 1825      7E149275 
 1825      C20DC907 
 1825      8F1490F5 
 1826 ac0b B4F01C44 		.string	"\264\360\034D\260\203A>\t\004D\022\003"
 1826      B083413E 
 1826      09044412 
 1826      0300
 1827 ac19 19E88840 		.string	"\031\350\210@,e\301\b\244\206\213\n\360z\200|\024\344\220\371\210X\022\0044\0134@\301\372
 1827      2C65C108 
 1827      A4868B0A 
 1827      F07A807C 
 1827      14E490F9 
 1828 ac9c 0E0B807B 		.string	"\016\013\200{\f\f\350\361\335\223\362|\372\034\004\f\3540\036\360\201\201"
 1828      0C0CE8F1 
 1828      DD93F27C 
 1828      FA1C040C 
 1828      EC301EF0 
 1829 acb3 6B6C590C 		.string	"klY\f\t\243\013\300+\002\360\212\205\214\013d \350\f]\210\210\325\241\013o\334@\006\200\b
 1829      09A30BC0 
 1829      2B02F08A 
 1829      858C0B64 
 1829      20E80C5D 
 1830 acdb 6000     		.string	"`"
 1831 acdd 60C0AD80 		.string	"`\300\255\200\255\004\371\003\025\200\n\373\200\016\004z\200\002\204\344\020\b\360\214\01
 1831      AD04F903 
 1831      15800AFB 
 1831      800E047A 
 1831      800284E4 
 1832 acfa 42887C0A 		.string	"B\210|\n\216;\373\200\022\224\200\223\202\201\301\215\374\004L\223\374\025\300\026b\231\2
 1832      8E3BFB80 
 1832      12948093 
 1832      8281C18D 
 1832      FC044C93 
 1833 ad4e 10FCECF0 		.string	"\020\374\354\360\036\360\200[\002\233c\374\022\n\374.\201\001\220\f\276N\200"
 1833      1EF0805B 
 1833      029B63FC 
 1833      120AFC2E 
 1833      8101900C 
 1834 ad66 0B981050 		.string	"\013\230\020PI7\300\260f\261\016P<>\300\260d1\201\241\001\261\201a~^\016\t\205\205\223\01
 1834      4937C0B0 
 1834      66B10E50 
 1834      3C3EC0B0 
 1834      643181A1 
 1835 ada5 0AEFFC1E 		.string	"\n\357\374\036U\360\004\202\325\300\f\002\244\034\b\004\360\340\210\202\241dP\202#~T\200c
 1835      55F00482 
 1835      D5C00C02 
 1835      A41C0804 
 1835      F0E08882 
 1836 ade7 146A810A 		.string	"\024j\201\n\013\321\r@\025\234"
 1836      0BD10D40 
 1836      159C00
 1837 adf2 5010FB80 		.string	"P\020\373\200\002\204\300\035\311\007\334"
 1837      0284C01D 
 1837      C907DC00 
 1838 adfe 5000     		.string	"P"
 1839 ae00 EC18510A 		.string	"\354\030Q\n>\024\204e\340\220"
 1839      3E148465 
 1839      E09000
 1840 ae0b 6400     		.string	"d"
 1841 ae0d F0040C01 		.string	"\360\004\f\001\225\344PA$\237\021\354\004\024\240D\021\212#\300,aq\376\025\241\253\2011\2
 1841      95E45041 
 1841      249F11EC 
 1841      0414A044 
 1841      118A23C0 
 1842 ae2d 34850502 		.string	"4\205\005\002\360`\210\002\025\344P"
 1842      F0608802 
 1842      15E45000 
 1843 ae39 14FC00   		.string	"\024\374"
 1844 ae3c 8A03E084 		.string	"\212\003\340\204n9"
 1844      6E3900
 1845 ae43 2B810140 		.string	"+\201\001@\025\202\205\241+DJ\201\001D \340\200@\377\023\371\304\004"
 1845      158285A1 
 1845      2B444A81 
 1845      014420E0 
 1845      8040FF13 
 1846 ae5b 00       		.string	""
 1847 ae5c 04247E35 		.string	"\004$~5\n\023\301\204B\001\2021\300,aq\370\025\225;\224{!\006\203#\241CN\212\253\343\212%
 1847      0A13C184 
 1847      42018231 
 1847      C02C6171 
 1847      F815953B 
 1848 ae8d 502464C0 		.string	"P$d\300\257dq\344@\004\360`\204\002d"
 1848      AF6471E4 
 1848      4004F060 
 1848      84026400 
 1849 ae9d 0B80630C 		.string	"\013\200c\f\031\374\004s\330\345"
 1849      19FC0473 
 1849      D8E500
 1850 aea8 2108EFFC 		.string	"!\b\357\374\f\031\210\221\203\013\345"
 1850      0C198891 
 1850      830BE500 
 1851 aeb4 05010260 		.string	"\005\001\002`\016t@\001B\001\333\200\016p@"
 1851      0E744001 
 1851      4201DB80 
 1851      0E704000 
 1852 aec4 7E54C404 		.string	"~T\304\004\354 N\212\301\303\366\265\310w>\004\001\001\200|\030\374\370\361\f\f\360"
 1852      EC204E8A 
 1852      C1C3F6B5 
 1852      C8773E04 
 1852      0101807C 
 1853 aee0 DD93F27C 		.string	"\335\223\362|\372"
 1853      FA00
 1854 aee6 040C0246 		.string	"\004\f\002F\002k\004\024\341(\2044\203!eu"
 1854      026B0414 
 1854      E1288434 
 1854      83216575 
 1854      00
 1855 aef7 1900     		.string	"\031"
 1856 aef9 45C01BC0 		.string	"E\300\033\300\006mIey"
 1856      066D4965 
 1856      7900
 1857 af03 09823140 		.string	"\t\2021@\033\241\021#/\210\013!/\357\350uH\201\001\030\016\362"
 1857      1BA11123 
 1857      2F880B21 
 1857      2FEFE875 
 1857      48810118 
 1858 af1a 0C0CC1C3 		.string	"\f\f\301\303\335\223\372|\004\f\354P\036\360\210{"
 1858      DD93FA7C 
 1858      040CEC50 
 1858      1EF0887B 
 1858      00
 1859 af2b 8B650D10 		.string	"\213e\r\020\t\202k@+`\210\002t\020\023\204\253#\013\201!B%\206\233\300\013a\245\247\013\2
 1859      09826B40 
 1859      2B608802 
 1859      74101384 
 1859      AB230B81 
 1860 af5f 107C0EC0 		.string	"\020|\016\300\261B\270\220\013\216\033h"
 1860      B142B890 
 1860      0B8E1B68 
 1860      00
 1861 af6c 02F04907 		.string	"\002\360I\007<\036\344@\373\200\026\004d0\n\360\f\033\220\013\022;\224+C\270\226K~\024\35
 1861      3C1EE440 
 1861      FB801604 
 1861      64300AF0 
 1861      0C1B900B 
 1862 af8c FC24A10B 		.string	"\374$\241\013\2045\210\036\276T\221\n\373\200\006\004\004\026\227;@\200@"
 1862      8435881E 
 1862      BE54910A 
 1862      FB800604 
 1862      0416973B 
 1863 afa4 4270DC00 		.string	"Bp\334"
 1864 afa8 48505C00 		.string	"HP\\"
 1865 afac 6CD8DC00 		.string	"l\330\334"
 1866 afb0 8101CFFC 		.string	"\201\001\317\374\f\f\250\361\335\223\362|\372\034\004L\200{\002k\201\201\001\221@r\203%"
 1866      0C0CA8F1 
 1866      DD93F27C 
 1866      FA1C044C 
 1866      807B026B 
 1867 afcd 09F0A4C0 		.string	"\t\360\244\300,c\361\343\374"
 1867      2C63F1E3 
 1867      FC00
 1868 afd7 0A8D0B82 		.string	"\n\215\013\202%\002\224\200\365\216\013z\200\357\374D\210\202\221\200\203\341@\022\n\220\
 1868      25029480 
 1868      F58E0B7A 
 1868      80EFFC44 
 1868      88829180 
 1869 b007 6B00     		.string	"k"
 1870 b009 04E11819 		.string	"\004\341\030\031\024\202\273\b\213\212{"
 1870      1482BB08 
 1870      8B8A7B00 
 1871 b015 08869B7E 		.string	"\b\206\233~\036\204\253d\370\221\021"
 1871      1E84AB64 
 1871      F8911100 
 1872 b021 2BEFE8E4 		.string	"+\357\350\344@"
 1872      4000
 1873 b027 F00A843E 		.string	"\360\n\204>\016<~\340\220d\341\006`\026\013\300\255M\370\224\033\222Ko\264\241{\200{\f)\2
 1873      0E3C7EE0 
 1873      9064E106 
 1873      60160BC0 
 1873      AD4DF894 
 1874 b054 8101230B 		.string	"\201\001#\013\t\004\200\345\311\007\201qo\375"
 1874      090480E5 
 1874      C9078171 
 1874      6FFD00
 1875 b063 027E14C0 		.string	"\002~\024\300\377\004\f\250\361\f\f\216\013\335\223\362|\372<\004\f\016"
 1875      FF040CA8 
 1875      F10C0C8E 
 1875      0BDD93F2 
 1875      7CFA3C04 
 1876 b07a 026BC0B0 		.string	"\002k\300\260eqdq\020"
 1876      65716471 
 1876      1000
 1877 b084 810140AF 		.string	"\201\001@\257`\004\023\006\203u\235\241x\201\016\031D\020\300\001\311\027p<\346\252D*\215
 1877      60041306 
 1877      83759DA1 
 1877      78810E19 
 1877      4410C001 
 1878 b0a6 0E198000 		.string	"\016\031\200"
 1879 b0aa 100B0848 		.string	"\020\013\bHg(\204\004\002\020l\004\022\220\204\201\202q\3725\241\233\f\f\320\007\335\223\
 1879      67288404 
 1879      02106C04 
 1879      12908481 
 1879      8271FA35 
 1880 b0ca 040C0206 		.string	"\004\f\002\006"
 1880      00
 1881 b0cf 6B5DF8E2 		.string	"k]\370\342\200C\366\350H\005\206`\f{\230\340\020\214\013o\250Ev\001\021\f\013\340"
 1881      8043F6E8 
 1881      48058660 
 1881      0C7B98E0 
 1881      108C0B6F 
 1882 b0ec 0C0C8C3B 		.string	"\f\f\214;>8\362"
 1882      3E38F200 
 1883 b0f4 C1C3E040 		.string	"\301\303\340@\372\234\004\f@\226"
 1883      FA9C040C 
 1883      409600
 1884 b0ff 6B4C01E0 		.string	"kL\001\340\004@+l\035\002\006\202{\214\013b\200\350H\\\b\344@\016\212\f)\202\325@+l\035\3
 1884      04402B6C 
 1884      1D020682 
 1884      7B8C0B62 
 1884      80E8485C 
 1885 b122 42B66800 		.string	"B\266h"
 1886 b126 4DA850B6 		.string	"M\250P\266\214\013#\013\340"
 1886      8C0B230B 
 1886      E000
 1887 b130 8C858171 		.string	"\214\205\201qa\210"
 1887      618800
 1888 b137 74060991 		.string	"t\006\t\221\221\004\224\203\021\241\037i\200@\"\310'\201\021y\204D\022\201\245\004J\371\0
 1888      91049483 
 1888      11A11F69 
 1888      804022C8 
 1888      27811179 
 1889 b15e 4401E040 		.string	"D\001\340@\002\n\001\021\374\265\f\013\237!g\270\214;\200\213\350@\204U\241\213j\251\f\t\
 1889      020A0111 
 1889      FCB50C0B 
 1889      9F2167B8 
 1889      8C3B808B 
 1890 b181 60843540 		.string	"`\2045@\213f\261\340\020\002\006A\036\201E\354\004\022\220\376\225\241\233\220\013\201\20
 1890      8B66B1E0 
 1890      10020641 
 1890      1E8145EC 
 1890      041290FE 
 1891 b1b2 040C6100 		.string	"\004\fa"
 1892 b1b6 4C46E004 		.string	"LF\340\004E6@!\230\024\300+l\035D \204(\204&\363\354\204(\230\024\363\370D CF\004&bX\340\
 1892      45364021 
 1892      9814C02B 
 1892      6C1D4420 
 1892      84288426 
 1893 b1f0 FA8000   		.string	"\372\200"
 1894 b1f3 0C418600 		.string	"\fA\206"
 1895 b1f7 3B00     		.string	";"
 1896 b1f9 04E148E0 		.string	"\004\341H\340\004\tFl\035FA\200H\300+\374\234\bDA\306"
 1896      0409466C 
 1896      1D464180 
 1896      48C02BFC 
 1896      9C084441 
 1897 b20f 468004E1 		.string	"F\200\004\341H\203\001"
 1897      48830100 
 1898 b217 166C2546 		.string	"\026l%F!\201\021@+o\360x\250\b\f\206+\017\330\362\200\301\303\377\360\372<\004\f\201\001"
 1898      21811140 
 1898      2B6FF078 
 1898      A8080C86 
 1898      2B0FD8F2 
 1899 b237 6B68144D 		.string	"kh\024MH\201\201\201\021h(o\310\022\206\200{\244\004\341<B\020\200\030\200\026\363\274\35
 1899      48818181 
 1899      1168286F 
 1899      C8128680 
 1899      7BA404E1 
 1900 b275 16E01979 		.string	"\026\340\031y\270\214\013"
 1900      B88C0B00 
 1901 b27d C6EFFC80 		.string	"\306\357\374\200\004\341,B\020\200\030"
 1901      04E12C42 
 1901      10801800 
 1902 b289 16F3F8E1 		.string	"\026\363\370\341\030A\006"
 1902      18410600 
 1903 b291 868004E1 		.string	"\206\200\004\341\024A\006\200\030\200\004\362\374B\020AF"
 1903      14410680 
 1903      188004F2 
 1903      FC421041 
 1903      4600
 1904 b2a3 1600     		.string	"\026"
 1905 b2a5 04E11400 		.string	"\004\341\024"
 1906 b2a9 868311E1 		.string	"\206\203\021\341\024A\206"
 1906      14418600 
 1907 b2b1 8C8004E1 		.string	"\214\200\004\341\030"
 1907      1800
 1908 b2b7 0600     		.string	"\006"
 1909 b2b9 868004E1 		.string	"\206\200\004\341\030"
 1909      1800
 1910 b2bf 4600     		.string	"F"
 1911 b2c1 868004E1 		.string	"\206\200\004\341\030"
 1911      1800
 1912 b2c7 C600     		.string	"\306"
 1913 b2c9 8680040C 		.string	"\206\200\004\f\f\216\013\bx\362<\301\303\340\024\372<\004\f\201a\002\253\200{!\253A\234\f
 1913      0C8E0B08 
 1913      78F23CC1 
 1913      C3E014FA 
 1913      3C040C81 
 1914 b303 8B5CF8E0 		.string	"\213\\\370\340"
 1914      00
 1915 b308 8E0B6814 		.string	"\216\013h\024\001\006!kN\001\340\004\300+l\035\001&\210\245\224\033`\004l\035N\001\216\01
 1915      0106216B 
 1915      4E01E004 
 1915      C02B6C1D 
 1915      012688A5 
 1916 b347 0401C604 		.string	"\004\001\306\004\016\200\004\341\230\204u\243\013r\301\002\006\216\013@ \357\354v\350\001
 1916      0E8004E1 
 1916      988475A3 
 1916      0B72C102 
 1916      068E0B40 
 1917 b37a 41684296 		.string	"AhB\226\216\013\216\013`"
 1917      8E0B8E0B 
 1917      6000
 1918 b384 E8145908 		.string	"\350\024Y\b`"
 1918      6000
 1919 b38a 426658B8 		.ascii	"BfX\270\216\013\003\021\350\024BX\220\013\214\013\350\024\362"
 1919      8E0B0311 
 1919      E8144258 
 1919      900B8C0B 
 1919      E814F2
 1920 b39d 3C0C0CC1 		.ascii	"<\f\f\301\303\335\223\372\204\004\f\f\013\200k\300\025n\t"
 1920      C3DD93FA 
 1920      84040C0C 
 1920      0B806BC0 
 1920      156E09
 1921 b3b0 72F94000 		.string	"r\371@"
 1922 b3b4 4C03C0FF 		.string	"L\003\300\377@\025n\tL\001\201\001\300+d\325\350"
 1922      40156E09 
 1922      4C018101 
 1922      C02B64D5 
 1922      E800
 1923 b3c6 7D688C0B 		.string	"}h\214\013"
 1923      00
 1924 b3cb 7BE8185E 		.string	"{\350\030^Hh"
 1924      486800
 1925 b3d2 7C8847F8 		.string	"|\210G\370\214\013\241{\350\fI\370\206%\214\013h"
 1925      8C0BA17B 
 1925      E80C49F8 
 1925      86258C0B 
 1925      6800
 1926 b3e4 6800     		.string	"h"
 1927 b3e6 418801C6 		.string	"A\210\001\306\214\013BFo\334B\036\340\004\002\026\203\021\340\034CF\370\b@\025\357\360i(\
 1927      8C0B4246 
 1927      6FDC421E 
 1927      E0040216 
 1927      8311E01C 
 1928 b417 19065640 		.string	"\031\006V@-\300\001`\001d\001@5\2031@\005h\025@3\201!@\neE@1\007\006@\"@1\340\b@\033em@1\
 1928      2DC00160 
 1928      01640140 
 1928      35833140 
 1928      05681540 
 1929 b4a0 40136995 		.string	"@\023i\225\340"
 1929      E000
 1930 b4a6 46866331 		.string	"F\206c1@\021\211\021@'c5@1"
 1930      40118911 
 1930      40276335 
 1930      403100
 1931 b4b5 3BC027C0 		.string	";\300'\300\ni1la@\021\205\021@\"le@\021\235\021@\"o\261@\021\0024@\"@!\374\250\300,nQh\t@
 1931      0A69316C 
 1931      61401185 
 1931      1140226C 
 1931      6540119D 
 1932 b59e 46866024 		.string	"F\206`$\r\206\340\\\021\306n\211@\261\253\261@,b%@3F\306@\034@!\340"
 1932      0D86E05C 
 1932      11C66E89 
 1932      40B1ABB1 
 1932      402C6225 
 1933 b5bc 402B6511 		.string	"@+e\021@!\243Q@+e\321\340@\016\006f\201@!\201\021@+f\205@!\221\301@+k\215@!\205A@+k\221@!
 1933      4021A351 
 1933      402B65D1 
 1933      E0400E06 
 1933      66814021 
 1934 b648 40156DB1 		.string	"@\025m\261\340\314\020\326n\225@\261\026\306@,@\241\340\f@-c\321r\275U\366@#\300 @\034b\0
 1934      E0CC10D6 
 1934      6E9540B1 
 1934      16C6402C 
 1934      40A1E00C 
 1935 b6aa 50666349 		.ascii	"PfcI@\261\027\206@-@#\340`@\034b\025@3\241!@\034b-\340\370F\006"
 1935      40B11786 
 1935      402D4023 
 1935      E060401C 
 1935      62154033 
 1936 b6c8 63294091 		.ascii	"c)@\221@\221\300-\300-c9c\331@\221@\221\300-@-d\t`\001\022\006"
 1936      4091C02D 
 1936      C02D6339 
 1936      63D94091 
 1936      4091C02D 
 1937 b6e4 40A5C020 		.ascii	"@\245\300 \300\013d\371d\375@\245\024f@\013\300 h\001k\031@S"
 1937      C00B64F9 
 1937      64FD40A5 
 1937      1466400B 
 1937      C0206801 
 1938 b6fc 99514015 		.ascii	"\231Q@\025m\231@e\211a@\nm\235@u\213q@\nk\225@\201\217\201@+"
 1938      6D994065 
 1938      8961400A 
 1938      6D9D4075 
 1938      8B71400A 
 1939 b718 69A940B3 		.ascii	"i\251@\263\207\261@\026b1@3FF@\034@\225\340\370\300\013e\005"
 1939      87B14016 
 1939      62314033 
 1939      4646401C 
 1939      4095E0F8 
 1940 b730 65094095 		.ascii	"e\t@\225\271\221@\013e\021@\245@\245\300\013@\013e\025@#\223"
 1940      B991400B 
 1940      651140A5 
 1940      40A5C00B 
 1940      400B6515 
 1941 b747 A1C01C62 		.ascii	"\241\300\034b!bA@#@#\300\034@\034bE\340\030\004\006b\005@\021"
 1941      21624140 
 1941      234023C0 
 1941      1C401C62 
 1941      45E01804 
 1942 b760 4041C015 		.ascii	"@A\300\025\300+e1e\315@\301@Q\300+\300+fAj\241@q@a\300+\300+"
 1942      C02B6531 
 1942      65CD40C1 
 1942      4051C02B 
 1942      C02B6641 
 1943 b77e 6AA56B89 		.ascii	"j\245k\211@a@\201\300+\300,mQnY@\201@a\300,\300,neni@a@\301\300"
 1943      40614081 
 1943      C02BC02C 
 1943      6D516E59 
 1943      40814061 
 1944 b79f 2CC02C6E 		.ascii	",\300,n\205n\215@"
 1944      856E8D40 
 1945 b7a7 4140C1C0 		.string	"A@\301\300,\300,n\245c%@q@q\300-\300-c5cA@A@q\300-\300-cEcY@\261@q\300-\300-c]ca@a@q\300-
 1945      2CC02C6E 
 1945      A5632540 
 1945      714071C0 
 1945      2DC02D63 
 1946 b8a8 91C10A14 		.string	"\221\301\n\024\f\206H4\300"
 1946      0C864834 
 1946      C000
 1947 b8b2 61954E86 		.string	"a\225N\206\bD\300"
 1947      0844C000 
 1948 b8ba 6195E686 		.string	"a\225\346\206D:a\220\006D\344\020\b"
 1948      443A6190 
 1948      0644E410 
 1948      0800
 1949 b8c8 558A8355 		.string	"U\212\203U\354\004\030\300\311\207\321\222f\242P*\341\364\024\224P\212\206\251\224\223`\0
 1949      EC0418C0 
 1949      C987D192 
 1949      66A2502A 
 1949      E1F41494 
 1950 b8e6 1294508A 		.string	"\022\224P\212\205\227\331\236\346\206\241\313\335\216"
 1950      8597D99E 
 1950      E686A1CB 
 1950      DD8E00
 1951 b8f5 12FA7561 		.string	"\022\372ua\231\004\206\002\002\300"
 1951      99048602 
 1951      02C000
 1952 b900 619906C6 		.string	"a\231\006\306\210\036\300"
 1952      881EC000 
 1953 b908 0C4C8C0E 		.string	"\fL\214\016\335\223\360<\004\306"
 1953      DD93F03C 
 1953      04C600
 1954 b913 02C000   		.string	"\002\300"
 1955 b916 6199840D 		.string	"a\231\204\r\210$Z"
 1955      88245A00 
 1956 b91e 5C08C000 		.string	"\\\b\300"
 1957 b922 00       		.string	""
 1958 b923 06619504 		.string	"\006a\225\004\206\2104\300"
 1958      868834C0 
 1958      00
 1959 b92c 4486870D 		.string	"D\206\207\r\300"
 1959      C000
 1960 b932 0195C000 		.string	"\001\225\300"
 1961 b936 04250435 		.string	"\004%\0045\216\265\207\r\340\034\001\231\004F\004%\200"
 1961      8EB5870D 
 1961      E01C0199 
 1961      04460425 
 1961      8000
 1962 b948 8C858000 		.string	"\214\205\200"
 1963 b94c 833101A5 		.string	"\2031\001\245\372\200\b4\bE\304G\200M\374\b\2021\200\265\364\030\007\n\0060\374\305\n4\35
 1963      FA800834 
 1963      0845C447 
 1963      804DFC08 
 1963      823180B5 
 1964 b986 04066195 		.string	"\004\006a\225X\206F\002@"
 1964      58864602 
 1964      4000
 1965 b990 0A55F18C 		.string	"\nU\361\214\bE\3740\252C\3740\341|\030D\230C\365\307F:\215GD:\346\222\314'\340\212\004\02
 1965      0845FC30 
 1965      AA43FC30 
 1965      E17C1844 
 1965      9843F5C7 
 1966 b9bc FA00     		.string	"\372"
 1967 b9be 4032E682 		.string	"@2\346\202@\n\340\202@*\344"
 1967      400AE082 
 1967      402AE400 
 1968 b9ca 42CAE200 		.string	"B\312\342"
 1969 b9ce 00       		.string	""
 1970 b9cf 0CC1C3DD 		.string	"\f\301\303\335\223\372|\004\f\354P\036\360\202\213|.\206kb\030u\270\276\036`\b\357\374\20
 1970      93FA7C04 
 1970      0CEC501E 
 1970      F0828B7C 
 1970      2E866B62 
 1971 b9f2 00       		.string	""
 1972 b9f3 0A104609 		.string	"\n\020F\t\025|\024\300"
 1972      157C14C0 
 1972      00
 1973 b9fc 00       		.string	""
 1974 b9fd 04960380 		.string	"\004\226\003\200\023\372\200\354"
 1974      13FA80EC 
 1974      00
 1975 ba06 02198885 		.string	"\002\031\210\205\303\255@\n\276\024\224\003\346\206\372\200\016\004`\204"
 1975      C3AD400A 
 1975      BE149403 
 1975      E686FA80 
 1975      0E046084 
 1976 ba1b 74E08802 		.string	"t\340\210\002t|\004\f\025"
 1976      747C040C 
 1976      1500
 1977 ba25 038C03C0 		.string	"\003\214\003\300\001l\001a\234\004\024\3440\002\360\305\007~."
 1977      016C0161 
 1977      9C0414E4 
 1977      3002F0C5 
 1977      077E2E00 
 1978 ba39 F0110C76 		.string	"\360\021\fv\230\344@\241\013\357\374P\230Nr\300"
 1978      98E440A1 
 1978      0BEFFC50 
 1978      984E72C0 
 1978      00
 1979 ba4a 00       		.string	""
 1980 ba4b E60C014E 		.string	"\346\f\001N\001\202\221\300\004\372\200"
 1980      018291C0 
 1980      04FA8000 
 1981 ba57 94F415D1 		.string	"\224\364\025\321\r\202\021\274\024\372\200"
 1981      0D8211BC 
 1981      14FA8000 
 1982 ba63 14560AD1 		.string	"\024V\n\321\r\022\006F\242^\025\300"
 1982      0D120646 
 1982      A25E15C0 
 1982      00
 1983 ba70 FC35C000 		.string	"\3745\300"
 1984 ba74 BE0482A1 		.string	"\276\004\202\241|u\201\253\300"
 1984      7C7581AB 
 1984      C000
 1985 ba7e 02060C0C 		.string	"\002\006\f\f\250\361\335\223\362|\370|\004\314\344]\302X@\b\230\225\217^\201Aa"
 1985      A8F1DD93 
 1985      F27CF87C 
 1985      04CCE45D 
 1985      C2584008 
 1986 ba9a 00       		.string	""
 1987 ba9b 0A0B9591 		.string	"\n\013\225\221\001\300"
 1987      01C000
 1988 baa2 00       		.string	""
 1989 baa3 46107498 		.string	"F\020t\230sN\022\372\200\016\231\360\240\323M\354"
 1989      734E12FA 
 1989      800E99F0 
 1989      A0D34DEC 
 1989      00
 1990 bab4 508A8E85 		.string	"P\212\216\205\210\203\346\226\372\200\020\204\360\240T\"l\001\024\271\275\273\300\004!K\2
 1990      8883E696 
 1990      FA801084 
 1990      F0A05422 
 1990      6C0114B9 
 1991 bae2 14A05622 		.string	"\024\240V\"\300\023\006\204p\244\026\271\340\204@\004l\001\204\203\304\207\026\224(\266\0
 1991      C0130684 
 1991      70A416B9 
 1991      E0844004 
 1991      6C018483 
 1992 bb46 0C06C018 		.string	"\f\006\300\030^5\202A\3745|\225\213K\300"
 1992      5E358241 
 1992      FC357C95 
 1992      8B4BC000 
 1993 bb56 0606F07C 		.string	"\006\006\360|\f\314\301\303\335\223\341\024BF\204\030\204\024k\361@\021\335\223\300+\341L
 1993      0CCCC1C3 
 1993      DD93E114 
 1993      42468418 
 1993      84146BF1 
 1994 bb73 06800880 		.string	"\006\200\b\200\004\340"
 1994      04E000
 1995 bb7a 00       		.string	""
 1996 bb7b 4AE200   		.string	"J\342"
 1997 bb7e 00       		.string	""
 1998 bb7f 0C       		.ascii	"\f"
 1999 bb80 C1C3DD93 		.string	"\301\303\335\223aL"
 1999      614C00
 2000 bb87 06800481 		.string	"\006\200\004\201\021\335\223\200\026aHA\206\341\230\005\306\2031"
 2000      11DD9380 
 2000      16614841 
 2000      86E19805 
 2000      C6833100 
 2001 bb9b 04C21980 		.string	"\004\302\031\200\030\210>\200\026\301\303\335\223aHA\206\341\230\005\306\2011"
 2001      18883E80 
 2001      16C1C3DD 
 2001      93614841 
 2001      86E19805 
 2002 bbb3 04421080 		.string	"\004B\020\200\030\200\026\363\370\335\223\210>\341HA\206\200"
 2002      188016F3 
 2002      F8DD9388 
 2002      3EE14841 
 2002      868000
 2003 bbc6 800441C6 		.string	"\200\004A\306\241\r"
 2003      A10D00
 2004 bbcd 05814800 		.string	"\005\201H"
 2005 bbd1 198000   		.string	"\031\200"
 2006 bbd4 42108000 		.string	"B\020\200"
 2007 bbd8 40119C04 		.string	"@\021\234\004\335\223\200"
 2007      DD938000 
 2008 bbe0 E1484186 		.string	"\341HA\206\200"
 2008      8000
 2009 bbe6 800441C6 		.string	"\200\004A\306\241\r"
 2009      A10D00
 2010 bbed 05814800 		.string	"\005\201H"
 2011 bbf1 198000   		.string	"\031\200"
 2012 bbf4 42108000 		.string	"B\020\200"
 2013 bbf8 40119C08 		.string	"@\021\234\b\335\223\200"
 2013      DD938000 
 2014 bc00 E1484186 		.string	"\341HA\206\200"
 2014      8000
 2015 bc06 800441C6 		.string	"\200\004A\306\241\r"
 2015      A10D00
 2016 bc0d 05814800 		.string	"\005\201H"
 2017 bc11 198000   		.string	"\031\200"
 2018 bc14 42108000 		.string	"B\020\200"
 2019 bc18 401193F4 		.string	"@\021\223\364\335\223\200"
 2019      DD938000 
 2020 bc20 E1484186 		.string	"\341HA\206\200"
 2020      8000
 2021 bc26 800441C6 		.string	"\200\004A\306\241\r"
 2021      A10D00
 2022 bc2d 05814800 		.string	"\005\201H"
 2023 bc31 198000   		.string	"\031\200"
 2024 bc34 42108000 		.string	"B\020\200"
 2025 bc38 40119C10 		.string	"@\021\234\020\335\223\200"
 2025      DD938000 
 2026 bc40 E1484186 		.string	"\341HA\206\200"
 2026      8000
 2027 bc46 800441C6 		.string	"\200\004A\306\241\r"
 2027      A10D00
 2028 bc4d 05814800 		.string	"\005\201H"
 2029 bc51 198000   		.string	"\031\200"
 2030 bc54 42108000 		.string	"B\020\200"
 2031 bc58 401193EC 		.string	"@\021\223\354\335\223\200"
 2031      DD938000 
 2032 bc60 FAFC040C 		.string	"\372\374\004\f\201\001"
 2032      810100
 2033 bc67 6B680C7B 		.string	"kh\f{\310\201\201\201\021a4V\206,\004\200{\341L\023\006\203!\003\241\244\004\200\206\244\
 2033      C8818181 
 2033      11613456 
 2033      862C0480 
 2033      7BE14C13 
 2034 bc99 158FDC8C 		.string	"\025\217\334\214\013"
 2034      0B00
 2035 bc9f 00       		.string	""
 2036 bca0 E8404DC8 		.string	"\350@M\310\203\021,\004@F"
 2036      83112C04 
 2036      404600
 2037 bcab A68004E1 		.string	"\246\200\004\3414\244\004\200\246\244\004\200\206\244\004\200\246\214\013"
 2037      34A40480 
 2037      A6A40480 
 2037      86A40480 
 2037      A68C0B00 
 2038 bcbf 86E81067 		.string	"\206\350\020g\250\216\013\003\021\350\fx\310g\315\f\t\244\t\300-\202u\245\013l!\f\t\247\0
 2038      A88E0B03 
 2038      11E80C78 
 2038      C867CD0C 
 2038      09A409C0 
 2039 bcff 6BE8104D 		.string	"k\350\020M(\357\334BF@"
 2039      28EFDC42 
 2039      464000
 2040 bd0a 84088406 		.string	"\204\b\204\006\363\370be\f\t@J\300\025\"X\340\214\f\t\200"
 2040      F3F86265 
 2040      0C09404A 
 2040      C0152258 
 2040      E08C0C09 
 2041 bd20 C02D6B85 		.string	"\300-k\205!\370\241\013\006`\200"
 2041      21F8A10B 
 2041      06608000 
 2042 bd2c 40B667A1 		.string	"@\266g\241\340\004"
 2042      E00400
 2043 bd33 06645004 		.string	"\006dP\004\360\201E\201\021"
 2043      F0814581 
 2043      1100
 2044 bd3d 00       		.string	""
 2045 bd3e 4916A10B 		.string	"I\026\241\013\354\004\031!\376\225>>\201Q\033H\201\001"
 2045      EC041921 
 2045      FE953E3E 
 2045      81511B48 
 2045      810100
 2046 bd51 0AE000   		.string	"\n\340"
 2047 bd54 1B48F000 		.string	"\033H\360"
 2048 bd58 525AC000 		.string	"RZ\300"
 2049 bd5c 8693E68A 		.string	"\206\223\346\212\340 \022\251\022I\241\253\025\370\200(\022\271\200"
 2049      E02012A9 
 2049      1249A1AB 
 2049      15F88028 
 2049      12B98000 
 2050 bd70 B1AB602C 		.string	"\261\253`,\340(\022I\341\204"
 2050      E0281249 
 2050      E18400
 2051 bd7b B440407C 		.string	"\264@@|\016\211\016\360\374\254\005\376N\036\005\263\253@\002\200\020"
 2051      0E890EF0 
 2051      FCAC05FE 
 2051      4E1E05B3 
 2051      AB400280 
 2052 bd91 49909880 		.string	"I\220\230\200\025\017A\200"
 2052      150F4180 
 2052      00
 2053 bd9a 0BA88EE5 		.string	"\013\250\216\345\265\253\036\005\267\253@\002\200\020"
 2053      B5AB1E05 
 2053      B7AB4002 
 2053      801000
 2054 bda9 41909880 		.string	"A\220\230\200\025\016A\f\t\252\305@\025b\021\211\304\271\253\346\202@\312\232\200"
 2054      150E410C 
 2054      09AAC540 
 2054      15621189 
 2054      C4B9ABE6 
 2055 bdc3 04909840 		.string	"\004\220\230@\002\016A"
 2055      020E4100 
 2056 bdcb 49A6E580 		.string	"I\246\345\200\032\244%\273\253\212E\275\253\201A?\253\024\n\246\005\fE\340@\200\r\bY\024\
 2056      1AA425BB 
 2056      AB8A45BD 
 2056      AB81413F 
 2056      AB140AA6 
 2057 be17 458F35C0 		.string	"E\2175\300\r\302\007\211\004"
 2057      0DC20789 
 2057      0400
 2058 be21 4B8C03C0 		.string	"K\214\003\300\nm\241\211\004\217%"
 2058      0A6DA189 
 2058      048F2500 
 2059 be2d 418C03C0 		.string	"A\214\003\300\025nAmA"
 2059      156E416D 
 2059      4100
 2060 be37 010D35C0 		.string	"\001\r5\300\025\211\004\240C\214\003\304\007he"
 2060      158904A0 
 2060      438C03C4 
 2060      07686500 
 2061 be47 458BB5C0 		.string	"E\213\265\300\r\b\004\t$<^\372\200\214#\211\001oA\0049\201!@\025\016$\205E\210s\372\200\0
 2061      0D080409 
 2061      243C5EFA 
 2061      808C2389 
 2061      016F4104 
 2062 be7f 0AE40418 		.string	"\n\344\004\030\200\034X\374\325\372\200\020\204\020\211\214\203\300.g\301\372\200\nT\372\
 2062      801C58FC 
 2062      D5FA8010 
 2062      8410898C 
 2062      83C02E67 
 2063 beb1 0AC000   		.string	"\n\300"
 2064 beb4 04047010 		.string	"\004\004p\020\242\025\372\200\340\200V\032\240"
 2064      A215FA80 
 2064      E080561A 
 2064      A000
 2065 bec2 085806F0 		.string	"\bX\006\360|\004\tD\344P\274T\203!\340\200@\n\\\020\006)\360\220@2D \2764\200&\320\004\21
 2065      7C040944 
 2065      E450BC54 
 2065      8321E080 
 2065      400A5C10 
 2066 beef 458175C0 		.string	"E\201u\300\005\304\007\211\004"
 2066      05C40789 
 2066      0400
 2067 bef9 458C03C0 		.string	"E\214\003\300\005e\321`\001"
 2067      0565D160 
 2067      0100
 2068 bf03 06814BFC 		.string	"\006\201K\374"
 2068      00
 2069 bf08 8000     		.string	"\200"
 2070 bf0a 08F8E024 		.string	"\b\370\340$\022\t\204E\253\013\204e\243\013\210e\245\013\210\205\247\013\212\205\251\013\
 2070      12098445 
 2070      AB0B8465 
 2070      A30B8865 
 2070      A50B8885 
 2071 bf60 01E5A404 		.string	"\001\345\244\004\246\004\200M\t\304\200M\344P"
 2071      A604804D 
 2071      09C4804D 
 2071      E45000
 2072 bf6f F000     		.string	"\360"
 2073 bf71 29FC3482 		.string	")\3744\202e\3740\244\004\203\025\t\304\201K\344P"
 2073      65FC30A4 
 2073      04831509 
 2073      C4814BE4 
 2073      5000
 2074 bf83 F000     		.string	"\360"
 2075 bf85 29FC3482 		.string	")\3744\202\005\3740FJ~D\004\006\340\200\001\205\200"
 2075      05FC3046 
 2075      4A7E4404 
 2075      06E08001 
 2075      858000
 2076 bf98 7E44843B 		.string	"~D\204;\340\200F\nF \2031\230\003\320\004\2764\2006|\004\201\325\344P\004\360@J\211D\201\
 2076      E080460A 
 2076      46208331 
 2076      9803D004 
 2076      BE348036 
 2077 c02a 40400945 		.string	"@@\tE\202Q\b#\317\007fA"
 2077      82510823 
 2077      CF076641 
 2077      00
 2078 c037 600624C0 		.string	"`\006$\300X\200#`\204d\001\004)\206\003@\004l\001"
 2078      58802360 
 2078      84640104 
 2078      29860340 
 2078      046C0100 
 2079 c04b 43BE34C0 		.string	"C\2764\300\001\007\005\310'\210#\204C\214#\304'h\221\004E\205\205\300\005\304'\210#\004E\
 2079      010705C8 
 2079      27882384 
 2079      438C23C4 
 2079      27689104 
 2080 c091 600823C0 		.string	"`\b#\300XfA`\204\006$\004)\200#@\004`\001"
 2080      58664160 
 2080      84062404 
 2080      29802340 
 2080      04600100 
 2081 c0a5 438603C0 		.string	"C\206\003\300\001l\001\310'\2764eu\244C\013\n\231!$\310\344\374L\025\237\374@\013i\355L\0
 2081      016C01C8 
 2081      27BE3465 
 2081      75A4430B 
 2081      0A992124 
 2082 c0ea 104406CB 		.string	"\020D\006\313\250S\030\006\202\021\016\304\200"
 2082      A8531806 
 2082      82110EC4 
 2082      8000
 2083 c0f8 81C16890 		.string	"\201\301h\220\234"
 2083      9C00
 2084 c0fe 58306F90 		.string	"X0o\220\006\304F\202\251\317\270\017x\214\006R&\177L\005\354\004@\013i\351\256/\247\177i\
 2084      06C44682 
 2084      A9CFB80F 
 2084      788C0652 
 2084      267F4C05 
 2085 c128 A10BA40F 		.string	"\241\013\244\017\f\t\210\005\3008d\305d\301\f\031C\r\3008d\305"
 2085      0C098805 
 2085      C03864C5 
 2085      64C10C19 
 2085      430DC038 
 2086 c13f 6086F5C0 		.string	"`\206\365\300\341\357\334BF\210\030\202+\210\026\302\031n\r\f\031\243\033\3006\200"
 2086      E1EFDC42 
 2086      46881882 
 2086      2B8816C2 
 2086      196E0D0C 
 2087 c15a 02160311 		.string	"\002\026\003\021L\021\201\365\2008\302\t\204\b\203%\204\006\357\334@F\204\b\200\033\363\3
 2087      4C1181F5 
 2087      8038C209 
 2087      84088325 
 2087      8406EFDC 
 2088 c178 00       		.string	""
 2089 c179 600406C0 		.string	"`\004\006\300\341d\305\002\n\200\030\002\020\343\374@\021\304\004\036\360\300"
 2089      E164C502 
 2089      0A801802 
 2089      10E3FC40 
 2089      11C4041E 
 2090 c190 0C0CE550 		.string	"\f\f\345P\335\223\362|\357\334@F\200(\200\030\004\031\302\027\363\364D \200&\242/\301\303
 2090      DD93F27C 
 2090      EFDC4046 
 2090      80288018 
 2090      0419C217 
 2091 c1be 5C0864D5 		.string	"\\\bd\325"
 2091      00
 2092 c1c3 29A72BC0 		.string	")\247+\300+\200"
 2092      2B8000
 2093 c1ca 02299C20 		.string	"\002)\234 D \200"
 2093      44208000 
 2094 c1d2 4221FFFC 		.string	"B!\377\374\024h\372"
 2094      1468FA00 
 2095 c1da 040C6C51 		.string	"\004\flQ"
 2095      00
 2096 c1df 1900     		.string	"\031"
 2097 c1e1 29C02BC0 		.string	")\300+\300\025aA\340\204\006\024f\206B*\372\200\0044lI@1\006\n@+B\032\360"
 2097      156141E0 
 2097      84061466 
 2097      86422AFA 
 2097      8004346C 
 2098 c200 4011E00A 		.string	"@\021\340\n\300+lA\201\001\200\245\362"
 2098      C02B6C41 
 2098      810180A5 
 2098      F200
 2099 c20e 0C0C00   		.string	"\f\f"
 2100 c211 29DD9340 		.string	")\335\223@+l\035\340\bB\226o\370E\350\340\bL\226\f\006\243\013\214\013\300"
 2100      2B6C1DE0 
 2100      0842966F 
 2100      F845E8E0 
 2100      084C960C 
 2101 c22c F200     		.string	"\362"
 2102 c22e 0C0CC1C3 		.string	"\f\f\301\303\335\223\372"
 2102      DD93FA00 
 2103 c236 040C6C55 		.string	"\004\flU"
 2103      00
 2104 c23b 1900     		.string	"\031"
 2105 c23d 29C02BC0 		.string	")\300+\300\025aE\340\204\006\024f\206B*\372\200\0044lM@1\006\n@+B\032\360"
 2105      156145E0 
 2105      84061466 
 2105      86422AFA 
 2105      8004346C 
 2106 c25c 4011E00A 		.string	"@\021\340\n\300+lE\201\001\200\245\362"
 2106      C02B6C45 
 2106      810180A5 
 2106      F200
 2107 c26a 0C0C00   		.string	"\f\f"
 2108 c26d 29DD9340 		.string	")\335\223@+l\035\340\bB\226o\370C\b\340\bL\226\f\006\243\013\214\013\300"
 2108      2B6C1DE0 
 2108      0842966F 
 2108      F84308E0 
 2108      084C960C 
 2109 c288 F200     		.string	"\362"
 2110 c28a 0C0CC1C3 		.string	"\f\f\301\303\335\223\372\004\004L\f\t\200k\300\025aE\354\004\002"
 2110      DD93FA04 
 2110      044C0C09 
 2110      806BC015 
 2110      6145EC04 
 2111 c2a0 F41C030A 		.string	"\364\034\003\n\f\031\202\325\300\025aA\354\004\004\020\364$\005\n@\n\200\325"
 2111      0C1982D5 
 2111      C0156141 
 2111      EC040410 
 2111      F424050A 
 2112 c2b9 8AE68684 		.string	"\212\346\206\2045\345Dl\035\f)\017\366@+\003\366\340\b\214\013`\b\357\370@H\rx\243\013\f\
 2112      35E5446C 
 2112      1D0C290F 
 2112      F6402B03 
 2112      F6E0088C 
 2113 c2dc C0156141 		.string	"\300\025aAaQ\f\t\004\024@\025D\n\372\200\005\n\346\212\202\225\344\240aE\f)\f9\300\025\30
 2113      61510C09 
 2113      04144015 
 2113      440AFA80 
 2113      050AE68A 
 2114 c322 0B286141 		.ascii	"\013(aA\f\031\f\t\300\025\300\025aQz\200\002\024\372\200\004"
 2114      0C190C09 
 2114      C015C015 
 2114      61517A80 
 2114      0214FA80 
 2115 c337 0461490C 		.ascii	"\004aI\f9B*\300\025\206\023\346\206\344\240\003\n\f\031\204\025"
 2115      39422AC0 
 2115      158613E6 
 2115      86E4A003 
 2115      0A0C1984 
 2116 c34c C0156145 		.ascii	"\300\025aE"
 2117 c350 61550C29 		.string	"aU\f)\f9\300\025\300\025aM\346\206B*\002\212\206\023\204\025\344\204l\035\f)Nv@+Bv\340\b\
 2117      0C39C015 
 2117      C015614D 
 2117      E686422A 
 2117      028A8613 
 2118 c385 0AC01586 		.string	"\n\300\025\206\325\360\020aU\f\t\251\013\300\025\f\t\2065\300\025aA\340\200@J\f\t\200\345
 2118      D5F01061 
 2118      550C09A9 
 2118      0BC0150C 
 2118      098635C0 
 2119 c3cf 4A0C0984 		.string	"J\f\t\204e\300\025aM\370\f"
 2119      65C01561 
 2119      4DF80C00 
 2120 c3db 4A0C0982 		.string	"J\f\t\202\245\300\025aQ\370\f"
 2120      A5C01561 
 2120      51F80C00 
 2121 c3e7 4A0C0980 		.string	"J\f\t\200\345\300\025aU\370\f"
 2121      E5C01561 
 2121      55F80C00 
 2122 c3f3 0A0C2982 		.string	"\n\f)\202\245@+l\035\340\bN\026`\bB\026v\230\214\013\243\013\357\364\f\t\216\205\300\025a
 2122      A5402B6C 
 2122      1DE0084E 
 2122      16600842 
 2122      1676988C 
 2123 c42b 00       		.string	""
 2124 c42c F430010A 		.string	"\3640\001\n\f\t\202U@\025aU"
 2124      0C098255 
 2124      40156155 
 2124      00
 2125 c439 00       		.string	""
 2126 c43a 817100   		.string	"\201q"
 2127 c43d 8AEC1088 		.string	"\212\354\020\2105\3644l\035\f)N6@+B6\340\b\214\013`\b\357\364t(\003U\243\013\300"
 2127      35F4346C 
 2127      1D0C294E 
 2127      36402B42 
 2127      36E0088C 
 2128 c45e 0E066151 		.string	"\016\006aQ\f\t\261\013\300\025\251\013\202\005\f\t\204\025\300\025aU\251\013\001eaU\f\t\2
 2128      0C09B10B 
 2128      C015A90B 
 2128      82050C09 
 2128      8415C015 
 2129 c483 D50C4C8E 		.string	"\325\fL\216\013\335\223\362\004l\035\f)N&@+B&\340\b\214\013`\b\357\364q\350\016\006\243\0
 2129      0BDD93F2 
 2129      046C1D0C 
 2129      294E2640 
 2129      2B4226E0 
 2130 c4a8 F2040C4C 		.string	"\362\004\fL\301\303\335\223\372"
 2130      C1C3DD93 
 2130      FA00
 2131 c4b2 04CC8101 		.string	"\004\314\201\001"
 2131      00
 2132 c4b7 6B66350C 		.string	"kf5\f\033\231\006\300\026BJ\221\006B\006`\200L\021\340\004\300+l\035\200"
 2132      1B9906C0 
 2132      16424A91 
 2132      06420660 
 2132      804C11E0 
 2133 c4d2 0C586FFC 		.string	"\fXo\374m\350\241\013\214\013\300"
 2133      6DE8A10B 
 2133      8C0BC000 
 2134 c4de 0BF86141 		.string	"\013\370aA\f\t\004\360@\025\f\031\344 \300\025aEf\202@\032\3440\002\360c\tL\001\214\013@\
 2134      0C0904F0 
 2134      40150C19 
 2134      E420C015 
 2134      61456682 
 2135 c502 4B886149 		.string	"K\210aI\f\t\231\030\300\025aM\f)\0218\300\025\f\t\305\007@\025aAL\021\200\023@+l9\341\210
 2135      0C099918 
 2135      C015614D 
 2135      0C291138 
 2135      C0150C09 
 2136 c5e3 046C4D0C 		.string	"\004lM\f9@\032\300+\f\031\346\202\300+lUlQ\f\t"
 2136      39401AC0 
 2136      2B0C19E6 
 2136      82C02B6C 
 2136      556C510C 
 2137 c5f9 0A402B04 		.string	"\n@+\004\026\340@L!\200"
 2137      16E0404C 
 2137      218000
 2138 c604 802C0C81 		.string	"\200,\f\201lI\f)L\021\300+"
 2138      6C490C29 
 2138      4C11C02B 
 2138      00
 2139 c611 2B0C6DFA 		.string	"+\fm\372\200\002\024\fiL\001D:\200+@\032\346\212@*\346\202L\001\340\002@,ly\372\200\002\0
 2139      8002140C 
 2139      694C0144 
 2139      3A802B40 
 2139      1AE68A40 
 2140 c640 8295A10B 		.string	"\202\225\241\013o\360d\350\241\013\214\013s\270\200\365\214\013h$h0O\b!\021\214\013L\021\
 2140      6FF064E8 
 2140      A10B8C0B 
 2140      73B880F5 
 2140      8C0B6824 
 2141 c670 681100   		.string	"h\021"
 2142 c673 4900     		.string	"I"
 2143 c675 39C02740 		.string	"9\300'@'h\025\b\212\201\001\bD\345@"
 2143      27681508 
 2143      8A810108 
 2143      44E54000 
 2144 c685 40818806 		.string	"@\201\210\006\212\fP\004\006\345"
 2144      8A0C5004 
 2144      06E500
 2145 c690 06348101 		.string	"\0064\201\001"
 2145      00
 2146 c695 34818800 		.string	"4\201\210"
 2147 c699 00       		.string	""
 2148 c69a 9A808806 		.string	"\232\200\210\006\214@\241;\2048\304\b\0060\301\210\0064\300"
 2148      8C40A13B 
 2148      8438C408 
 2148      0630C188 
 2148      0634C000 
 2149 c6ae 4231C000 		.string	"B1\300"
 2150 c6b2 0409FBFC 		.string	"\004\t\373\374"
 2150      00
 2151 c6b7 0ADA8000 		.string	"\n\332\200"
 2152 c6bb 04C40800 		.string	"\004\304\b"
 2153 c6bf 00       		.string	""
 2154 c6c0 C18800   		.string	"\301\210"
 2155 c6c3 044000   		.string	"\004@"
 2156 c6c6 4401DD93 		.string	"D\001\335\223\201\001\372"
 2156      8101FA00 
 2157 c6ce 040C6800 		.string	"\004\fh"
 2158 c6d2 40C8A10B 		.string	"@\310\241\013\200k\f\f\200\205\335\223\362"
 2158      806B0C0C 
 2158      8085DD93 
 2158      F200
 2159 c6e0 0C0C8C0B 		.string	"\f\f\214\013\213U\362"
 2159      8B55F200 
 2160 c6e8 FA04044C 		.string	"\372\004\004L\f\031\200k\300+lQlU\f\tD\032\300+\241+\345\002\f9\206\005\300+lMlI\fI\fY\30
 2160      0C19806B 
 2160      C02B6C51 
 2160      6C550C09 
 2160      441AC02B 
 2161 c764 401B6305 		.string	"@\033c\005L\021\302\027@\033c\001\340\004"
 2161      4C11C217 
 2161      401B6301 
 2161      E00400
 2162 c773 0663094C 		.string	"\006c\tL\001L!\300\033\300\033c\rc\021Lq\216\013\300\033\362\004\fL\301\303\335\223\372|\
 2162      014C21C0 
 2162      1BC01B63 
 2162      0D63114C 
 2162      718E0BC0 
 2163 c79b 6B630D0C 		.string	"kc\r\fy\002\360@\033\f\231\344 \300+lQlU\f\251\374\016\300+<\006\211\006E\030\214\013\241
 2163      7902F040 
 2163      1B0C99E4 
 2163      20C02B6C 
 2163      516C550C 
 2164 c7c0 C000     		.string	"\300"
 2165 c7c2 100600   		.string	"\020\006"
 2166 c7c5 081E8590 		.string	"\b\036\205\220\225\241\013d\020\002\360t\370\236+\214\013o\374\216e\241\213l=\f9\002\220@
 2166      95A10B64 
 2166      1002F074 
 2166      F89E2B8C 
 2166      0B6FFC8E 
 2167 c816 46A1F0A4 		.string	"F\241\360\244V\"\202%\214\266lQ\f\231\nT@+\302\227\372\200\222S\001\325lU\fI\201\301@+l9\
 2167      56228225 
 2167      8CB66C51 
 2167      0C990A54 
 2167      402BC297 
 2168 c85f 39824B40 		.string	"9\202K@+lI"
 2168      2B6C4900 
 2169 c867 2900     		.string	")"
 2170 c869 19C02BC0 		.string	"\031\300+\300+lA\301\303\207%\372\004\004\f\3540\036\360\201\001"
 2170      2B6C41C1 
 2170      C38725FA 
 2170      04040CEC 
 2170      301EF081 
 2171 c87f 7B826B7C 		.string	"{\202k|\016\002\360>\016~\230\344 \216\013o\374\204\025\241\013d\020\002\360A\030\216\013
 2171      0E02F03E 
 2171      0E7E98E4 
 2171      208E0B6F 
 2171      FC8415A1 
 2172 c8a0 FC048235 		.string	"\374\004\2025@\032\276\024"
 2172      401ABE14 
 2172      00
 2173 c8a9 02E68218 		.string	"\002\346\202\030\016\357\374\230\361\201\001\362\004\f\f\301\303\335\223lU"
 2173      0EEFFC98 
 2173      F18101F2 
 2173      040C0CC1 
 2173      C3DD936C 
 2174 c8bf 39824B40 		.string	"9\202K@+lM"
 2174      2B6C4D00 
 2175 c8c7 2900     		.string	")"
 2176 c8c9 19C02BC0 		.string	"\031\300+\300+lE\301\303\201%\372"
 2176      2B6C45C1 
 2176      C38125FA 
 2176      00
 2177 c8d6 040C8285 		.string	"\004\f\202\205\241;\345\n@\032\340\016@\n\357\374"
 2177      A13BE50A 
 2177      401AE00E 
 2177      400AEFFC 
 2177      00
 2178 c8e7 02810110 		.string	"\002\201\001\020\016\362"
 2178      0EF200
 2179 c8ee 0C0C00   		.string	"\f\f"
 2180 c8f1 29DD9340 		.string	")\335\223@+l\035\340\bBVo\364N\350\340\bLV\f\006\243\013\214\013\300"
 2180      2B6C1DE0 
 2180      0842566F 
 2180      F44EE8E0 
 2180      084C560C 
 2181 c90c F200     		.string	"\362"
 2182 c90e 0C0CC1C3 		.string	"\f\f\301\303\335\223\372\004^e\354\020\f\360t\034^`\274n\210a\376\200\003\374\370\004\027
 2182      DD93FA04 
 2182      5E65EC10 
 2182      0CF0741C 
 2182      5E60BC6E 
 2183 c943 168004E1 		.string	"\026\200\004\341H\002\024\200\030\200\026\374\234\357\344V\250o\234bH\301\303\201\001\372
 2183      48021480 
 2183      188016FC 
 2183      9CEFE456 
 2183      A86F9C62 
 2184 c95e 00       		.string	""
 2185 c95f 4C614841 		.string	"LaHA\306\340\fC6"
 2185      C6E00C43 
 2185      3600
 2186 c969 16800460 		.string	"\026\200\004`\021"
 2186      1100
 2187 c96f 0600     		.string	"\006"
 2188 c971 04C020E1 		.string	"\004\300 \341HC\206\200\030\204\004\374\234\002\024U\030\200\026`\270\357\344\201\001o\23
 2188      48438680 
 2188      188404FC 
 2188      9C021455 
 2188      18801660 
 2189 c98e 00       		.string	""
 2190 c98f 4C614841 		.string	"LaHA\306\340\fCF"
 2190      C6E00C43 
 2190      4600
 2191 c999 16800460 		.string	"\026\200\004`\021"
 2191      1100
 2192 c99f 0600     		.string	"\006"
 2193 c9a1 04C020E1 		.string	"\004\300 \341HC\206\200\030\204\004\374\234\002\024S\230\200\026_8\357\344\201\001o\234\3
 2193      48438680 
 2193      188404FC 
 2193      9C021453 
 2193      9880165F 
 2194 c9be 00       		.string	""
 2195 c9bf 4C614841 		.string	"LaHA\306\340\fCv"
 2195      C6E00C43 
 2195      7600
 2196 c9c9 16800460 		.string	"\026\200\004`\021"
 2196      1100
 2197 c9cf 0600     		.string	"\006"
 2198 c9d1 04C020E1 		.string	"\004\300 \341HC\206\200\030\204\004\374\234\002\024R\030\200\026]\270\357\344\201\001o\23
 2198      48438680 
 2198      188404FC 
 2198      9C021452 
 2198      1880165D 
 2199 c9ee 00       		.string	""
 2200 c9ef 4C614841 		.string	"LaHA\306\340\fC\226"
 2200      C6E00C43 
 2200      9600
 2201 c9f9 16800460 		.string	"\026\200\004`\021"
 2201      1100
 2202 c9ff 0600     		.string	"\006"
 2203 ca01 04C020E1 		.string	"\004\300 \341HC\206\200\030\204\004\374\234\002\024P\230\200\026\\8\357\344\201\001o\234\
 2203      48438680 
 2203      188404FC 
 2203      9C021450 
 2203      9880165C 
 2204 ca1e 00       		.string	""
 2205 ca1f 4C614841 		.string	"LaHA\306\340\fC\246"
 2205      C6E00C43 
 2205      A600
 2206 ca29 16800460 		.string	"\026\200\004`\021"
 2206      1100
 2207 ca2f 0600     		.string	"\006"
 2208 ca31 04C020E1 		.string	"\004\300 \341HC\206\200\030\204\004\374\234\002\024O\030\200\026Z\270\357\344\201\001o\23
 2208      48438680 
 2208      188404FC 
 2208      9C02144F 
 2208      1880165A 
 2209 ca4e 00       		.string	""
 2210 ca4f 4C614841 		.string	"LaHA\306\340\fC\346"
 2210      C6E00C43 
 2210      E600
 2211 ca59 16800460 		.string	"\026\200\004`\021"
 2211      1100
 2212 ca5f 0600     		.string	"\006"
 2213 ca61 04C020E1 		.string	"\004\300 \341HC\206\200\030\204\004\374\234\002\024M\230\200\026Y8\357\344\201\001o\234\3
 2213      48438680 
 2213      188404FC 
 2213      9C02144D 
 2213      98801659 
 2214 ca7e 00       		.string	""
 2215 ca7f 4CE2C000 		.string	"L\342\300"
 2216 ca83 2C614841 		.string	",aHA\306\340\fC\366"
 2216      C6E00C43 
 2216      F600
 2217 ca8d 168004E1 		.string	"\026\200\004\341HA\206\200\030\200\004\374\234\002\024L8\200\026W\330\357\344\201\001o\23
 2217      48418680 
 2217      188004FC 
 2217      9C02144C 
 2217      38801657 
 2218 cab6 0E2A4001 		.string	"\016*@\001\005\370\005\001\200"
 2218      05F80501 
 2218      8000
 2219 cac0 4C018191 		.string	"L\001\201\221@+l\035\341\224"
 2219      402B6C1D 
 2219      E19400
 2220 cacb 06106000 		.string	"\006\020`"
 2221 cacf 9EC0AF64 		.string	"\236\300\257d\035\357\350}h\202e\241\013\240\006\207\001\357\370E(\357\370Eh\357\344I\350
 2221      1DEFE87D 
 2221      688265A1 
 2221      0BA00687 
 2221      01EFF845 
 2222 caff 866A7881 		.string	"\206jx\201\021D\306o\234"
 2222      1144C66F 
 2222      9C00
 2223 cb09 86E000   		.string	"\206\340"
 2224 cb0c 4286600C 		.ascii	"B\206`\fL\025\340<@\016`\331`\001\002\006L\005\300}"
 2224      4C15E03C 
 2224      400E60D9 
 2224      60010206 
 2224      4C05C07D 
 2225 cb20 C00E60CD 		.string	"\300\016`\315`\321L\005L\005\300\016@\016`\325L\005\213\001@\016`\335L\025\203\001@\nmI\3
 2225      60D14C05 
 2225      4C05C00E 
 2225      400E60D5 
 2225      4C058B01 
 2226 cb56 4216673D 		.string	"B\026g=L\003"
 2226      4C0300
 2227 cb5d 764016C0 		.string	"v@\026\300 `\tn\001L\023\207\021@\025L\021\200\226\3008d\301"
 2227      2060096E 
 2227      014C1387 
 2227      1140154C 
 2227      118096C0 
 2228 cb75 06830510 		.string	"\006\203\005\020`a\224\300\257d\034#\033\200\024L\021\203\021@+l\035\300"
 2228      606194C0 
 2228      AF641C23 
 2228      1B80144C 
 2228      11831140 
 2229 cb8e 0206C000 		.string	"\002\006\300"
 2230 cb92 4015EFE4 		.string	"@\025\357\344Z\250d`\030\360`\030\214\013\215\004\350\020\202U\241\013\241\233\217\224\00
 2230      5AA86460 
 2230      18F06018 
 2230      8C0B8D04 
 2230      E8108255 
 2231 cbe2 6FF47D58 		.string	"o\364}X\234"
 2231      9C00
 2232 cbe8 41D8EFF4 		.string	"A\330\357\364\001\001\357\344j\030\203\021\214+o\344\f\314\220\013\335\223\366\034h\fzH"
 2232      0101EFE4 
 2232      6A188311 
 2232      8C2B6FE4 
 2232      0CCC900B 
 2233 cc05 8B8C0BA1 		.string	"\213\214\013\241\213\214\013Hx\200\205\373\365\357\364\350\024d\350\241\213\200\213z\030\
 2233      8B8C0B48 
 2233      788085FB 
 2233      F5EFF4E8 
 2233      1464E8A1 
 2234 cc26 45884001 		.string	"E\210@\001\004H\214\013"
 2234      04488C0B 
 2234      00
 2235 cc2f 00       		.string	""
 2236 cc30 EFF44768 		.string	"\357\364Gho\360\177\b\001\306\214\013BFo\334B\036\340\004\002\026\203\021\340\034CF\370\b
 2236      6FF07F08 
 2236      01C68C0B 
 2236      42466FDC 
 2236      421EE004 
 2237 cc56 482800   		.string	"H("
 2238 cc59 C68C0B97 		.string	"\306\214\013\227\021aL\243\233"
 2238      11614CA3 
 2238      9B00
 2239 cc63 04818101 		.string	"\004\201\201\001\221"
 2239      9100
 2240 cc69 4600     		.string	"F"
 2241 cc6b 1600     		.string	"\026"
 2242 cc6d 04E14C80 		.string	"\004\341L\200\026\235\021tX\200\265\214\013h\f\002\016\200\213@\020`\001\345@"
 2242      169D1174 
 2242      5880B58C 
 2242      0B680C02 
 2242      0E808B40 
 2243 cc87 06022B81 		.string	"\006\002+\201\205\354\004"
 2243      85EC0400 
 2244 cc8f 00       		.string	""
 2245 cc90 0233C934 		.string	"\0023\3114\306\237\204\033\376\025\241\013r\375A\306"
 2245      C69F841B 
 2245      FE15A10B 
 2245      72FD41C6 
 2245      00
 2246 cca1 9EC02044 		.string	"\236\300 D\030\214\013\241\213\3508\2015\344\265\3508C\310\216\033\f\013o\350o\b\200\213\
 2246      188C0BA1 
 2246      8BE83881 
 2246      35E4B5E8 
 2246      3843C88E 
 2247 ccd7 C6800481 		.string	"\306\200\004\201\021\001\006"
 2247      11010600 
 2248 ccdf 168004E1 		.string	"\026\200\004\341 \001F"
 2248      20014600 
 2249 cce7 168004E1 		.string	"\026\200\004\341 \001\206"
 2249      20018600 
 2250 ccef 168004E1 		.string	"\026\200\004\341 \001\306"
 2250      2001C600 
 2251 ccf7 168004E1 		.string	"\026\200\004\341 @\006"
 2251      20400600 
 2252 ccff 168004E1 		.string	"\026\200\004\341 @F"
 2252      20404600 
 2253 cd07 168004E1 		.string	"\026\200\004\341 @\206"
 2253      20408600 
 2254 cd0f 168004E1 		.string	"\026\200\004\341 @\306"
 2254      2040C600 
 2255 cd17 168004E1 		.string	"\026\200\004\341 A\006"
 2255      20410600 
 2256 cd1f 168004E1 		.string	"\026\200\004\341 AF"
 2256      20414600 
 2257 cd27 168004E1 		.string	"\026\200\004\341 A\206"
 2257      20418600 
 2258 cd2f 168004E1 		.string	"\026\200\004\341 A\306"
 2258      2041C600 
 2259 cd37 168004E1 		.string	"\026\200\004\341 "
 2259      2000
 2260 cd3d 0600     		.string	"\006"
 2261 cd3f 168004E1 		.string	"\026\200\004\341$"
 2261      2400
 2262 cd45 4600     		.string	"F"
 2263 cd47 168004E1 		.string	"\026\200\004\341$"
 2263      2400
 2264 cd4d 8600     		.string	"\206"
 2265 cd4f 168004E1 		.string	"\026\200\004\341$\335\223\200\026be"
 2265      24DD9380 
 2265      16626500 
 2266 cd5b 09024640 		.string	"\t\002F@\025\004\024\341L\210\t\2011D \204( /\363\354\3414@\206\203\021\004&"
 2266      150414E1 
 2266      4C880981 
 2266      31442084 
 2266      28202FF3 
 2267 cd79 168004E1 		.string	"\026\200\004\3414@F"
 2267      34404600 
 2268 cd81 168004E1 		.string	"\026\200\004\341L\001\006\2106\200$\210\026\200$"
 2268      4C010688 
 2268      36802488 
 2268      16802400 
 2269 cd91 368004E1 		.string	"6\200\004\3414@\006"
 2269      34400600 
 2270 cd99 168004E1 		.string	"\026\200\004\341L"
 2270      4C00
 2271 cd9f 86430600 		.string	"\206C\006"
 2272 cda3 048016E0 		.string	"\004\200\026\340"
 2272      00
 2273 cda8 C1C3DD93 		.string	"\301\303\335\223h\005"
 2273      680500
 2274 cdaf 1B00     		.string	"\033"
 2275 cdb1 2BC00AC0 		.string	"+\300\n\300\nh\001h\025"
 2275      0A680168 
 2275      1500
 2276 cdbb 3B00     		.string	";"
 2277 cdbd 4BC00A40 		.string	"K\300\n@\nh\t"
 2277      0A680900 
 2278 cdc5 2BE01740 		.string	"+\340\027@\nh\r"
 2278      0A680D00 
 2279 cdcd 5BA41F40 		.string	"[\244\037@\nh\021\200\036\3407(/\340'\202.\252?\335\223\300>\372\004^e\354\020\f\360t\034
 2279      0A681180 
 2279      1EE03728 
 2279      2FE02782 
 2279      2EAA3FDD 
 2280 ce19 1AE14CE1 		.string	"\032\341L\3418D\006\210D\2344"
 2280      38440688 
 2280      449C3400 
 2281 ce25 1CC21946 		.string	"\034\302\031F\001\241\001@+l\035\020\026\203\021\210\004\203\021A\366"
 2281      01A10140 
 2281      2B6C1D10 
 2281      16831188 
 2281      04831141 
 2282 ce3b 665418E0 		.string	"fT\030\340<{\330\357\240\034\004\350\024M\030\201\021\250\361\350\b\360\004\037\f\366\204
 2282      3C7BD8EF 
 2282      A01C04E8 
 2282      144D1881 
 2282      11A8F1E8 
 2283 ce89 1AE14CE1 		.string	"\032\341L\3418F\206\214T\210D"
 2283      3846868C 
 2283      54884400 
 2284 ce95 1CC41948 		.string	"\034\304\031H\001\243\001@+l\035\024\026\203\021\214\004\201\021\210\004\200\026g\315"
 2284      01A30140 
 2284      2B6C1D14 
 2284      1683118C 
 2284      04811188 
 2285 ceaf 19C819C0 		.string	"\031\310\031\300-g\315@\021\203\021@-\350\bI\210\037\f\230\361\013\374\360\004\274\364\36
 2285      2D67CD40 
 2285      11831140 
 2285      2DE80849 
 2285      881F0C98 
 2286 cf75 16F3F4E0 		.string	"\026\363\364\340 \002&Cx\230\004A\366\350\b\203\021`<\357\240I\310\037\f\250\361\017\374\
 2286      20022643 
 2286      78980441 
 2286      F6E80883 
 2286      11603CEF 
 2287 d00b 169804E0 		.string	"\026\230\004\340\020\350\004~\350\200\030\234\004\340\204B\n\001\006\206\005\004\006a\230
 2287      10E8047E 
 2287      E880189C 
 2287      04E08442 
 2287      0A010686 
 2288 d03d 16F3F4E0 		.string	"\026\363\364\340 \0026}8\230\004\234\004\350\004@\n\200\b\212\005\340\210a\230\001\006\34
 2288      2002367D 
 2288      3898049C 
 2288      04E80440 
 2288      0A80088A 
 2289 d077 168004E1 		.string	"\026\200\004\3418B\020\200\030\200\026\363\354"
 2289      38421080 
 2289      188016F3 
 2289      EC00
 2290 d085 1B9804C0 		.string	"\033\230\004\300\025n\t\374\230\002\024n\t@\023\0026@\025z\230\340@L8\350\004A\366\357\34
 2290      156E09FC 
 2290      9802146E 
 2290      09401302 
 2290      3640157A 
 2291 d129 16F3F8E0 		.string	"\026\363\370\340\020\002Fu\330\230\004\030\004\350\004\340\fB\226\350\004Lh\200\030\234\0
 2291      10024675 
 2291      D8980418 
 2291      04E804E0 
 2291      0C4296E8 
 2292 d169 16F3F4E0 		.string	"\026\363\364\340\fB\246J\270\230\004\030\004\350\004\340 \002F\350\004s\210\200\030\234\0
 2292      0C42A64A 
 2292      B8980418 
 2292      04E804E0 
 2292      200246E8 
 2293 d1a9 16F3ECE0 		.string	"\026\363\354\340\fB\266H\270\230\004\030\004\350\004\340@\002F\350\004q\210\200\030\234\0
 2293      0C42B648 
 2293      B8980418 
 2293      04E804E0 
 2293      400246E8 
 2294 d1e9 16F3DCE0 		.string	"\026\363\334\340\200\002Fo\330\230\004\030\004\350\004\340\fB\306\350\004Fh\200\030\234\0
 2294      8002466F 
 2294      D8980418 
 2294      04E804E0 
 2294      0C42C6E8 
 2295 d229 16F3BCE1 		.string	"\026\363\274\341"
 2295      00
 2296 d22e 02466DD8 		.string	"\002Fm\330\230\004\030\004\350\004\340\fB\326\350\004Dh\200\030\234\004\340\224B\n\001\00
 2296      98041804 
 2296      E804E00C 
 2296      42D6E804 
 2296      44688018 
 2297 d25d 048C088C 		.string	"\004\214\b\214\006\374\224\200\030\210\004\363|B\020\002F"
 2297      06FC9480 
 2297      188804F3 
 2297      7C421002 
 2297      4600
 2298 d26f 169804E2 		.string	"\026\230\004\342"
 2298      00
 2299 d274 E8046BC8 		.string	"\350\004k\310B\346\030\004BX\340\f\234\004\350\004B\n\200\030\206\305\340\230a\230\001\00
 2299      42E61804 
 2299      4258E00C 
 2299      9C04E804 
 2299      420A8018 
 2300 d2a3 0488048C 		.string	"\004\210\004\214\006B\020\200\030"
 2300      06421080 
 2300      1800
 2301 d2ad 16F2FCE4 		.string	"\026\362\374\344"
 2301      00
 2302 d2b2 024669B8 		.string	"\002Fi\270\230\004\030\004\350\004\340\fB\366\350\004@H"
 2302      98041804 
 2302      E804E00C 
 2302      42F6E804 
 2302      404800
 2303 d2c5 00       		.string	""
 2304 d2c6 9C04820D 		.string	"\234\004\202\r\377\021"
 2304      FF1100
 2305 d2cd C686B580 		.string	"\306\206\265\200\024\341<\004$\204(\204&\374\234\200\030\200\004\361\374B\020\003\006"
 2305      14E13C04 
 2305      24842884 
 2305      26FC9C80 
 2305      188004F1 
 2306 d2e7 16842AE1 		.ascii	"\026\204*\341\230\004$\230\004"
 2306      98042498 
 2306      04
 2307 d2f0 042CFCB8 		.string	"\004,\374\270\350"
 2307      E800
 2308 d2f6 0246E804 		.string	"\002F\350\004g\250C\006\030\004\177\230\340\fA\366\350"
 2308      67A84306 
 2308      18047F98 
 2308      E00C41F6 
 2308      E800
 2309 d308 8311603C 		.string	"\203\021`<\357\234m\250\037\f\250\361\017\374\360\004\274\364\366\204\301S\375d\372\004^e
 2309      EF9C6DA8 
 2309      1F0CA8F1 
 2309      0FFCF004 
 2309      BCF4F684 
 2310 d36b 24040C83 		.string	"$\004\f\203!\224&\213\021\200f\214\004c\230\234\004\234\004\350\004\357\340q(`<A\366i\270
 2310      2194268B 
 2310      1180668C 
 2310      0463989C 
 2310      049C04E8 
 2311 d45d 86E80480 		.string	"\206\350\004\200\030\357\334\370\300\002\n\200\030\200\345\360\300B\020\340\200\002\n\234
 2311      18EFDCF8 
 2311      C0020A80 
 2311      1880E5F0 
 2311      C04210E0 
 2312 d481 19E08480 		.string	"\031\340\204\200\030\300p\363\334B\020\234\004\200\026l\025"
 2312      18C070F3 
 2312      DC42109C 
 2312      0480166C 
 2312      1500
 2313 d493 19420AC0 		.string	"\031B\n\300+\204E\340\204h\004Z\210\340\020\002vh\330\234\004\234\004\357\344n\t"
 2313      2B8445E0 
 2313      8468045A 
 2313      88E01002 
 2313      7668D89C 
 2314 d4af 1B4210C0 		.string	"\033B\020\300\025\300\375s\375n\t@\023\001F\300\025\203\021a@"
 2314      15C0FD73 
 2314      FD6E0940 
 2314      130146C0 
 2314      15831161 
 2315 d4c5 16800400 		.string	"\026\200\004"
 2316 d4c9 668311E0 		.string	"f\203\021\340<A\366\357\234_\210\037\f\250\361\017\374\360\004\274\364\366\204\301S\375d\
 2316      3C41F6EF 
 2316      9C5F881F 
 2316      0CA8F10F 
 2316      FCF004BC 
 2317 d505 1CC18340 		.string	"\034\301\203@"
 2317      00
 2318 d50a E2C00206 		.string	"\342\300\002\006\177"
 2318      7F00
 2319 d510 840EE19C 		.string	"\204\016\341\234\343@"
 2319      E34000
 2320 d517 1C614C41 		.string	"\034aLA\006\341@B\306\2611"
 2320      06E14042 
 2320      C6B13100 
 2321 d523 04834104 		.string	"\004\203A\004$l\035@1\bF\300+\204\024\201!\221\021\004&\350\004U\250\037\f\230\361\013\37
 2321      246C1D40 
 2321      310846C0 
 2321      2B841481 
 2321      21911104 
 2322 d56d 1CC18340 		.string	"\034\301\203@"
 2322      00
 2323 d572 E2C00206 		.string	"\342\300\002\006\177"
 2323      7F00
 2324 d578 840EE19C 		.string	"\204\016\341\234\343@"
 2324      E34000
 2325 d57f 1C614C4F 		.string	"\034aLO\006\3414B\306\263!\034\004M\306\004\024@!\341\230\300+l\035\030\026\204\030Rx\223
 2325      06E13442 
 2325      C6B3211C 
 2325      044DC604 
 2325      144021E1 
 2326 d5f5 46980683 		.string	"F\230\006\203\021aD\201!"
 2326      11614481 
 2326      2100
 2327 d5ff 048016A8 		.string	"\004\200\026\250\361\037\f\200&\017\374\360\004\274\364\366\204\301S\375d\372\004\004Lh"
 2327      F11F0C80 
 2327      260FFCF0 
 2327      04BCF4F6 
 2327      84C153FD 
 2328 d61a 5EE8A10B 		.string	"^\350\241\013\200k\300"
 2328      806BC000 
 2329 d622 1D486329 		.string	"\035Hc)\f9@N@-\300\020l\335c!\f\031\f)\300-\300-c%a\204\b4Tx\2029\202Io\234\033\370\241\0
 2329      0C39404E 
 2329      402DC010 
 2329      6CDD6321 
 2329      0C190C29 
 2330 d650 402D6339 		.string	"@-c9l\345@\016\f\031\300\020\300-c1c5\f)\b4\300-\2029a\204o\234S(\241\013\202I\300"
 2330      6CE5400E 
 2330      0C19C010 
 2330      C02D6331 
 2330      63350C29 
 2331 d676 1AA86349 		.string	"\032\250cI\f9\001\016@-\300\020l\355cA\f\031\f)\300-\300-cEa\204\b4Q\330\2029\202Io\234\0
 2331      0C39010E 
 2331      402DC010 
 2331      6CED6341 
 2331      0C190C29 
 2332 d6a4 401669A9 		.string	"@\026i\251l\371\001\316\f\031\300\020\300-cYc]\f)\b4\300-\2029a\204o\234P\210\241\013\202
 2332      6CF901CE 
 2332      0C19C010 
 2332      C02D6359 
 2332      635D0C29 
 2333 d6ca 18086371 		.string	"\030\bcq\f9A\316@-\300\020m\tca\f\031\f)\300-\300-cea\204\b4O8\2029\202Io\234\026\270\241
 2333      0C3941CE 
 2333      402DC010 
 2333      6D096361 
 2333      0C190C29 
 2334 d6f8 402D63A9 		.string	"@-c\251m1@\016\f\031\300\020\300-c\241c\245\f)\b4\300-\2029a\204o\234M\350\241\013\202I\3
 2334      6D31400E 
 2334      0C19C010 
 2334      C02D63A1 
 2334      63A50C29 
 2335 d71e 156863D9 		.string	"\025hc\331\f9@\016@-\300\020m9c\321\f\031\f)\300-\300-c\325a\204\b4L\230\2029\202Io\234\0
 2335      0C39400E 
 2335      402DC010 
 2335      6D3963D1 
 2335      0C190C29 
 2336 d74c 402D6409 		.string	"@-d\tmA\001N\f\031\300\020\300-d\001d\005\f)\b4\300-\2029a\204o\234KH\241\013\202I\300"
 2336      6D41014E 
 2336      0C19C010 
 2336      C02D6401 
 2336      64050C29 
 2337 d772 12C86439 		.string	"\022\310d9\f9@N@-\300\020mMd1\f\031\f)\300-\300-d5J\030\2029\206Ko\234\021\230\241\013\f9
 2337      0C39404E 
 2337      402DC010 
 2337      6D4D6431 
 2337      0C190C29 
 2338 d79c 402D6469 		.string	"@-dimU"
 2338      6D5500
 2339 d7a3 CE0C19C0 		.string	"\316\f\031\300\020\300-dade\f)\b4\300-\2029a\204o\234H\310\241\013\202I\300"
 2339      10C02D64 
 2339      6164650C 
 2339      290834C0 
 2339      2D823961 
 2340 d7c2 10486F9C 		.string	"\020Ho\234OHA\366\201\001\203\021`<\357\234G\210c)\f\t\003\306@-\204\024\3418\202\t\307\0
 2340      4F4841F6 
 2340      81018311 
 2340      603CEF9C 
 2340      47886329 
 2341 d825 26A22FE1 		.string	"&\242/\3418A\306\f+\200\024\300\026i\251\313'\2048F0\202)\244?\363\370\200\024\2046i\251\
 2341      3841C60C 
 2341      2B8014C0 
 2341      1669A9CB 
 2341      27843846 
 2342 d86d 8600     		.string	"\206"
 2343 d86f 260C19E1 		.string	"&\f\031\341<\300-ci"
 2343      3CC02D63 
 2343      6900
 2344 d879 168004E1 		.string	"\026\200\004\341<\001Fd\341\f\025\200\004\300\013\001\206"
 2344      3C014664 
 2344      E10C1580 
 2344      04C00B01 
 2344      8600
 2345 d88b 1E0C15E1 		.string	"\036\f\025\341<\300\013d\345"
 2345      3CC00B64 
 2345      E500
 2346 d895 1E8004E1 		.string	"\036\200\004\341<\003\306c\251\f\t\204\024\300-\202\t\305\007B\006\004\006\f\t\341<\300-c
 2346      3C03C663 
 2346      A90C0984 
 2346      14C02D82 
 2346      09C50742 
 2347 d8cb 1E0C15E1 		.string	"\036\f\025\341<\300\013d\361"
 2347      3CC00B64 
 2347      F100
 2348 d8d5 1E8004E1 		.string	"\036\200\004\341<CFc\331\f\t\204\024\300-\202\t\305\007C\206\004\006\f\t\341<\300-c\331\3
 2348      3C434663 
 2348      D90C0984 
 2348      14C02D82 
 2348      09C50743 
 2349 d8ff 4664F90C 		.string	"Fd\371\f\025\200\004\300\013"
 2349      158004C0 
 2349      0B00
 2350 d909 8600     		.string	"\206"
 2351 d90b 1E0C15E1 		.string	"\036\f\025\341@\300\013d\375"
 2351      40C00B64 
 2351      FD00
 2352 d915 1E8004E1 		.string	"\036\200\004\341@\002\306d\t\f\t\204\024\300-\202\t\305\007\003\006\004\006\f\t\341@\300-
 2352      4002C664 
 2352      090C0984 
 2352      14C02D82 
 2352      09C50703 
 2353 d94b 1E0C15E1 		.string	"\036\f\025\341@\300\013e\t"
 2353      40C00B65 
 2353      0900
 2354 d955 1E8004E1 		.string	"\036\200\004\341@BFd9\f\t\204\024\300-\202\t\305\007B\206\004\006\f\t\341@\300-d9\307\007
 2354      40424664 
 2354      390C0984 
 2354      14C02D82 
 2354      09C50742 
 2355 d98b 1E0C15E1 		.string	"\036\f\025\341@\300\013e\025"
 2355      40C00B65 
 2355      1500
 2356 d995 1E8004E1 		.string	"\036\200\004\341@C\306di\f\t\204\024\300-\202\t\305\007\002\006\004\006\f\t\341D\300-di\3
 2356      4043C664 
 2356      690C0984 
 2356      14C02D82 
 2356      09C50702 
 2357 d9e4 F2040C4C 		.string	"\362\004\fL\201\001\335\223\362\004\fL\301\303\335\223\372"
 2357      8101DD93 
 2357      F2040C4C 
 2357      C1C3DD93 
 2357      FA00
 2358 d9f6 040C0C09 		.string	"\004\f\f\t\200k\300-c!c%\f\031z\330\300-\241\013\357\230\f\t\2245\300-c1c5\f\031z8\300-\2
 2358      806BC02D 
 2358      63216325 
 2358      0C197AD8 
 2358      C02DA10B 
 2359 dab4 64610C09 		.ascii	"da\f\t\f\031\300-\300-de"
 2359      0C19C02D 
 2359      C02D6465 
 2360 dac0 F200     		.string	"\362"
 2361 dac2 0C0CFF98 		.string	"\f\f\377\2304\350\372\200"
 2361      34E8FA80 
 2361      00
 2362 dacb 0C6C1D00 		.string	"\fl\035"
 2363 dacf 294038C0 		.string	")@8\300+\243\013\357\354A\366\202U\201\021`<\357\230o\b\362\200\b\f\377\3309\350\362\200\
 2363      2BA30BEF 
 2363      EC41F682 
 2363      55811160 
 2363      3CEF986F 
 2364 db34 E800     		.string	"\350"
 2365 db36 5B886004 		.string	"[\210`\004BFW8\203!\214\013h0\201\201\034\b\363\370@"
 2365      42465738 
 2365      83218C0B 
 2365      68308181 
 2365      1C08F3F8 
 2366 db4c 9C089C06 		.string	"\234\b\234\006\363\364@"
 2366      F3F44000 
 2367 db54 4E819C06 		.string	"N\201\234\006\f\013\3400\300\025n\ts\375@"
 2367      0C0BE030 
 2367      C0156E09 
 2367      73FD4000 
 2368 db64 4C03C0FD 		.string	"L\003\300\375@\025n\t@\370\214\013u\370\350 \214\013o\350aD"
 2368      40156E09 
 2368      40F88C0B 
 2368      75F8E820 
 2368      8C0B6FE8 
 2369 db7b C6E000   		.string	"\306\340"
 2370 db7e 424600   		.string	"BF"
 2371 db81 868004E1 		.string	"\206\200\004\341D\001\206"
 2371      44018600 
 2372 db89 86800458 		.string	"\206\200\004X\270\214\013\f\f\350"
 2372      B88C0B0C 
 2372      0CE800
 2373 db94 3478F20C 		.string	"4x\362\fBV\377\330\214\013`"
 2373      4256FFD8 
 2373      8C0B6000 
 2374 dba0 E800     		.string	"\350"
 2375 dba2 58286E09 		.string	"X(n\t\f\013\002\006@\025\377\300`\001\374\230"
 2375      0C0B0206 
 2375      4015FFC0 
 2375      6001FC98 
 2375      00
 2376 dbb3 046E094C 		.string	"\004n\tL\003A\306@\025\300 r\375\002\017\200\004r\301\002\006"
 2376      0341C640 
 2376      15C02072 
 2376      FD020F80 
 2376      0472C102 
 2377 dbc9 04C02004 		.string	"\004\300 \004\016\374\304r\301\002\006\214\013\300 \362\f\f\f\377\3302\350\372"
 2377      0EFCC472 
 2377      C102068C 
 2377      0BC020F2 
 2377      0C0C0CFF 
 2378 dbe2 040C8225 		.string	"\004\f\202%\241\033o\230f\310@\006\203\021\f\f\372\002\335\223\362"
 2378      A11B6F98 
 2378      66C84006 
 2378      83110C0C 
 2378      FA02DD93 
 2379 dbf8 7A024C06 		.string	"z\002L\006\340<A\366o\230f\b\214\013\201\021\362"
 2379      E03C41F6 
 2379      6F986608 
 2379      8C0B8111 
 2379      F200
 2380 dc0a 0C0CC1C3 		.string	"\f\f\301\303\335\223\372|\004L\022\006"
 2380      DD93FA7C 
 2380      044C1206 
 2380      00
 2381 dc17 6B14C6E0 		.string	"k\024\306\340\bWFa\024\020\206\341\020\201\001a<\201q\t\225l\035L\221\214\013@+\350"
 2381      08574661 
 2381      141086E1 
 2381      10810161 
 2381      3C817109 
 2382 dc36 44881415 		.string	"D\210\024\025\241\013\002\031\300"
 2382      A10B0219 
 2382      C000
 2383 dc40 8E75C000 		.string	"\216u\300"
 2384 dc44 6800     		.string	"h"
 2385 dc46 48C82814 		.string	"H\310(\024\214\013\204\030\241\013B\n\214\225\214%\340\204\216\033\f\013\350"
 2385      8C0B8418 
 2385      A10B420A 
 2385      8C958C25 
 2385      E0848E1B 
 2386 dc5e 4D08E0C8 		.string	"M\b\340\310"
 2386      00
 2387 dc63 0A62388A 		.string	"\nb8\212\265,\004\350\034\203!\201\021\225\021"
 2387      B52C04E8 
 2387      1C832181 
 2387      11951100 
 2388 dc73 1668304D 		.string	"\026h0M\210,\004\214\013\200\026\203\021\200\b\250\004\340\204@J@"
 2388      882C048C 
 2388      0B801683 
 2388      118008A8 
 2388      04E08440 
 2389 dc8a 1605C000 		.string	"\026\005\300"
 2390 dc8e 0206C000 		.string	"\002\006\300"
 2391 dc92 40118018 		.string	"@\021\200\030\240\004\363\334B\020\240\004\200\026B\020\200\030"
 2391      A004F3DC 
 2391      4210A004 
 2391      80164210 
 2391      801800
 2392 dca5 16F3BCE1 		.string	"\026\363\274\341\020"
 2392      1000
 2393 dcab C6801880 		.string	"\306\200\030\200\004"
 2393      0400
 2394 dcb1 16C219E0 		.string	"\026\302\031\340"
 2394      00
 2395 dcb6 4126E87D 		.string	"A&\350}\202q\fL\356\005\335\223\362|\372\f\004\fo\354z\310\016\026\200kB\306`\bLq\340\020
 2395      82710C4C 
 2395      EE05DD93 
 2395      F27CFA0C 
 2395      040C6FEC 
 2396 dce7 C6E12450 		.string	"\306\341$P\206\240\024\200\004\2048\200(\340\200FJDJ\204e\376%\340\214\357\354z\bl\035\f)
 2396      86A01480 
 2396      04843880 
 2396      28E08046 
 2396      4A444A84 
 2397 dd52 0E060C0C 		.string	"\016\006\f\f\216\013\335\223\362\f\372\f\004\fo\354v\b"
 2397      8E0BDD93 
 2397      F20CFA0C 
 2397      040C6FEC 
 2397      760800
 2398 dd65 26806B42 		.string	"&\200kB\206`\bL\001\340<@+l\035Ex\201!\214\013h0aD"
 2398      8660084C 
 2398      01E03C40 
 2398      2B6C1D45 
 2398      7881218C 
 2399 dd7f C6E12450 		.string	"\306\341$PF\240\024\200\004\2048\200(\340\200FJDJ\204\245\376%\340\214\357\354uHl\035\f)\
 2399      46A01480 
 2399      04843880 
 2399      28E08046 
 2399      4A444A84 
 2400 dde5 86817180 		.string	"\206\201q\200\004\341<\320\031\200\030\216\013"
 2400      04E13CD0 
 2400      1980188E 
 2400      0B00
 2401 ddf3 16F20C0C 		.string	"\026\362\f\f\f\301\303\335\223\372\034\004L\200k\002{\357\354p\350`\b"
 2401      0CC1C3DD 
 2401      93FA1C04 
 2401      4C806B02 
 2401      7BEFEC70 
 2402 de0b 36E00442 		.string	"6\340\004B&l\035L\001\201!@+h0@h"
 2402      266C1D4C 
 2402      01812140 
 2402      2B683040 
 2402      6800
 2403 de1d C68C0B52 		.string	"\306\214\013R\306aD\200\004\341$\200(\244\024FJ\2048\204\245\340\200\340\214DJp8\376%\f)\
 2403      C6614480 
 2403      04E12480 
 2403      28A41446 
 2403      4A843884 
 2404 de6b E5697D80 		.string	"\345i}\200"
 2404      00
 2405 de70 E000     		.string	"\340"
 2406 de72 5126900B 		.string	"Q&\220\013\200\245\362\034\fLn\030\335\223\f)\357\354@+l\035\340\b\016v`\b\002vb8\214\013
 2406      80A5F21C 
 2406      0C4C6E18 
 2406      DD930C29 
 2406      EFEC402B 
 2407 de9a 0E060C4C 		.string	"\016\006\fL\216\013\335\223\362\034o\245"
 2407      8E0BDD93 
 2407      F21C6FA5 
 2407      00
 2408 dea7 25A12BC0 		.string	"%\241+\300\013\232"
 2408      0B9A00
 2409 deae 5C08E06C 		.string	"\\\b\340l\002\n\004\315"
 2409      020A04CD 
 2409      00
 2410 deb7 259AA580 		.string	"%\232\245\200\005"
 2410      0500
 2411 debd 25A51B80 		.string	"%\245\033\200\013\n\r\204\004\004 \n\r@%\230\305\200\013"
 2411      0B0A0D84 
 2411      0404200A 
 2411      0D402598 
 2411      C5800B00 
 2412 ded1 25A71B80 		.string	"%\247\033\200\013\n\025\204\004\004 \n\025@%\226\205\200\013"
 2412      0B0A1584 
 2412      0404200A 
 2412      15402596 
 2412      85800B00 
 2413 dee5 25A91B80 		.string	"%\251\033\200\013\n\021\204\004\004 \n\021@%\224E\200\013"
 2413      0B0A1184 
 2413      0404200A 
 2413      11402594 
 2413      45800B00 
 2414 def9 25AB1B80 		.string	"%\253\033\200\013\n\031\204\004\004 \n\031@%\222\005\200\013"
 2414      0B0A1984 
 2414      0404200A 
 2414      19402592 
 2414      05800B00 
 2415 df0d 25AD1B80 		.string	"%\255\033\200\013\n\035\204\004\004 \n\035@%\216\305\200\013"
 2415      0B0A1D84 
 2415      0404200A 
 2415      1D40258E 
 2415      C5800B00 
 2416 df21 25AF1B80 		.string	"%\257\033\200\013\n!\204\004\004 \n!@%\214\205\200\013"
 2416      0B0A2184 
 2416      0404200A 
 2416      2140258C 
 2416      85800B00 
 2417 df35 25B11B80 		.string	"%\261\033\200\013\n%\204\004\004 \n%@%\212E\200\013"
 2417      0B0A2584 
 2417      0404200A 
 2417      2540258A 
 2417      45800B00 
 2418 df49 25B31B80 		.string	"%\263\033\200\013\n)\204\004\004 \n)@%\210\005\200\013\206\305\265\033"
 2418      0B0A2984 
 2418      0404200A 
 2418      29402588 
 2418      05800B86 
 2419 df61 25B71B80 		.string	"%\267\033\200\013\n-\204\004\004 \n-@%\204\205\200\013"
 2419      0B0A2D84 
 2419      0404200A 
 2419      2D402584 
 2419      85800B00 
 2420 df75 25A31B80 		.string	"%\243\033\200\013\n\t\204\004\004 \n\t@%\202E\200\013\374\004D\020\340t\004\n\203!\200\26
 2420      0B0A0984 
 2420      0404200A 
 2420      09402582 
 2420      45800BFC 
 2421 df99 25C00B40 		.string	"%\300\013@\013j\001d\001\006"
 2421      0B6A0164 
 2421      010600
 2422 dfa4 C627C0BA 		.string	"\306'\300\272D\206\0043F\025\340"
 2422      44860433 
 2422      4615E000 
 2423 dfb0 4206E034 		.string	"B\006\3404F\025\374\006"
 2423      4615FC06 
 2423      00
 2424 dfb9 15E038C0 		.string	"\025\3408\300\013j\001D\032\202\021@\025\341\n\300\013j\001"
 2424      0B6A0144 
 2424      1A821140 
 2424      15E10AC0 
 2424      0B6A0100 
 2425 dfcd 15A12B00 		.string	"\025\241+"
 2426 dfd1 0B0A0580 		.string	"\013\n\005\200"
 2426      00
 2427 dfd6 04060A01 		.string	"\004\006\n\001@%\002\020\200\013@\025\204\004\200\013\n\005\301\303\335\223o\245"
 2427      40250210 
 2427      800B4015 
 2427      8404800B 
 2427      0A05C1C3 
 2428 dfef 25A12BC0 		.string	"%\241+\300\013\232"
 2428      0B9A00
 2429 dff6 5C086B75 		.string	"\\\bku"
 2429      00
 2430 dffb 250600   		.string	"%\006"
 2431 dffe 400BC0BB 		.string	"@\013\300\273e\321\340"
 2431      65D1E000 
 2432 e006 4A868623 		.string	"J\206\206#\306'F\006\310\036"
 2432      C6274606 
 2432      C81E00
 2433 e011 45FC06C0 		.string	"E\374\006\300\013ku\230!J>JJ\202A@E\341\026\300\013ku"
 2433      0B6B7598 
 2433      214A3E4A 
 2433      4A824140 
 2433      45E116C0 
 2434 e029 35A15B00 		.string	"5\241["
 2435 e02d 0B0B7980 		.string	"\013\013y\200"
 2435      00
 2436 e032 08060B75 		.string	"\b\006\013u@E\0060\200\013@5\204\004"
 2436      40450630 
 2436      800B4035 
 2436      840400
 2437 e041 0B0B79F0 		.string	"\013\013y\360$\002\n\002\n\230\245\210\305\360\004\360\b\002\n\002\n\232e\212\205\360\f\3
 2437      24020A02 
 2437      0A98A588 
 2437      C5F004F0 
 2437      08020A02 
 2438 e080 00       		.string	""
 2439 e081 15DA00   		.string	"\025\332"
 2440 e084 C00B6CBD 		.string	"\300\013l\275\202\021\210$l\275@\025@%\300\013\300\013l\345"
 2440      82118824 
 2440      6CBD4015 
 2440      4025C00B 
 2440      C00B6CE5 
 2441 e099 15DD93C0 		.string	"\025\335\223\300\013l\301@\025\202\021\300\013l\301@\025\210\024\300\013l\351"
 2441      0B6CC140 
 2441      158211C0 
 2441      0B6CC140 
 2441      158814C0 
 2442 e0b1 15DD93C0 		.string	"\025\335\223\300\013l\311@\025\202\021\300\013l\311@\025\210\024\300\013l\361"
 2442      0B6CC940 
 2442      158211C0 
 2442      0B6CC940 
 2442      158814C0 
 2443 e0c9 15DD93C0 		.string	"\025\335\223\300\013l\325\202\021\210$l\325@\025@%\300\013\300\013l\375"
 2443      0B6CD582 
 2443      1188246C 
 2443      D5401540 
 2443      25C00BC0 
 2444 e0e1 15DD93C0 		.string	"\025\335\223\300\013l\331@\025\202\021\300\013l\331@\025\210\024\300\013m\001"
 2444      0B6CD940 
 2444      158211C0 
 2444      0B6CD940 
 2444      158814C0 
 2445 e0f9 15DD93C0 		.string	"\025\335\223\300\013l\335\202\021\210$l\335@\025@%\300\013\300\013m\005"
 2445      0B6CDD82 
 2445      1188246C 
 2445      DD401540 
 2445      25C00BC0 
 2446 e111 15DD93C0 		.string	"\025\335\223\300\013l\341@\025\202\021\300\013l\341@\025\210\024\300\013m\t"
 2446      0B6CE140 
 2446      158211C0 
 2446      0B6CE140 
 2446      158814C0 
 2447 e129 15DD93C0 		.string	"\025\335\223\300\013l\305\202\021\210$l\305@\025@%\300\013\300\013l\355"
 2447      0B6CC582 
 2447      1188246C 
 2447      C5401540 
 2447      25C00BC0 
 2448 e141 15DD93C0 		.string	"\025\335\223\300\013l\315\202\021\210$l\315@\025@%\300\013\300\013l\365"
 2448      0B6CCD82 
 2448      1188246C 
 2448      CD401540 
 2448      25C00BC0 
 2449 e159 35DD9340 		.string	"5\335\223@\013l\321`\025\002\n\2021\300\bl\321@5\2104\300\013l\371@5\204E\300\013`\025\00
 2449      0B6CD160 
 2449      15020A82 
 2449      31C0086C 
 2449      D1403588 
 2450 e181 15DA00   		.string	"\025\332"
 2451 e184 C00B6D0D 		.string	"\300\013m\r\202\021\210$m\r@\025@%\300\013\300\013m\025"
 2451      82118824 
 2451      6D0D4015 
 2451      4025C00B 
 2451      C00B6D15 
 2452 e199 15DD93C0 		.string	"\025\335\223\300\013m\021@\025\202\021\300\013m\021@\025\210\024\300\013m\031\301\303\335
 2452      0B6D1140 
 2452      158211C0 
 2452      0B6D1140 
 2452      158814C0 
 2453 e1b7 25A12BC0 		.string	"%\241+\300\013\232"
 2453      0B9A00
 2454 e1be 5C086D1D 		.string	"\\\bm\035"
 2454      00
 2455 e1c3 350800   		.string	"5\b"
 2456 e1c6 400BC0BD 		.string	"@\013\300\275dqm%"
 2456      64716D25 
 2456      00
 2457 e1cf 25C637C0 		.string	"%\3067\300\013\206C\002!m%@%\251!@\013B\006\322\036H\025\374\006"
 2457      0B864302 
 2457      216D2540 
 2457      25A92140 
 2457      0B4206D2 
 2458 e1e9 15E010C0 		.string	"\025\340\020\300\013m\035D\032\202\021@\025\341\n\300\013m\035"
 2458      0B6D1D44 
 2458      1A821140 
 2458      15E10AC0 
 2458      0B6D1D00 
 2459 e1fd 15A12B00 		.string	"\025\241+"
 2460 e201 0B0D2180 		.string	"\013\r!\200"
 2460      00
 2461 e206 04060D1D 		.string	"\004\006\r\035@%\002\020\200\013@\025\204\004\200\013\r!\301\303\335\223\372\004\004L\f\0
 2461      40250210 
 2461      800B4015 
 2461      8404800B 
 2461      0D21C1C3 
 2462 e241 208C2340 		.string	" \214#@\275g\301j8\251!@\006\357\220N\005\374\006\300\013m\311m\351\f\005\202\001\300\013
 2462      BD67C16A 
 2462      38A92140 
 2462      06EF904E 
 2462      05FC06C0 
 2463 e265 4A400B0C 		.string	"J@\013\f\005\370\034@\013\r\355\300"
 2463      05F81C40 
 2463      0B0DEDC0 
 2463      00
 2464 e272 02060DE9 		.string	"\002\006\r\351L\025"
 2464      4C1500
 2465 e279 00       		.string	""
 2466 e27a C00B4C05 		.string	"\300\013L\005\304\004\300\013\r\355\362\004\fL\301\303\335\223o\245"
 2466      C404C00B 
 2466      0DEDF204 
 2466      0C4CC1C3 
 2466      DD936FA5 
 2467 e28f 25       		.ascii	"%"
 2468 e290 A12BC00B 		.string	"\241+\300\013\232"
 2468      9A00
 2469 e296 5C086EB1 		.string	"\\\bn\261"
 2469      00
 2470 e29b 25863AC0 		.string	"%\206:\300\013\360\b\002K\030$\006Z\004\032\340\214"
 2470      0BF00802 
 2470      4B182406 
 2470      5A041AE0 
 2470      8C00
 2471 e2ad C3C42758 		.string	"\303\304'XS\200#\300\027m}myX\023X3\300\027\300\027mumqXCB\006\300\027D\025\374\006\300\0
 2471      538023C0 
 2471      176D7D6D 
 2471      79581358 
 2471      33C017C0 
 2472 e2d7 158211C0 		.string	"\025\202\021\300\013n\261@\025\002J@\013"
 2472      0B6EB140 
 2472      15024A40 
 2472      0B00
 2473 e2e5 15F81C40 		.string	"\025\370\034@\013\016\265\300"
 2473      0B0EB5C0 
 2473      00
 2474 e2ee 04060EB1 		.string	"\004\006\016\261@%\002\020\300\013@\025\304\004\300\013\016\265\301\303\335\223o\245"
 2474      40250210 
 2474      C00B4015 
 2474      C404C00B 
 2474      0EB5C1C3 
 2475 e307 25A12BC0 		.string	"%\241+\300\013\232"
 2475      0B9A00
 2476 e30e 5C086F19 		.string	"\\\bo\031"
 2476      00
 2477 e313 25C634C0 		.string	"%\3064\300\013`\220\b$"
 2477      0B609008 
 2477      2400
 2478 e31d 43C42748 		.string	"C\304'H5\200#\300\013o-H5\3044\300\013o)H5\2064\300\013o%H\025\204\024\300\013o!\374\006B
 2478      358023C0 
 2478      0B6F2D48 
 2478      35C434C0 
 2478      0B6F2948 
 2479 e349 15C00BC0 		.string	"\025\300\013\300\013o\031@\025\202\021@\013o\031\370\034\002J\017\035"
 2479      0B6F1940 
 2479      15821140 
 2479      0B6F19F8 
 2479      1C024A0F 
 2480 e35f 15040640 		.string	"\025\004\006@\013@%\300"
 2480      0B4025C0 
 2480      00
 2481 e368 C00B0F19 		.string	"\300\013\017\031\304\004\002\020\017\035@\025\335\223\300\013\372\f\004\faLM\006\341\230\
 2481      C4040210 
 2481      0F1D4015 
 2481      DD93C00B 
 2481      FA0C040C 
 2482 e38e 0AC60386 		.string	"\n\306\003\206\004\f\004.\341\230\341\230\003\306\002\206\004.@%\341\244@\013o\251\341"
 2482      040C042E 
 2482      E198E198 
 2482      03C60286 
 2482      042E4025 
 2483 e3aa 00       		.string	""
 2484 e3ab 46048600 		.string	"F\004\206"
 2485 e3af 1E083EE1 		.string	"\036\b>\341"
 2485      00
 2486 e3b4 66A10810 		.string	"f\241\b\020\002\020\300\277@\271g\361\341"
 2486      0210C0BF 
 2486      40B967F1 
 2486      E100
 2487 e3c2 0506944E 		.string	"\005\006\224N\230\004v\370\210\036\030\004\357\360@q\265q\300+l\035\357\364N\250B\306\030
 2487      980476F8 
 2487      881E1804 
 2487      EFF04071 
 2487      B571C02B 
 2488 e405 1C811150 		.string	"\034\201\021P\006\342\300\300"
 2488      06E2C0C0 
 2488      00
 2489 e40e 619900   		.string	"a\231"
 2490 e411 46200E56 		.string	"F \016V\030\341\234\240\004\357\224\343@"
 2490      18E19CA0 
 2490      04EF94E3 
 2490      4000
 2491 e41f 1C603C41 		.string	"\034`<A\366d\330\203\021\203\201o\224C\206\030\004\304\200`\025i\375@\025\003\226@\013\33
 2491      F664D883 
 2491      1183816F 
 2491      94438618 
 2491      04C48060 
 2492 e458 C1C3FFD5 		.string	"\301\303\377\325\372\f\004\fA\366"
 2492      FA0C040C 
 2492      41F600
 2493 e463 7B62D8E0 		.string	"{b\330\340<\201\021o\224\t\001\201aN\001\267\021@+l\031N\021\216\013@+l\035Q\030\203\021\
 2493      3C81116F 
 2493      94090181 
 2493      614E01B7 
 2493      11402B6C 
 2494 e4ce 8311C0FF 		.string	"\203\021\300\377r\375n\tN\003A\366@\025_\030\340<\241k\357\224\007\021\244\325M\330\216\0
 2494      72FD6E09 
 2494      4E0341F6 
 2494      40155F18 
 2494      E03CA16B 
 2495 e513 0AA00880 		.string	"\n\240\b\200\345\360\300@"
 2495      E5F0C040 
 2495      00
 2496 e51c E08000   		.string	"\340\200"
 2497 e51f 0A0E0B90 		.string	"\n\016\013\220U\300\025n\t\340\200@\n\016\t\216\005\300+l!\214u\247\013@J\240\b\212\345\3
 2497      55C0156E 
 2497      09E08040 
 2497      0A0E098E 
 2497      05C02B6C 
 2498 e57f 046E094E 		.string	"\004n\tN\003A\366@\025Y\270\340<\013\021\357\224H\230\216\013A8\357\374\201U\350\f\216\01
 2498      0341F640 
 2498      1559B8E0 
 2498      3C0B11EF 
 2498      9448988E 
 2499 e5fd 10400E4E 		.string	"\020@\016N\005\354\004\300\016`\365\370\025\241\013\303\023\301\203`<A\366UX\203\021"
 2499      05EC04C0 
 2499      0E60F5F8 
 2499      15A10BC3 
 2499      13C18360 
 2500 e619 64EF940C 		.string	"d\357\224\f\f\372\200\335\223\362\fl\031@\021\335\223\300+n\r"
 2500      0CFA80DD 
 2500      93F20C6C 
 2500      194011DD 
 2500      93C02B6E 
 2501 e62f 19A31BC0 		.string	"\031\243\033\3006\332"
 2501      36DA00
 2502 e636 5C086311 		.string	"\\\bc\021"
 2502      00
 2503 e63b 19A31BC0 		.string	"\031\243\033\3008"
 2503      3800
 2504 e641 2B82F540 		.string	"+\202\365@\025n\t\341L\003\306D \204\024\300\377r\361n\t@#\036\370\300\025\335\223\377\32
 2504      156E09E1 
 2504      4C03C644 
 2504      208414C0 
 2504      FF72F16E 
 2505 e667 6B00     		.string	"k"
 2506 e669 04E11483 		.string	"\004\341\024\203!\203q\304\031\200\030A\006"
 2506      218371C4 
 2506      19801841 
 2506      0600
 2507 e677 1600     		.string	"\026"
 2508 e679 04E12800 		.string	"\004\341("
 2509 e67d 768511E1 		.string	"v\205\021\341(@\006"
 2509      28400600 
 2510 e685 7680047C 		.string	"v\200\004|\330\214\013@F\350(\275\021a(\203!"
 2510      D88C0B40 
 2510      46E828BD 
 2510      11612883 
 2510      2100
 2511 e697 048C0B00 		.string	"\004\214\013"
 2512 e69b 76F2840C 		.string	"v\362\204\f\f\340(<(\372|\004LA\206"
 2512      0CE0283C 
 2512      28FA7C04 
 2512      4C418600 
 2513 e6ab 8B00     		.string	"\213"
 2514 e6ad 04E12803 		.string	"\004\341(\003\021\202{Vr\206k\025Fp\210\200\026\3414@\206\215%\203\021a(\201!"
 2514      11827B56 
 2514      72866B15 
 2514      46708880 
 2514      16E13440 
 2515 e6cb 0441C600 		.string	"\004A\306"
 2516 e6cf 768004E1 		.string	"v\200\004\341(\002\006"
 2516      28020600 
 2517 e6d7 167A58E0 		.string	"\026zX\340\020\220\013h(aD"
 2517      10900B68 
 2517      28614400 
 2518 e6e3 C6E12C02 		.string	"\306\341,\002F\204\024\200\004\2008\250$\241K\204H\210D\200\205\204u\245K\340\214F\n\2104
 2518      46841480 
 2518      048038A8 
 2518      24A14B84 
 2518      48884480 
 2519 e723 8600     		.string	"\206"
 2520 e725 04811180 		.string	"\004\201\021\200\004\201!A\306\030\016\200\004\341(\002\006"
 2520      04812141 
 2520      C6180E80 
 2520      04E12802 
 2520      0600
 2521 e737 167758E0 		.string	"\026wX\340\020\220\013h(aD"
 2521      10900B68 
 2521      28614400 
 2522 e743 C6E12C02 		.string	"\306\341,\002F\204\024\200\004\2008\250$\243K\204H\210D\200\205\204u\247K\340\214F\n\2104
 2522      46841480 
 2522      048038A8 
 2522      24A34B84 
 2522      48884480 
 2523 e796 040C6128 		.string	"\004\fa(BF\004\024\201a\004f\203!s\370\203\021@\006\350(\200\004\341(A\006"
 2523      42460414 
 2523      81610466 
 2523      832173F8 
 2523      83114006 
 2524 e7b3 668004E1 		.string	"f\200\004\341\024B\020\200\030\200\026\363\364\362"
 2524      14421080 
 2524      188016F3 
 2524      F4F200
 2525 e7c2 0C0CC1C3 		.string	"\f\f\301\303\335\223\340\030"
 2525      DD93E018 
 2525      00
 2526 e7cb 15E05000 		.string	"\025\340P"
 2527 e7cf 256127E0 		.string	"%a'\340\027p\001B\020@%\303"
 2527      17700142 
 2527      104025C3 
 2527      00
 2528 e7dc C0096E09 		.string	"\300\tn\t\340P"
 2528      E05000
 2529 e7e3 25FB8004 		.string	"%\373\200\004$\004\006$\037\303\300`\001n\r@\025"
 2529      24040624 
 2529      1FC3C060 
 2529      016E0D40 
 2529      1500
 2530 e7f5 15C009ED 		.string	"\025\300\t\355\027\340T\363\360B\020hA@\021"
 2530      17E054F3 
 2530      F0421068 
 2530      41401100 
 2531 e805 15C027DD 		.string	"\025\300'\335\027\340T\363\360B\020hE@\021"
 2531      17E054F3 
 2531      F0421068 
 2531      45401100 
 2532 e815 15C02740 		.string	"\025\300'@\021\340X\3008c\025\340X"
 2532      11E058C0 
 2532      386315E0 
 2532      5800
 2533 e823 15040604 		.string	"\025\004\006\004\037\303"
 2533      1FC300
 2534 e82a 60018121 		.string	"`\001\201!\005\033\200"
 2534      051B8000 
 2535 e832 02260315 		.string	"\002&\003\025@\021\002"
 2535      40110200 
 2536 e83a 00       		.string	""
 2537 e83b 388395E5 		.string	"8\203\225\345p\210!\0044\306;\3617b\021B1\2044\300'\306;\3417b\025B1\2044\300'\306;\3217b
 2537      70882104 
 2537      34C63BF1 
 2537      37621142 
 2537      318434C0 
 2538 e87c 81214001 		.string	"\201!@\001F;\203uB1\210!\300&mq\3417\2044B1\306;\300&mu\3217\2044B1\306;\300&my\306;\3054
 2538      463B8375 
 2538      42318821 
 2538      C0266D71 
 2538      E1378434 
 2539 e8bd 15C027E1 		.string	"\025\300'\341\027\341\204h\005@\021"
 2539      17E18468 
 2539      05401100 
 2540 e8c9 15C027F1 		.string	"\025\300'\361\027\341\210h\021@\021"
 2540      17E18868 
 2540      11401100 
 2541 e8d5 15C027E1 		.string	"\025\300'\341\027\341\210h\025@\021"
 2541      17E18868 
 2541      15401100 
 2542 e8e1 15C027FF 		.string	"\025\300'\377\027\341\214g\361@\021"
 2542      17E18C67 
 2542      F1401100 
 2543 e8ed 15C027F1 		.string	"\025\300'\361\027\341\214\360\374B\020g\341@\021"
 2543      17E18CF0 
 2543      FC421067 
 2543      E1401100 
 2544 e8fd 15C02700 		.string	"\025\300'"
 2545 e901 25E18CE9 		.string	"%\341\214\351\027\341\214\236\031G'\244\037\240)g\355@\021"
 2545      17E18C9E 
 2545      194727A4 
 2545      1FA02967 
 2545      ED401100 
 2546 e915 15C02700 		.string	"\025\300'"
 2547 e919 25E18CE1 		.string	"%\341\214\341\027\341\214\236\031E'\244\037\240)g\351@\021"
 2547      17E18C9E 
 2547      194527A4 
 2547      1FA02967 
 2547      E9401100 
 2548 e92d 15C02700 		.string	"\025\300'"
 2549 e931 25E18CD1 		.string	"%\341\214\321\027\341\214D >\031$\037\360\200\340\004\004\006g\345@\021"
 2549      17E18C44 
 2549      203E1924 
 2549      1FF080E0 
 2549      04040667 
 2550 e949 15C02740 		.string	"\025\300'@\025\341\220\300\nn\351\341\374"
 2550      15E190C0 
 2550      0A6EE9E1 
 2550      FC00
 2551 e957 154013E1 		.string	"\025@\023\341\027\300\023l)\341\374"
 2551      17C0136C 
 2551      29E1FC00 
 2552 e963 156C2D40 		.string	"\025l-@\023"
 2552      1300
 2553 e969 15C013D1 		.string	"\025\300\023\321\027\342"
 2553      17E200
 2554 e970 68654011 		.string	"he@\021"
 2554      00
 2555 e975 15C02740 		.string	"\025\300'@\021\342"
 2555      11E200
 2556 e97c C0276869 		.string	"\300'hi\342\004"
 2556      E20400
 2557 e983 154011F1 		.string	"\025@\021\361\027\300'hm\342\004"
 2557      17C02768 
 2557      6DE20400 
 2558 e98f 154011E1 		.string	"\025@\021\341\027\300'hq\342\004"
 2558      17C02768 
 2558      71E20400 
 2559 e99b 154011D1 		.string	"\025@\021\321\027\300'hu\342\004"
 2559      17C02768 
 2559      75E20400 
 2560 e9a7 15687940 		.string	"\025hy@\021"
 2560      1100
 2561 e9ad 15C027F1 		.string	"\025\300'\361\027\342\bh}@\021\002"
 2561      17E20868 
 2561      7D401102 
 2561      00
 2562 e9ba 4027C002 		.string	"@'\300\002d1E4\201u\354\004\004 l)B5\241+\300\t\002"
 2562      64314534 
 2562      8175EC04 
 2562      04206C29 
 2562      4235A12B 
 2563 e9d2 FE354003 		.string	"\3765@\003d1\201\265\201!\204!\0044B3\3417\300\023hYB3\3054\300\023hU\345"
 2563      643181B5 
 2563      81218421 
 2563      04344233 
 2563      E137C013 
 2564 e9f2 048A0200 		.string	"\004\212\002"
 2565 e9f6 FC954003 		.string	"\374\225@\003g1\201u\211!\004 E4B5\354\004\300\nk\035\3765\241+gq"
 2565      67318175 
 2565      89210420 
 2565      45344235 
 2565      EC04C00A 
 2566 ea13 00       		.string	""
 2567 ea14 93114003 		.string	"\223\021@\003A$\201u\354\004\002\020`=@%\241\033\300\005]\223\3765\301\303\201\001\372"
 2567      41248175 
 2567      EC040210 
 2567      603D4025 
 2567      A11BC005 
 2568 ea32 040CEF4C 		.ascii	"\004\f\357L\002)\200\265\241+\357<\002)\226%\241+\3711\001!\201"
 2568      022980B5 
 2568      A12BEF3C 
 2568      02299625 
 2568      A12BF931 
 2569 ea49 51074158 		.ascii	"Q\007AXR\203\205LRx\f\202\303\370\220\374\030\030\311\221\301"
 2569      5283854C 
 2569      52780C82 
 2569      C3F890FC 
 2569      1818C991 
 2570 ea5e 582F     		.ascii	"X/"
 2571 ea60 440A81B5 		.string	"D\n\201\265\302'`\234s\371D \030\300@\001D \354\004\241\313\330t\202Q\374\265\341@\n\n\00
 2571      C227609C 
 2571      73F94420 
 2571      18C04001 
 2571      4420EC04 
 2572 eacb 298466C0 		.string	")\204f\300+\363\360F0\0066\3049\340\b\002\346\357\340\177\350\202U\241\013"
 2572      2BF3F046 
 2572      300636C4 
 2572      39E00802 
 2572      E6EFE07F 
 2573 eae5 56818580 		.string	"V\201\205\200\030\341\224\363\360B\020\200\026\302\031\214\013\201a\362"
 2573      18E194F3 
 2573      F0421080 
 2573      16C2198C 
 2573      0B8161F2 
 2574 eafa 0C0CC1C3 		.string	"\f\f\301\303\335\223\372"
 2574      DD93FA00 
 2575 eb02 040C0206 		.string	"\004\f\002\006"
 2575      00
 2576 eb07 6B4C38E2 		.string	"kL8\342\200Z\230\350,\214\013o\374E\366\001\021\f\013\340\f\\8\214;\241\013\357\374cx\202
 2576      805A98E8 
 2576      2C8C0B6F 
 2576      FC45F601 
 2576      110C0BE0 
 2577 eb42 0C0CC1C3 		.string	"\f\f\301\303\335\223\372\f\004\f\271\021"
 2577      DD93FA0C 
 2577      040CB911 
 2577      00
 2578 eb4f 6B682C4A 		.string	"kh,J\b\344\020\016`\201!)\021\216;\f\013\357\374Z(\241{\200{aX\200\305\214\013o\374\340"
 2578      08E4100E 
 2578      60812129 
 2578      118E3B0C 
 2578      0BEFFC5A 
 2579 eb72 1E086420 		.string	"\036\bd \020`\t!\205\021Y8\214\013\220;o\374\214\013"
 2579      10600921 
 2579      85115938 
 2579      8C0B903B 
 2579      6FFC8C0B 
 2580 eb87 7BEFFC60 		.string	"{\357\374`h\035\030\241{ \024\300"
 2580      681D18A1 
 2580      7B2014C0 
 2580      00
 2581 eb94 E1080E06 		.string	"\341\b\016\006\004\024\234\004\321\027a\300z\200\006\024\372\200\004$\2419\037)h"
 2581      04149C04 
 2581      D11761C0 
 2581      7A800614 
 2581      FA800424 
 2582 ebae 5C681C04 		.string	"\\h\034\004\211\021\341\024\003F\204\024\200\b\203\013\204\030\300"
 2582      8911E114 
 2582      03468414 
 2582      8008830B 
 2582      8418C000 
 2583 ebc2 1AE8E134 		.string	"\032\350\3414\001F\200\004\200\004\032x\251\013Z\024\200"
 2583      01468004 
 2583      80041A78 
 2583      A90B5A14 
 2583      8000
 2584 ebd4 E1444F06 		.string	"\341DO\006\004\024\234\004\361\027a\300z\200\006$\370|D\020x\200F0ZX\213\021\034\004\350"
 2584      04149C04 
 2584      F11761C0 
 2584      7A800624 
 2584      F87C4410 
 2585 ebf4 E14842C6 		.string	"\341HB\306\204\024\200\b\203\013\204\030\300"
 2585      84148008 
 2585      830B8418 
 2585      C000
 2586 ec02 18E84F46 		.string	"\030\350OFZ\024\234\004\341Da\240\004\024\372\200\002\024z\200\004$\370\200F\020\213\021?
 2586      5A149C04 
 2586      E14461A0 
 2586      0414FA80 
 2586      02147A80 
 2587 ec22 58C84306 		.string	"X\310C\006\034\004\200\b\341H\204\030\204\024\027X\203\013\fE\300"
 2587      1C048008 
 2587      E1488418 
 2587      84141758 
 2587      830B0C45 
 2588 ec38 02866010 		.string	"\002\206`\020\204\004\341H\341\340\004DD "
 2588      8404E148 
 2588      E1E00444 
 2588      442000
 2589 ec47 38C43DFB 		.string	"8\304=\373\374\341G\200\325\372\200\004D\200e\305=\204\004\200&\003\206"
 2589      FCE14780 
 2589      D5FA8004 
 2589      448065C5 
 2589      3D840480 
 2590 ec5f 088414E1 		.string	"\b\204\024\341H\203\013\204\030\300"
 2590      48830B84 
 2590      18C000
 2591 ec6a 15A8E010 		.string	"\025\250\340\020\f\005\340\270@\n\002F\204\205\325\007aH\206\t\004$\004\004\210\006\341H\
 2591      0C05E0B8 
 2591      400A0246 
 2591      8485D507 
 2591      61488609 
 2592 ec96 1448E010 		.string	"\024H\340\020\f\005\340\264@\n\002\006\204\205\321\007aH\206\t\004$\004\004\210\006\341H\
 2592      0C05E0B4 
 2592      400A0206 
 2592      8485D107 
 2592      61488609 
 2593 ecc2 12E8E010 		.string	"\022\350\340\020\f\005\340\260@\nC\306\204E\216\taD\210\006\204$\003\306\004\004\200\b\34
 2593      0C05E0B0 
 2593      400A43C6 
 2593      84458E09 
 2593      61448806 
 2594 ecea 11A8E010 		.string	"\021\250\340\020\f\005\340\224@\nB\006\204\005\307\007a\b\206\t\004$\004\004\210\006\341\
 2594      0C05E094 
 2594      400A4206 
 2594      8405C707 
 2594      61088609 
 2595 ed12 1068E014 		.string	"\020h\340\024\f\005\340\370@\n\002\306\204E\361\007aH\236\t\004$\004\004\210\006\341HB\00
 2595      0C05E0F8 
 2595      400A02C6 
 2595      8445F107 
 2595      61489E09 
 2596 ed3a 0F28E014 		.string	"\017(\340\024\f\005\340\364@\n\003\006\204E\351\007aH\236\t\004$\004\004\210\006\341HBF\2
 2596      0C05E0F4 
 2596      400A0306 
 2596      8445E907 
 2596      61489E09 
 2597 ed62 0DE8E014 		.string	"\r\350\340\024\f\005\340\360@\n\003F\204E\341\007aH\236\t\004$\004\004\210\006\341HB\206\
 2597      0C05E0F0 
 2597      400A0346 
 2597      8445E107 
 2597      61489E09 
 2598 ed8a 0CA8E014 		.string	"\f\250\340\024\f\005\340\264@\nC\206\206%\311\007a"
 2598      0C05E0B4 
 2598      400A4386 
 2598      8625C907 
 2598      6100
 2599 ed9c 84090424 		.string	"\204\t\004$F0\2108\240?\363\364\004\004\2106\341\024\003\306\204\024\200\b\204\030\303\00
 2599      46308838 
 2599      A03FF3F4 
 2599      04048836 
 2599      E11403C6 
 2600 edce 43860424 		.string	"C\206\004$\311\007\2108\202\t\363\370F0\2106\240?\003\306\004\004\200\b\341\024\204\030\2
 2600      C9078838 
 2600      8209F3F8 
 2600      46308836 
 2600      A03F03C6 
 2601 ee02 43460424 		.string	"CF\004$\305\007\2108\204\t\363\364F0\2106\240?\003\306\004\004\200\b\341\024\303\007\204\
 2601      C5078838 
 2601      8409F3F4 
 2601      46308836 
 2601      A03F03C6 
 2602 ee3c 82090424 		.string	"\202\t\004$F0\2108\240?\363\370\004\004\2106\341\024\003\306\204\024\200\b\305\027\204\03
 2602      46308838 
 2602      A03FF3F8 
 2602      04048836 
 2602      E11403C6 
 2603 ee70 88388424 		.string	"\2108\204$\363\364F0\2106\240?\003\306\004\004\200\b\341\024\204\030\204\024BJ\300\037\22
 2603      F3F44630 
 2603      8836A03F 
 2603      03C60404 
 2603      8008E114 
 2604 eea0 88388424 		.string	"\2108\204$\363\370F0\2106\240?\003\306\004\004\200\b\341\024\204\030\204\024B\n\300\037\2
 2604      F3F84630 
 2604      8836A03F 
 2604      03C60404 
 2604      8008E114 
 2605 ef00 81714300 		.string	"\201qC"
 2606 ef04 61C00414 		.string	"a\300\004\024\373\200\002\024n\tL%\242\017@\tn\rL\005\201\265\300\tl\035\f)Nf@+Bf\340\f\2
 2606      FB800214 
 2606      6E094C25 
 2606      A20F4009 
 2606      6E0D4C05 
 2607 ef43 48B85FE0 		.string	"H\270_\340\204\004%\247[\351\204\002D\206%\243[\206\245\245[\\\b\241[\304M\332"
 2607      840425A7 
 2607      5BE98402 
 2607      448625A3 
 2607      5B86A5A5 
 2608 ef60 A11B8065 		.string	"\241\033\200e\241\033\204\205\201\205\2065\202\345\241\033\\\b\243\033\304M\332"
 2608      A11B8485 
 2608      81858635 
 2608      82E5A11B 
 2608      5C08A31B 
 2609 ef78 C74D8255 		.string	"\307M\202U\232"
 2609      9A00
 2610 ef7e 5C08DD93 		.string	"\\\b\335\223\2006\202\005\304M\200\325\241\033\335\223\200&\200\026\201\021\307M\335\223\
 2610      80368205 
 2610      C44D80D5 
 2610      A11BDD93 
 2610      80268016 
 2611 efa7 8BEFF875 		.string	"\213\357\370u\310g\301\016\200CF@\256\001!\340\fwX\220\013\216;o\370\241\013\201\221\034\
 2611      C867C10E 
 2611      80434640 
 2611      AE0121E0 
 2611      0C775890 
 2612 efd8 0C4C9A9E 		.string	"\fL\232\236\335\223\362\034\372\204\004\fa\230O\006\034n\200k\341"
 2612      DD93F21C 
 2612      FA84040C 
 2612      61984F06 
 2612      1C6E806B 
 2613 efee 0206E828 		.string	"\002\006\350(e\b\214\013\034\024\350"
 2613      65088C0B 
 2613      1C14E800 
 2614 effa 40888C0B 		.string	"@\210\214\013\034\024\362\204\f\f\301\303\207e\372\204\004\f\200{\002k`\b@&eP\002pN\001\3
 2614      1C14F284 
 2614      0C0CC1C3 
 2614      8765FA84 
 2614      040C807B 
 2615 f023 600921C0 		.string	"`\t!\300\021j\230\2011"
 2615      116A9881 
 2615      3100
 2616 f02d 60E81840 		.string	"`\350\030@\021d!e\001\002p)!\300\211i\370\2011"
 2616      11642165 
 2616      01027029 
 2616      21C08969 
 2616      F8813100 
 2617 f041 60E81840 		.string	"`\350\030@\021dqea\002p!!\300\211iX\2011"
 2617      11647165 
 2617      61027021 
 2617      21C08969 
 2617      58813100 
 2618 f055 60E81840 		.string	"`\350\030@\021d\261e\241\002pE\006\300\211\2111`\030\362\204\f\f\340\030(\210\372|\004\f\
 2618      1164B165 
 2618      A1027045 
 2618      06C08989 
 2618      316018F2 
 2619 f07b 6B6E050C 		.string	"kn\005\f\t\243\013\3006\026\t\226u\300\004d\241\343\374"
 2619      09A30BC0 
 2619      36160996 
 2619      75C00464 
 2619      A1E3FC00 
 2620 f08f 0A0C0994 		.string	"\n\f\t\224\245@8c!\341\234N\n"
 2620      A5403863 
 2620      21E19C4E 
 2620      0A00
 2621 f09d 1A81810B 		.string	"\032\201\201\0138\340"
 2621      38E000
 2622 f0a4 C000     		.string	"\300"
 2623 f0a6 2001600C 		.string	" \001`\f"
 2623      00
 2624 f0ab 564C0196 		.string	"VL\001\226{@+l\035f\261\022`\024`\300\277@\300e!d\021"
 2624      7B402B6C 
 2624      1D66B112 
 2624      601460C0 
 2624      BF40C065 
 2625 f0c3 B002B0C0 		.string	"\260\002\260\300\021@\024daf!\026`\004`\300\256@\256e\241e\341\030p\t\276\300\037d\301\00
 2625      11401464 
 2625      61662116 
 2625      600460C0 
 2625      AE40AE65 
 2626 f10d 1AE19C07 		.string	"\032\341\234\007\270\340"
 2626      B8E000
 2627 f114 C000     		.string	"\300"
 2628 f116 2001600C 		.string	" \001`\f"
 2628      00
 2629 f11b 66656006 		.ascii	"fe`\006`L\001\300\330@+l\035\024\033\222\013M\230\216"
 2629      604C01C0 
 2629      D8402B6C 
 2629      1D141B92 
 2629      0B4D988E 
 2630 f12f 2B964B6F 		.string	"+\226Ko\300N\n\r\245@F\341\234CF`\bL\001\341L@+l\035d\021\004\260\030`\300\021@\256e\241d
 2630      C04E0A0D 
 2630      A54046E1 
 2630      9C434660 
 2630      084C01E1 
 2631 f230 400A6941 		.string	"@\niA\300\f\002ViEL#L3\300\n\300\niI\f\035\f)Dx\300+\020\013\317\340\f\f\370\361\335\223\
 2631      C00C0256 
 2631      69454C23 
 2631      4C33C00A 
 2631      C00A6949 
 2632 f2a3 8B00     		.string	"\213"
 2633 f2a5 8EE198E1 		.string	"\216\341\230\341"
 2633      00
 2634 f2aa 02066828 		.string	"\002\006h(O(\001\221\220\013\346\324T\006\203a\027\261\201q\t\305n\031\020\033"
 2634      4F280191 
 2634      900BE6D4 
 2634      54068361 
 2634      17B18171 
 2635 f2c5 64401580 		.string	"d@\025\200\037\350\244\220\005\241\033\3414C\206\204(\204\024\200\245\241+\200\037\204\03
 2635      1FE8A490 
 2635      05A11BE1 
 2635      34438684 
 2635      28841480 
 2636 f2ed 0AC01B41 		.string	"\n\300\033A\006c\374\200\024\341\230\004\224\200\345\220\013z\200\350"
 2636      0663FC80 
 2636      14E19804 
 2636      9480E590 
 2636      0B7A80E8 
 2637 f302 43286818 		.string	"C(h\030\201E\220\013o\374h\201\f\t\006\006@\033\f\024\3418\354\004\004\260"
 2637      8145900B 
 2637      6FFC6881 
 2637      0C090606 
 2637      401B0C14 
 2638 f31d 0A836110 		.string	"\n\203a\020\005\343\374\020\t\334("
 2638      05E3FC10 
 2638      09DC2800 
 2639 f329 2707E550 		.string	"'\007\345P\005\241{\300\nni\202U\204,\341\230A\006\220\013"
 2639      05A17BC0 
 2639      0A6E6982 
 2639      55842CE1 
 2639      98410690 
 2640 f33f 14EFFC69 		.string	"\024\357\374i\210a8\006\006\214\004\200{\002\221\200\274\204\261\210\241\340@\022\n\216\0
 2640      88613806 
 2640      068C0480 
 2640      7B029180 
 2640      BC84B188 
 2641 f37b 700280C0 		.string	"p\002\200\300\021@meqO\270\211!\2011h\030d!"
 2641      11406D65 
 2641      714FB889 
 2641      21813168 
 2641      18642100 
 2642 f38f 70028040 		.string	"p\002\200@\021\300me!\2011)!\350\030O\b`\210"
 2642      11C06D65 
 2642      21813129 
 2642      21E8184F 
 2642      08608800 
 2643 f3a3 64658002 		.string	"de\200\002\200\002%\300m\202\003|"
 2643      800225C0 
 2643      6D82037C 
 2643      00
 2644 f3b0 89310C13 		.string	"\2111\f\023a\035N%"
 2644      611D4E25 
 2644      00
 2645 f3b9 25C0014E 		.string	"%\300\001N%\340@@\001a!\340\030E\006\340\200"
 2645      25E04040 
 2645      016121E0 
 2645      184506E0 
 2645      8000
 2646 f3cb 0561254E 		.string	"\005a%N\005\002\t\300\001N\001\343"
 2646      050209C0 
 2646      014E01E3 
 2646      00
 2647 f3d8 C00464A1 		.string	"\300\004d\241c@\002\t\340\030C\006\346\206Bjd\245N\001\202\203@\004d\261"
 2647      63400209 
 2647      E0184306 
 2647      E686426A 
 2647      64A54E01 
 2648 f3f3 70028040 		.string	"p\002\200@\021\300ne\001\362\f\f\f\340\030\013\350\372<\004\f\025\306"
 2648      11C06E65 
 2648      01F20C0C 
 2648      0CE0180B 
 2648      E8FA3C04 
 2649 f40b 6B1060E1 		.string	"k\020`\341\240@Tf\321eA\022`(n\300Tga\016`\020\013\300\256\f+\222\033j8\216;\241\013\357\
 2649      A0405466 
 2649      D1654112 
 2649      60286EC0 
 2649      5467610E 
 2650 f441 00       		.string	""
 2651 f442 14259C00 		.string	"\024%\234"
 2652 f446 40801C00 		.string	"@\200\034"
 2653 f44a 42909C00 		.string	"B\220\234"
 2654 f44e 46708FCC 		.string	"Fp\217\314h\350n\211\f\025\241\013@\nn\215\f%\016\006@\n\f5\200"
 2654      68E86E89 
 2654      0C15A10B 
 2654      400A6E8D 
 2654      0C250E06 
 2655 f468 C00A6E91 		.string	"\300\nn\221n\225\fEL\023\300\n\300\ni=iAL#L3\300\n\300\niEiILC\202e\300\nl\035\f)\016V@+\
 2655      6E950C45 
 2655      4C13C00A 
 2655      C00A693D 
 2655      69414C23 
 2656 f4b3 1915C640 		.string	"\031\025\306@\025"
 2656      1500
 2657 f4b9 29E01040 		.string	")\340\020@\025aEB*\201\261"
 2657      15614542 
 2657      2A81B100 
 2658 f4c5 29E686C0 		.string	")\346\206\300\025b\021\372\200\002\024\004"
 2658      156211FA 
 2658      80021404 
 2658      00
 2659 f4d2 0B2EC066 		.string	"\013.\300ffI\004"
 2659      66490400 
 2660 f4da 7E2EC058 		.string	"~.\300XfQ\004"
 2660      66510400 
 2661 f4e2 7C2EC06B 		.string	"|.\300kfE\227\305\276.\360\214D\002oA\004y\345}\300\025\213$\202\325\346\212H:\360\220D\0
 2661      664597C5 
 2661      BE2EF08C 
 2661      44026F41 
 2661      0479E57D 
 2662 f51b 29A52BC0 		.string	")\245+\300+@\210\004D\300"
 2662      2B408804 
 2662      44C000
 2663 f526 0A16D080 		.string	"\n\026\320\200D\"\b\221\004\225\206\265\300\005`\204\004D\200#\203Qm!\004c\004T\300\f\317
 2663      44220891 
 2663      049586B5 
 2663      C0056084 
 2663      04448023 
 2664 f5b8 98530629 		.string	"\230S\006)\020d\204c\203a{"
 2664      10648463 
 2664      83617B00 
 2665 f5c4 858709C5 		.string	"\205\207\t\305\360-\224(TJ\200\225\220%\344\210\030$\214\"\206\311\341\364\004$\230#\205'
 2665      F02D9428 
 2665      544A8095 
 2665      9025E488 
 2665      18248C22 
 2666 f5e4 58221024 		.string	"X\"\020$\022\300\361\240\023\n\355\260\300\004du\325'\002\345m@\030\300\340\004RF`\246X\3
 2666      12C0F1A0 
 2666      130AEDB0 
 2666      C0046475 
 2666      D52702E5 
 2667 f622 13E64026 		.string	"\023\346@&X\312\300\004\023\006X\222\002\365\237\221\321\260f\246X\312\340\004RFn\301\030
 2667      58CAC004 
 2667      13065892 
 2667      02F59F91 
 2667      D1B066A6 
 2668 f64e 04D6C000 		.string	"\004\326\300"
 2669 f652 4A218431 		.string	"J!\2041\002a\202Q\bA\354\265\317m\006\264\353\245\303=\372\200\001\001\320U\f\f\260\361\3
 2669      02618251 
 2669      0841ECB5 
 2669      CF6D06B4 
 2669      EBA5C33D 
 2670 f67b 19A51BC0 		.string	"\031\245\033\3008"
 2670      3800
 2671 f681 199415C0 		.string	"\031\224\025\3008d\321\222u\241\033aA"
 2671      3864D192 
 2671      75A11B61 
 2671      4100
 2672 f68f 19813140 		.string	"\031\2011@\025aE"
 2672      15614500 
 2673 f697 29894140 		.string	")\211A@\025\346\206D*b\021"
 2673      15E68644 
 2673      2A621100 
 2674 f6a3 190795C0 		.string	"\031\007\225\300\025\372\200\004$p\260J\002\346\206X\312gA\nP\201a@W\230\203\205\205\360\
 2674      15FA8004 
 2674      2470B04A 
 2674      02E68658 
 2674      CA67410A 
 2675 f6dd 93869940 		.string	"\223\206\231@\034bm\020\204\222\203\205\207\373"
 2675      1C626D10 
 2675      84928385 
 2675      87FB00
 2676 f6ec 82D5928D 		.string	"\202\325\222\215jA\016\211"
 2676      6A410E89 
 2676      00
 2677 f6f5 99C01AC0 		.string	"\231\300\032\3008d\325\322\215\303\207\006A\016pNA\200k\202a\200"
 2677      3864D5D2 
 2677      8DC38706 
 2677      410E704E 
 2677      41806B82 
 2678 f70c 10641478 		.string	"\020d\024x\317\215\372\200\2021\364\265\372\200\0304\360\365\305\315\f\f\201\001\335\223\
 2678      CF8DFA80 
 2678      8231F4B5 
 2678      FA801834 
 2678      F0F5C5CD 
 2679 f72f 19FB3140 		.string	"\031\3731@\025aE"
 2679      15614500 
 2680 f737 29814140 		.string	")\201A@\025\346\206B*b\021"
 2680      15E68642 
 2680      2A621100 
 2681 f743 2909F5C0 		.string	")\t\365\300\025\372\200\002\024f\212Jzf@\f"
 2681      15FA8002 
 2681      14668A4A 
 2681      7A66400C 
 2681      00
 2682 f754 5862C058 		.string	"Xb\300X\030\311\360\224\300\004l\001\030\006+\313\206u\340\200\016y\200s\300\025oA\204\24
 2682      18C9F094 
 2682      C0046C01 
 2682      18062BCB 
 2682      8675E080 
 2683 f7a9 53E5C84A 		.string	"S\345\310J\301\202A\300\032bA\030d\203\205\r\na\364\300\003`|\214\303\206\311\373"
 2683      C18241C0 
 2683      1A624118 
 2683      6483850D 
 2683      0A61F4C0 
 2684 f7c6 18C485C7 		.string	"\030\304\205\307v\345a}\r\n\370\265\300\t\341|\f\304\214\303\373g}e\207\307\3450\030\300\
 2684      76E5617D 
 2684      0D0AF8B5 
 2684      C009E17C 
 2684      0CC48CC3 
 2685 f7fb 6B206EE1 		.string	"k n\341\230g\001\022`\003\025\300\224\f\013\201q\300\026f5`\200@J\340\020"
 2685      98670112 
 2685      600315C0 
 2685      940C0B81 
 2685      71C01666 
 2686 f817 065C00   		.string	"\006\\"
 2687 f81a 4060DC00 		.string	"@`\334"
 2688 f81e 4270CFDC 		.string	"Bp\317\334B\250\202qe\016\3420\016\n \024\372\365\f\f\214\013\201\025\362\234\372\004\004
 2688      42A88271 
 2688      650EE230 
 2688      0E0A2014 
 2688      FAF50C0C 
 2689 f841 0600     		.string	"\006"
 2690 f843 6B4C01E0 		.string	"kL\001\340\f@+l\035\341LAFd\201\016`\030`@\231\300\213da\004`>~\300\256f\241\006`"
 2690      0C402B6C 
 2690      1DE14C41 
 2690      4664810E 
 2690      60186040 
 2691 f867 04C09F67 		.string	"\004\300\237gae!\b`\n`@\242\300\243f\341b\030\274\316\241\013\357\310\016\006\002\245\f)\
 2691      61652108 
 2691      600A6040 
 2691      A2C0A366 
 2691      E16218BC 
 2692 f888 402B6C1D 		.string	"@+l\035\340\f\016V`\f\002VR\030\214\013\016\013\357\334\f\f\230\361\335\223\362\004\341\0
 2692      E00C0E56 
 2692      600C0256 
 2692      52188C0B 
 2692      0E0BEFDC 
 2693 f8a7 06800880 		.string	"\006\200\b\200\004\202\t]\223\372|\004\f\3540\036\360\201\001"
 2693      0482095D 
 2693      93FA7C04 
 2693      0CEC301E 
 2693      F0810100 
 2694 f8bb 8B6FF059 		.string	"\213o\360Y(\201q\201\021`\004G\306\020\005\200k@\tn\rea\004\200\020\025\300\255\300\nmIl\
 2694      28817181 
 2694      11600447 
 2694      C6100580 
 2694      6B40096E 
 2695 f925 00       		.string	""
 2696 f926 EFC4C080 		.string	"\357\304\300\200d\001\341\300\022\004o\314d\210\020\013\222\013k\330\222\033\020\013\357\
 2696      6401E1C0 
 2696      12046FCC 
 2696      6488100B 
 2696      920B6BD8 
 2697 f987 1C8004E1 		.string	"\034\200\004\341"
 2697      00
 2698 f98c C2198018 		.string	"\302\031\200\030"
 2698      00
 2699 f991 4600     		.string	"F"
 2700 f993 168004E1 		.string	"\026\200\004\341\004\320\031\200\030\220\013"
 2700      04D01980 
 2700      18900B00 
 2701 f99f 1660CD10 		.string	"\026`\315\020\025c\370\300\016\020\t\350 @8c\025\341\004\024\006\245\013\203!\016\221\020
 2701      1563F8C0 
 2701      0E1009E8 
 2701      20403863 
 2701      15E10414 
 2702 f9c1 05C11040 		.string	"\005\301\020@\021\300"
 2702      11C000
 2703 f9c8 89114000 		.string	"\211\021@"
 2704 f9cc 00       		.string	""
 2705 f9cd 16A80410 		.string	"\026\250\004\020\025\220\013\300\016`\321\350 bh\217a(\004"
 2705      15900BC0 
 2705      0E60D1E8 
 2705      2062688F 
 2705      61280400 
 2706 f9e1 66832110 		.string	"f\203!\020\025\220\013\300\016`\325\350 a\310\026v(\004"
 2706      15900BC0 
 2706      0E60D5E8 
 2706      2061C816 
 2706      76280400 
 2707 f9f5 B6E0044C 		.string	"\266\340\004LX\220\013Pu\350"
 2707      58900B50 
 2707      75E800
 2708 fa00 400E60ED 		.string	"@\016`\355Pu\241\013\300\016`\351`\361Pu\210\205\300\016\003F\374d\001\206\341\030\203\24
 2708      5075A10B 
 2708      C00E60E9 
 2708      60F15075 
 2708      8885C00E 
 2709 fa3b C680A680 		.string	"\306\200\246\200\004\350 f\b\357\314O\b\214\013\003\021\357\360L\250\230\361\016\013\362|
 2709      04E82066 
 2709      08EFCC4F 
 2709      088C0B03 
 2709      11EFF04C 
 2710 fab3 2660D110 		.string	"&`\321\020\025\220\013@\016\350 [H\203!(\004\220\013"
 2710      15900B40 
 2710      0EE8205B 
 2710      48832128 
 2710      04900B00 
 2711 fac7 6660D510 		.string	"f`\325\020\025Z\270\300\016\250\004\350 \220\013"
 2711      155AB8C0 
 2711      0EA804E8 
 2711      20900B00 
 2712 fad7 B6E800   		.string	"\266\350"
 2713 fada 45689015 		.string	"Eh\220\025\241\013`\345\020\005\202\221@\016`\355\020\025\202\001\300\016`\345P\005\202\0
 2713      A10B60E5 
 2713      10058291 
 2713      400E60ED 
 2713      10158201 
 2714 fb23 AB45D8FC 		.string	"\253E\330\374\004!\253\357\360>\224\200k\200"
 2714      0421ABEF 
 2714      F03E9480 
 2714      6B8000
 2715 fb32 0E061029 		.string	"\016\006\020)\357\025@+l\035\340\b\0026o\330|\310\0166\220\013"
 2715      EF15402B 
 2715      6C1DE008 
 2715      02366FD8 
 2715      7CC80E36 
 2716 fb49 ABE008FC 		.string	"\253\340\b\374\004\203\021\357\360D\210\200k!\253\016\006k\365\020\005\200"
 2716      048311EF 
 2716      F0448880 
 2716      6B21AB0E 
 2716      066BF510 
 2717 fb60 400E6105 		.string	"@\016a\005\341\030\003F`\341P\225P\225\300\016\300\016`\351\323\r|d\001\005P\225\276\224\
 2717      E1180346 
 2717      60E15095 
 2717      5095C00E 
 2717      C00E60E9 
 2718 fb86 040C60D9 		.string	"\004\f`\331"
 2718      00
 2719 fb8b 15812140 		.string	"\025\201!@\016h T\250"
 2719      0E682054 
 2719      A800
 2720 fb95 C6816103 		.string	"\306\201a\003\206aD\200\004\341"
 2720      86614480 
 2720      04E100
 2721 fba0 80288414 		.string	"\200(\204\024FJ\2048"
 2721      464A8438 
 2721      00
 2722 fba9 C5E09080 		.string	"\305\340\220\200"
 2722      00
 2723 fbae 0C16E08C 		.string	"\f\026\340\214DJ\214\013\374\345\362"
 2723      444A8C0B 
 2723      FCE5F200 
 2724 fbba 0C0CC1C3 		.string	"\f\f\301\303\335\223\372\034\004L\201\001"
 2724      DD93FA1C 
 2724      044C8101 
 2724      00
 2725 fbc7 6B6FF040 		.string	"ko\360@\310\201\201\201\021\001\206"
 2725      C8818181 
 2725      11018600 
 2726 fbd3 7B00     		.string	"{"
 2727 fbd5 04E118E0 		.string	"\004\341\030\340\004C\326l\035L\021\022\206@+\200\206\341<n\r\f\005\244\024\300\t\202\001
 2727      0443D66C 
 2727      1D4C1112 
 2727      86402B80 
 2727      86E13C6E 
 2728 fc00 00       		.string	""
 2729 fc01 06040680 		.string	"\006\004\006\200\024\341\004D \204(\204&\363\354\204(\200\024\362\374D \200\024\204&D \20
 2729      14E10444 
 2729      20842884 
 2729      26F3EC84 
 2729      288014F2 
 2730 fc2f 168004E1 		.string	"\026\200\004\341"
 2730      00
 2731 fc34 42108018 		.string	"B\020\200\030"
 2731      00
 2732 fc39 16F3F8E1 		.string	"\026\363\370\341\004"
 2732      0400
 2733 fc3f 46801880 		.string	"F\200\030\200\004\363\334B\020}\270\200\026\244\004\357\334\002\024\200\030\200\026\374\2
 2733      04F3DC42 
 2733      107DB880 
 2733      16A404EF 
 2733      DC021480 
 2734 fc67 C6808680 		.string	"\306\200\206\200\004\362\034\fL\301\303\335\223\372\004\004LC&"
 2734      04F21C0C 
 2734      4CC1C3DD 
 2734      93FA0404 
 2734      4C432600 
 2735 fc7b 6B0C01E0 		.string	"k\f\001\340\004\300+e\265l\035L\021@\n\300+\f\t\340\204\300+\005\251C\006\214\225\204\030
 2735      04C02B65 
 2735      B56C1D4C 
 2735      11400AC0 
 2735      2B0C09E0 
 2736 fcaa 00       		.string	""
 2737 fcab 8A0C1980 		.string	"\212\f\031\200\325\300&f\355\374\245\241\033\340\230@J\f\031\200\305\300,l\375\202e\241\0
 2737      D5C02666 
 2737      EDFCA5A1 
 2737      1BE09840 
 2737      4A0C1980 
 2738 fcda 4046E094 		.string	"@F\340\224@\n\005\251\f\t\002`"
 2738      400A05A9 
 2738      0C090260 
 2738      00
 2739 fce7 2B80AD05 		.string	"+\200\255\005\261\004A\002`\204\030\300\236\bE\f\t\202\003\300'\341"
 2739      B1044102 
 2739      608418C0 
 2739      9E08450C 
 2739      098203C0 
 2740 fcfe 42868406 		.string	"B\206\204\006\204\024\241\013\204\b\204\b\200\245\345\004"
 2740      8414A10B 
 2740      84088408 
 2740      80A5E504 
 2740      00
 2741 fd0f 8A404680 		.string	"\212@F\200\225\204\006\340"
 2741      958406E0 
 2741      00
 2742 fd18 6100     		.string	"a"
 2743 fd1a 4E469C04 		.string	"NF\234\004\203!B\020\200\030\200\026\363\334\200\030\234\004"
 2743      83214210 
 2743      80188016 
 2743      F3DC8018 
 2743      9C0400
 2744 fd2d 16C21947 		.string	"\026\302\031G\230\207\021\214\013h \203!\034\004\304\031\200\030\231\021"
 2744      9887118C 
 2744      0B682083 
 2744      211C04C4 
 2744      19801899 
 2745 fd43 16682047 		.string	"\026h G\b\234\004\214\013\310\031\200\030\fL\200\026\335\223\362\004\341\004A\306\200\030
 2745      089C048C 
 2745      0BC81980 
 2745      180C4C80 
 2745      16DD93F2 
 2746 fd6f 7B4598E0 		.string	"{E\230\340\004\201!h "
 2746      04812168 
 2746      2000
 2747 fd79 C6816103 		.string	"\306\201a\003\206aD\200\004\341"
 2747      86614480 
 2747      04E100
 2748 fd84 80288414 		.string	"\200(\204\024FJ\2048\204%\340\230\340\214DJ\016)\376%@+l\035\340\b\f\206`\b\002\206i\230\
 2748      464A8438 
 2748      8425E098 
 2748      E08C444A 
 2748      0E29FE25 
 2749 fdae 0C06E820 		.string	"\f\006\350 J\210\fL\214\013\335\223\362\004\372"
 2749      4A880C4C 
 2749      8C0BDD93 
 2749      F204FA00 
 2750 fdbe 040C41F6 		.string	"\004\fA\366\001aW\330\340<\201\021o\210\341DA\306\200f\200\004\357\334n\250\357\334qH\357
 2750      016157D8 
 2750      E03C8111 
 2750      6F88E144 
 2750      41C68066 
 2751 fdf0 C1C3FFC8 		.string	"\301\303\377\310\372"
 2751      FA00
 2752 fdf6 040C40C6 		.string	"\004\f@\306"
 2752      00
 2753 fdfb 6B4C01E0 		.string	"kL\001\340\b\300+l\035mI\f\005L\005\300\006\300\013f\205f\205\f\005wx\300\013"
 2753      08C02B6C 
 2753      1D6D490C 
 2753      054C05C0 
 2753      06C00B66 
 2754 fe19 04EFC04C 		.string	"\004\357\300L\005\373\200\300\013f\211e9\f\tL\001\300+\300-j5e=\f\tL\001\300+\300-j9\362"
 2754      05FB80C0 
 2754      0B668965 
 2754      390C094C 
 2754      01C02BC0 
 2755 fe3e 0C0CC1C3 		.string	"\f\f\301\303\335\223\372"
 2755      DD93FA00 
 2756 fe46 040C40D6 		.string	"\004\f@\326"
 2756      00
 2757 fe4b 6B4C01E0 		.string	"kL\001\340\b@+l\035\f\005\221\021\300\biYfyL\005\f\t\300\013\300+e\315\357\300r\250j\005L
 2757      08402B6C 
 2757      1D0C0591 
 2757      11C00869 
 2757      5966794C 
 2758 fe84 FA0C040C 		.string	"\372\f\004\f\304\027"
 2758      C41700
 2759 fe8b 6B600840 		.string	"k`\b@\346L\001\214\023@+l\035\002\005\204{\300\006mafyL\005\f\t\300\013\300,n1m\r\f\t\243
 2759      E64C018C 
 2759      13402B6C 
 2759      1D020584 
 2759      7BC0066D 
 2760 feb9 60E08C00 		.string	"`\340\214"
 2761 febd AD054D05 		.string	"\255\005M\005\241\002`"
 2761      A1026000 
 2762 fec5 6080B340 		.string	"`\200\263@\255\005I\005\221\002`\201\305\300\263`\214@Je\300\002`"
 2762      AD054905 
 2762      91026081 
 2762      C5C0B360 
 2762      8C404A65 
 2763 fedd 60C0B380 		.string	"`\300\263\200\255\005E\005A"
 2763      AD054505 
 2763      4100
 2764 fee7 608008C0 		.string	"`\200\b\300\255\221\021\004\204\357\300nhj\005L\001\243{@-\003\211\f\205L\205\200\013\300
 2764      AD911104 
 2764      84EFC06E 
 2764      686A054C 
 2764      01A37B40 
 2765 ff1f 45A14BC0 		.string	"E\241K\300\013\006q"
 2765      0B067100 
 2766 ff27 45463AC0 		.string	"EF:\300\013@5\300\022\300\013fifi"
 2766      0B4035C0 
 2766      12C00B66 
 2766      69666900 
 2767 ff37 3500     		.string	"5"
 2768 ff39 45C00BC0 		.string	"E\300\013\300\013fm\341\222F:fi@5@!\300\013\300-i\321i\325@\021\335\223\300-`\bC\006@\021
 2768      0B666DE1 
 2768      92463A66 
 2768      69403540 
 2768      21C00BC0 
 2769 ff69 19C02DC0 		.string	"\031\300-\300+eQ@\025\326\027\300\013f\221mQ"
 2769      2B655140 
 2769      15D617C0 
 2769      0B66916D 
 2769      5100
 2770 ff7b 154015C0 		.string	"\025@\025\300\006\300\013f\225i\321"
 2770      06C00B66 
 2770      9569D100 
 2771 ff87 19A51BC0 		.string	"\031\245\033\300-\003\021\204\325@\021\201!\300-jue\365"
 2771      2D031184 
 2771      D5401181 
 2771      21C02D6A 
 2771      7565F500 
 2772 ff9b 154015C0 		.string	"\025@\025\300\013\300\013f\231e\371"
 2772      0BC00B66 
 2772      9965F900 
 2773 ffa7 154015C0 		.string	"\025@\025\300\013\300\013f\241f\261@%\335\223\300\013h\025"
 2773      0BC00B66 
 2773      A166B140 
 2773      25DD93C0 
 2773      0B681500 
 2774 ffbb 19812140 		.string	"\031\201!@-ju@\021"
 2774      2D6A7540 
 2774      1100
 2775 ffc5 15C02DC0 		.string	"\025\300-\300\013e\375f\231@\025\002"
 2775      0B65FD66 
 2775      99401502 
 2775      00
 2776 ffd2 400BC0B6 		.string	"@\013\300\266f\301h\025"
 2776      66C16815 
 2776      00
 2777 ffdb 39872DC0 		.string	"9\207-\300-\232"
 2777      2D9A00
 2778 ffe2 5C0878A8 		.string	"\\\bx\250\0025\002E\202!"
 2778      02350245 
 2778      822100
 2779 ffed 55F898C0 		.string	"U\370\230\300\013fi\346\222HZBE\206C\0025\370\020\3027\370\020\370\020B5\370\020\0025i\32
 2779      0B6669E6 
 2779      92485A42 
 2779      45864302 
 2779      35F810C2 
 2780 1000f 49C247C0 		.string	"I\302G\300-\bK\200C\300\024fi\340\022F:\370\020B5\370\020\0025B5\3037\0025\370\020\002E\3
 2780      2D084B80 
 2780      43C01466 
 2780      69E01246 
 2780      3AF81042 
 2781 10035 55F878C0 		.string	"U\370x\300\013fi\346\222HZ\204N\206C\3027\2044\2044\204>i\325"
 2781      0B6669E6 
 2781      92485A84 
 2781      4E8643C2 
 2781      37843484 
 2782 1004f 49C247C0 		.string	"I\302G\300-\bK\200C\300\024eQ\340\222F:\2044\204>\305>\2037\301\303\367\205f}"
 2782      2D084B80 
 2782      43C01465 
 2782      51E09246 
 2782      3A843484 
 2783 1006f 154015C0 		.string	"\025@\025\300\013\300\biEj\005"
 2783      0BC00869 
 2783      456A0500 
 2784 1007b 194011C0 		.string	"\031@\021\300-\300\"eI\301\303\335\223f}"
 2784      2DC02265 
 2784      49C1C3DD 
 2784      93667D00 
 2785 1008b 154015C0 		.string	"\025@\025\300\013\300\006mMj\005"
 2785      0BC0066D 
 2785      4D6A0500 
 2786 10097 194011C0 		.string	"\031@\021\300-\300\033ei\301\303\335\223\340(\002%\340,\002\025i]@%E\366@\b@\025\340,\300
 2786      2DC01B65 
 2786      69C1C3DD 
 2786      93E02802 
 2786      25E02C02 
 2787 100cf 64528282 		.string	"dR\202\202{C6p\200P\021\340\b@+l\035f\201"
 2787      7B433670 
 2787      805011E0 
 2787      08402B6C 
 2787      1D668100 
 2788 100e3 900270C0 		.string	"\220\002p\300m\211!d\240h\020d\210"
 2788      6D892164 
 2788      A0681064 
 2788      8800
 2789 100f1 90813140 		.string	"\220\2011@mg\201\344\260\002p\2011\t!\350\020c\350`\030A\006\344\300\002pf\202@j\340$\004
 2789      6D6781E4 
 2789      B0027081 
 2789      310921E8 
 2789      1063E860 
 2790 1011b 800C0CC0 		.string	"\200\f\f\300n\"\330\362\234\301\303\340\020\372\f\004\f\202k"
 2790      6E22D8F2 
 2790      9CC1C3E0 
 2790      10FA0C04 
 2790      0C826B00 
 2791 1012f 7B6CFD0E 		.string	"{l\375\0169C\366@,n\270\340\f\205!o\374o\374p\310g\370\216\013\216\013o\374`\b@\246e\340\
 2791      3943F640 
 2791      2C6EB8E0 
 2791      0C85216F 
 2791      FC6FFC70 
 2792 10163 04C0B666 		.string	"\004\300\266fAd\240\b`b\030\214;"
 2792      4164A008 
 2792      6062188C 
 2792      3B00
 2793 10171 8BEF94E0 		.string	"\213\357\224\340\bA&l\035N\001"
 2793      0841266C 
 2793      1D4E0100 
 2794 1017d 70402BC0 		.string	"p@+\300\211e\241d\300\002`\340$\004\006h\020_\210\220\013\2051\362\f\f\f\301\303\335\223\
 2794      8965A164 
 2794      C00260E0 
 2794      24040668 
 2794      105F8890 
 2795 101a3 8B708852 		.ascii	"\213p\210R\202\022\031\202{@\033h\201\0209\203!\300,l\375\357"
 2795      82121982 
 2795      7B401B68 
 2795      81103983 
 2795      21C02C6C 
 2796 101b9 FC6AC86F 		.ascii	"\374j\310o\374l\350\022\031\220\013@\033h\201e\330\220\013\214"
 2796      FC6CE812 
 2796      19900B40 
 2796      1B688165 
 2796      D8900B8C 
 2797 101cd 2B6FFC   		.ascii	"+o\374"
 2798 101d0 600840B6 		.string	"`\b@\266e\340\002\200P\001\300\266@+l\035\341LAF\004\200"
 2798      65E00280 
 2798      5001C0B6 
 2798      402B6C1D 
 2798      E14C4146 
 2799 101e7 04C0B666 		.string	"\004\300\266fAd\240\bp]\370\216;\022)\357\224@\033h\201\020\013\200kv\030\216\033\214\013
 2799      4164A008 
 2799      705DF88E 
 2799      3B1229EF 
 2799      94401B68 
 2800 10213 C6E13003 		.string	"\306\3410\003\006\005F"
 2800      06054600 
 2801 1021b 040786E1 		.string	"\004\007\206\3410\t\306a0J\006\3410XFa0\200\004\3410\204\024\204\024"
 2801      3009C661 
 2801      304A06E1 
 2801      30584661 
 2801      308004E1 
 2802 10235 138824E1 		.string	"\023\210$\3410@\206\2144\210$\2144\204\023\206\023\220D\224T\220D\224T\210\023\212\023\26
 2802      3040868C 
 2802      3488248C 
 2802      34841386 
 2802      13904494 
 2803 10262 040C0146 		.string	"\004\f\001F"
 2803      00
 2804 10267 6B00     		.string	"k"
 2805 10269 04E124E1 		.string	"\004\341$\341$EFn\t\f\025\200\b\300\t\305\007\210$D"
 2805      2445466E 
 2805      090C1580 
 2805      08C009C5 
 2805      07882444 
 2806 1027e 08344DB8 		.string	"\b4M\270\360\f\214\013h l\375\f\031\201!@,d\265L\005L!\300\005\300\025b\341b\351L!L\021\3
 2806      F00C8C0B 
 2806      68206CFD 
 2806      0C198121 
 2806      402C64B5 
 2807 102aa 0C0CC1C3 		.string	"\f\f\301\303\335\223\341\030B\006\204\030\204\024e]@\021\335\223\300\"\341\030B\006\204\0
 2807      DD93E118 
 2807      42068418 
 2807      8414655D 
 2807      4011DD93 
 2808 102d2 040C00   		.string	"\004\f"
 2809 102d5 4600     		.string	"F"
 2810 102d7 6B00     		.string	"k"
 2811 102d9 04E128E1 		.string	"\004\341(\341\030B\006\204\024\200\004L\005\202\001\300\biE\221\021\004\b\357\300NheIL\00
 2811      18420684 
 2811      1480044C 
 2811      058201C0 
 2811      08694591 
 2812 10300 FA00     		.string	"\372"
 2813 10302 040C00   		.string	"\004\f"
 2814 10305 4600     		.string	"F"
 2815 10307 6B00     		.string	"k"
 2816 10309 04E128E1 		.string	"\004\341(\341\030B\006\204\024\200\004L\005\202\001\300\006mM\221\021\004\b\357\300L\350m
 2816      18420684 
 2816      1480044C 
 2816      058201C0 
 2816      066D4D91 
 2817 1033c FA00     		.string	"\372"
 2818 1033e 040C01C6 		.string	"\004\f\001\306"
 2818      00
 2819 10343 6B00     		.string	"k"
 2820 10345 04E13480 		.string	"\004\3414\200\004\2131eI\f)\f\031\300\"\300\"eYi]L\005Y\370\300\bL\005\357\300@\bia\340\f
 2820      048B3165 
 2820      490C290C 
 2820      19C022C0 
 2820      22655969 
 2821 10378 FA0C040C 		.string	"\372\f\004\fh m\310Bx\200k\214\013h"
 2821      68206DC8 
 2821      4278806B 
 2821      8C0B6800 
 2822 10388 668100   		.string	"f\201"
 2823 1038b 60020640 		.string	"`\002\006@m\300 cA`\004\004\006O\030\2011\016`\350\020@mg\201\201\365\241\201x@\016\005\f
 2823      6DC02063 
 2823      41600404 
 2823      064F1881 
 2823      310E60E8 
 2824 103d7 6B45B8E0 		.string	"kE\270\340\004\016`\350 @nd\201\001\225\241\201]\030\214\233^x\214\013e\016\357\324\354\0
 2824      040E60E8 
 2824      20406E64 
 2824      810195A1 
 2824      815D188C 
 2825 103ff 60040640 		.string	"`\004\006@m\0011\340\004\f\f\214\033\013x\362\234\301\303\340\020e\241"
 2825      6D0131E0 
 2825      040C0C8C 
 2825      1B0B78F2 
 2825      9CC1C3E0 
 2826 10417 00       		.string	""
 2827 10418 02064089 		.string	"\002\006@\211\300 c\035`$\004\006\n\270\2071\301\303\340\020e\001"
 2827      C020631D 
 2827      60240406 
 2827      0AB88731 
 2827      C1C3E010 
 2828 1042f 00       		.string	""
 2829 10430 0206406E 		.string	"\002\006@n\300 a\001b@\004\006\t\370\2071\301\303\340\020\372|\004\fm\221\036\360"
 2829      C0206101 
 2829      62400406 
 2829      09F88731 
 2829      C1C3E010 
 2830 1044d 6BC004E1 		.string	"k\300\004\3410AFlm\f)B\306@\"\f9\3410@\"o\275LA\205A@\"li"
 2830      3041466C 
 2830      6D0C2942 
 2830      C640220C 
 2830      39E13040 
 2831 1046d 0481714C 		.string	"\004\201qL!\202!@\"lmL1\2021@\"o\275d\321\004\360\004\024\300\002\344\020\006\360\225Q\03
 2831      21822140 
 2831      226C6D4C 
 2831      31823140 
 2831      226FBD64 
 2832 104ac 14A49283 		.string	"\024\244\222\203\304\247\372\200\374("
 2832      C4A7FA80 
 2832      FC2800
 2833 104b7 B502A5C9 		.string	"\265\002\245\311\276\315\256\374(\3420\030\n"
 2833      BECDAEFC 
 2833      28E23018 
 2833      0A00
 2834 104c5 60FA3540 		.string	"`\3725@\220e\201d\321\002\360E\006\300\002\2011` \350\020E(fA"
 2834      90658164 
 2834      D102F045 
 2834      06C00281 
 2834      316020E8 
 2835 104df 6002F040 		.string	"`\002\360@\222E\006\344\020\2011` \350\020D\210a0"
 2835      924506E4 
 2835      10813160 
 2835      20E81044 
 2835      88613000 
 2836 104f3 C6E13002 		.string	"\306\3410\002F\004\306"
 2836      4604C600 
 2837 104fb 040414E1 		.string	"\004\004\024\3418f1\006`\b$\300\213\203e\201Ap\fJ@\030T\202A\247[`\204b"
 2837      38663106 
 2837      600824C0 
 2837      8B836581 
 2837      41700C4A 
 2838 1051a 0A0C18C4 		.string	"\n\f\030\304\216\303\212sz\200\304\307\b\316\3740"
 2838      8EC38A73 
 2838      7A80C4C7 
 2838      08CEFC30 
 2838      00
 2839 1052b 65F82046 		.string	"e\370 Fe\3740\002\305\261K\315\316\036\360\372U\300\004e\221\362|\f\f\301\303\335\223\341
 2839      65FC3002 
 2839      C5B14BCD 
 2839      CE1EF0FA 
 2839      55C00465 
 2840 1056b 154015C0 		.string	"\025@\025\300\013\300\bk!\301\303\335\223c\205"
 2840      0BC0086B 
 2840      21C1C3DD 
 2840      93638500 
 2841 1057b 154015C0 		.string	"\025@\025\300\013\300\bk\365\301\303\335\223\372\034\004L\201\001"
 2841      0BC0086B 
 2841      F5C1C3DD 
 2841      93FA1C04 
 2841      4C810100 
 2842 1058f 8B6FE872 		.string	"\213o\350r\210\201a\201\021"
 2842      88816181 
 2842      1100
 2843 10599 0600     		.string	"\006"
 2844 1059b 7B00     		.string	"{"
 2845 1059d 04E110E0 		.string	"\004\341\020\340\004C\026l\035P\021\203\221@+"
 2845      0443166C 
 2845      1D501183 
 2845      91402B00 
 2846 105ad 4600     		.string	"F"
 2847 105af 968004E1 		.string	"\226\200\004\341\b\302\031\200\030"
 2847      08C21980 
 2847      1800
 2848 105b9 8600     		.string	"\206"
 2849 105bb 168004E1 		.string	"\026\200\004\341\b\302\031\200\030|\230\200\026|\370\357\370\220\013o\370\202\345\241\013
 2849      08C21980 
 2849      187C9880 
 2849      167CF8EF 
 2849      F8900B6F 
 2850 105ee 0C06EFD8 		.string	"\f\006\357\330n\210o\370t\bEX\220\013\220\013h"
 2850      6E886FF8 
 2850      74084558 
 2850      900B900B 
 2850      6800
 2851 10600 61144106 		.string	"a\024A\006\340\004Ef\200\030\200\004"
 2851      E0044566 
 2851      80188004 
 2851      00
 2852 1060d 16C219E1 		.string	"\026\302\031\341\004@\206CV"
 2852      04408643 
 2852      5600
 2853 10617 0400     		.string	"\004"
 2854 10619 96E004E1 		.string	"\226\340\004\341\030"
 2854      1800
 2855 1061f 46501180 		.string	"FP\021\200\004\300+l\035"
 2855      04C02B6C 
 2855      1D00
 2856 10629 C600     		.string	"\306"
 2857 1062b 968004E1 		.string	"\226\200\004\341\030\001\006"
 2857      18010600 
 2858 10633 961019E1 		.string	"\226\020\031\341\f\300,n]P!\200\004\300+l\035"
 2858      0CC02C6E 
 2858      5D502180 
 2858      04C02B6C 
 2858      1D00
 2859 10645 C600     		.string	"\306"
 2860 10647 161019E1 		.string	"\026\020\031\341\f\300,ne"
 2860      0CC02C6E 
 2860      6500
 2861 10651 168004E1 		.string	"\026\200\004\341\b@\206na\020\031\200\004\300,@F"
 2861      0840866E 
 2861      61101980 
 2861      04C02C40 
 2861      4600
 2862 10663 161019E1 		.string	"\026\020\031\341\b\300,ni"
 2862      08C02C6E 
 2862      6900
 2863 1066d 168004E1 		.string	"\026\200\004\341DA\206nY\020\031\200\004\300,Av"
 2863      4441866E 
 2863      59101980 
 2863      04C02C41 
 2863      7600
 2864 1067f 165001E0 		.string	"\026P\001\340\004@+l\035\357\374A\366h"
 2864      04402B6C 
 2864      1DEFFC41 
 2864      F66800
 2865 1068e 49080311 		.string	"I\b\003\021\201\021jX\216\013\214\013\357\350\362\034\fL\301\303\335\223n\201"
 2865      81116A58 
 2865      8E0B8C0B 
 2865      EFE8F21C 
 2865      0C4CC1C3 
 2866 106a7 29034640 		.string	")\003F@,\204\024\341\020\003\206\004&"
 2866      2C8414E1 
 2866      10038604 
 2866      2600
 2867 106b5 29E110C0 		.string	")\341\020\300,n\205\004&\204\024\341\020B\306n\211"
 2867      2C6E8504 
 2867      268414E1 
 2867      1042C66E 
 2867      8900
 2868 106c7 298414C0 		.string	")\204\024\300,B\006\004&"
 2868      2C420604 
 2868      2600
 2869 106d1 29E110C0 		.string	")\341\020\300,nQ\004&\204\024\341\020\005\306k\255"
 2869      2C6E5104 
 2869      268414E1 
 2869      1005C66B 
 2869      AD00
 2870 106e3 198824C0 		.string	"\031\210$\300+\360\374B\020C\306\b\026"
 2870      2BF0FC42 
 2870      1043C608 
 2870      1600
 2871 106f1 29E110C0 		.string	")\341\020\300,n\241\204&\204\024c\025"
 2871      2C6EA184 
 2871      26841463 
 2871      1500
 2872 106ff 19A51BC0 		.string	"\031\245\033\3008\016\245"
 2872      380EA500 
 2873 10707 29024640 		.string	")\002F@,\002\025\301\024\004\026\300"
 2873      2C0215C1 
 2873      140416C0 
 2873      00
 2874 10714 43068000 		.string	"C\006\200"
 2875 10718 02158110 		.string	"\002\025\201\020\004&\200"
 2875      04268000 
 2876 10720 E1140206 		.string	"\341\024\002\006nU"
 2876      6E5500
 2877 10727 298414C0 		.string	")\204\024\300,\002\206\004&"
 2877      2C028604 
 2877      2600
 2878 10731 29E114C0 		.string	")\341\024\300,n\215\204&\204\024n\251"
 2878      2C6E8D84 
 2878      2684146E 
 2878      A900
 2879 1073f 19211BC0 		.string	"\031!\033\300,\341\020C\206\204%\204$\b\026\201\021\341\020EF\210\026\210$c\025"
 2879      2CE11043 
 2879      86842584 
 2879      24081681 
 2879      11E11045 
 2880 1075b 29A52BC0 		.string	")\245+\3008\003\006\204\345\203!a\020\203u\204\024\b\026\203\021\341\020EF\210\026\210$c\
 2880      38030684 
 2880      E5832161 
 2880      10837584 
 2880      14081683 
 2881 1077b 29A52BC0 		.string	")\245+\3008A\020\003\006\300"
 2881      38411003 
 2881      06C000
 2882 10786 0406C000 		.string	"\004\006\300"
 2883 1078a 02150506 		.string	"\002\025\005\006\200\325\210$\341\024\201%\210\026"
 2883      80D58824 
 2883      E1148125 
 2883      881600
 2884 10799 09842640 		.string	"\t\204&@,n\235\341\020\002F\204\006\204\024\301\303\335\223\341\034\004\306\b\026\210$\34
 2884      2C6E9DE1 
 2884      10024684 
 2884      068414C1 
 2884      C3DD93E1 
 2885 10849 4600     		.string	"F"
 2886 1084b 6B00     		.string	"k"
 2887 1084d 14E118E0 		.string	"\024\341\030\340\b\004\306l\035L!\201!@+\021\306\003q\004&\341$\341,C\006\004&\204\024\20
 2887      0804C66C 
 2887      1D4C2181 
 2887      21402B11 
 2887      C6037104 
 2888 10877 26E81852 		.string	"&\350\030RH\002v \004L\021\340\b\300+l\035\f\f\200v\335\223\362\f\372\f\004\f\202{\004;\2
 2888      48027620 
 2888      044C11E0 
 2888      08C02B6C 
 2888      1D0C0C80 
 2889 108a1 06816143 		.string	"\006\201aCFa("
 2889      46612800 
 2890 108a9 04E12CE1 		.string	"\004\341,\341D\004\306\2011\004\024\200\310\210$\204H\204XP\n\210\210\004\005\340\214\200
 2890      4404C681 
 2890      31041480 
 2890      C8882484 
 2890      48845850 
 2891 10905 4600     		.string	"F"
 2892 10907 7B4E01E0 		.string	"{N\001\340\b@+l\035y\230\202k\216\013o\374`\b"
 2892      08402B6C 
 2892      1D799882 
 2892      6B8E0B6F 
 2892      FC600800 
 2893 1091b 864E018F 		.string	"\206N\001\217\021@+l\035\214+\216\013\362\204\f\f\301\303\367%\372|\004La8\021F \004\200k
 2893      11402B6C 
 2893      1D8C2B8E 
 2893      0BF2840C 
 2893      0CC1C3F7 
 2894 1095b 1600     		.string	"\026"
 2895 1095d 16A40466 		.string	"\026\244\004f\030\213\021\214\013h\030\341\024\026\306\200\b\254\004`\200@\n\246\005\231\
 2895      188B118C 
 2895      0B6818E1 
 2895      1416C680 
 2895      08AC0460 
 2896 10988 404A8008 		.ascii	"@J\200\b\233\001`\204\245\033\242e\013\021\242%dX\203!\214\013"
 2896      9B016084 
 2896      A51BA265 
 2896      0B11A225 
 2896      64588321 
 2897 1099e 6818     		.ascii	"h\030"
 2898 109a0 E1104046 		.string	"\341\020@F\200\b\200\004`\220@J\236\205\237\001o\251\f\025\247\033\300\013$\004\234\345\2
 2898      80088004 
 2898      6090404A 
 2898      9E859F01 
 2898      6FA90C15 
 2899 109c3 A6E81863 		.string	"\246\350\030c\b\200\b\254\004`\200@J\232E\241\001o\251\f\025\251\033\300\013\001\306\230\
 2899      088008AC 
 2899      04608040 
 2899      4A9A45A1 
 2899      016FA90C 
 2900 109e4 400A8008 		.string	"@\n\200\b\243\001`\204+\033\226\245\341"
 2900      A3016084 
 2900      2B1B96A5 
 2900      E100
 2901 109f2 15C60B11 		.string	"\025\306\013\021\226%aX\203!\214\013h\030\341\020@F\200\b\200\004`\220@J\222\205\245\001o
 2901      96256158 
 2901      83218C0B 
 2901      6818E110 
 2901      40468008 
 2902 10a23 16681860 		.string	"\026h\030`\b\254\004\214\013@J\200\b\247\001`\200\f\025\216%@\013o\251\341\020DF\214E\261
 2902      08AC048C 
 2902      0B404A80 
 2902      08A70160 
 2902      800C158E 
 2903 10a56 41068004 		.string	"A\006\200\004\205\021\210\004\200\026@J\200\b\235\001`\220\f\025\206\345\300\013o\251\206
 2903      85118804 
 2903      8016404A 
 2903      80089D01 
 2903      60900C15 
 2904 10a83 B68004E1 		.string	"\266\200\004\341\020\214\013"
 2904      108C0B00 
 2905 10a8b B6E8185C 		.string	"\266\350\030\\\310\200\b\250\004`\220@J\200\305\227\001o\251\f\025\265\033\300\013 \024\2
 2905      C88008A8 
 2905      04609040 
 2905      4A80C597 
 2905      016FA90C 
 2906 10ac1 04831100 		.string	"\004\203\021"
 2907 10ac5 168321E1 		.string	"\026\203!\341"
 2907      00
 2908 10aca 41068111 		.string	"A\006\201\021"
 2908      00
 2909 10acf 04911100 		.string	"\004\221\021"
 2910 10ad3 1600     		.string	"\026"
 2911 10ad5 16A4045A 		.string	"\026\244\004ZX\215\021\214\013h\030\002f \004\367\253p\001\234\004\200\036\304\031\200\03
 2911      588D118C 
 2911      0B681802 
 2911      662004F7 
 2911      AB70019C 
 2912 10af6 840800   		.string	"\204\b"
 2913 10af9 B47C4084 		.string	"\264|@\204&\372\200\362|\fL\301\303\335\223\372|\004\f\354P\036\360a8S\006$\004\200k\340\
 2913      26FA80F2 
 2913      7C0C4CC1 
 2913      C3DD93FA 
 2913      7C040CEC 
 2914 10b41 16F3F8E0 		.string	"\026\363\370\340\004\002\026L\021\240\004\300+l\035\214\013"
 2914      0402164C 
 2914      11A004C0 
 2914      2B6C1D8C 
 2914      0B00
 2915 10b53 16E8187B 		.string	"\026\350\030{hm\025\f\t\200{@,\340\204@J@\n\202E\202\345\340\210m!\f\031B\n\300,\202%\340
 2915      686D150C 
 2915      09807B40 
 2915      2CE08440 
 2915      4A400A82 
 2916 10b7b 46800489 		.string	"F\200\004\211\021\f\t\200\026\300,m\025\370\034"
 2916      110C0980 
 2916      16C02C6D 
 2916      15F81C00 
 2917 10b8b 4A017580 		.string	"J\001u\200\225\351\234N\nm\021\f\031\241\033\300,\340"
 2917      95E99C4E 
 2917      0A6D110C 
 2917      19A11BC0 
 2917      2CE000
 2918 10b9e 0E1A2001 		.string	"\016\032 \001\002X@\n\300"
 2918      0258400A 
 2918      C000
 2919 10ba8 400AE99C 		.string	"@\n\351\234\206\305\351\234\340\224@J\f\t\210e\300-c\021\206\325\241\013\002& \004L\021\3
 2919      86C5E99C 
 2919      E094404A 
 2919      0C098865 
 2919      C02D6311 
 2920 10bd3 1600     		.string	"\026"
 2921 10bd5 16AC0464 		.string	"\026\254\004dx\214\013\f\t\350"
 2921      788C0B0C 
 2921      09E800
 2922 10be0 402C6E9D 		.string	"@,n\235\254\024\200{\241{\204\006"
 2922      AC14807B 
 2922      A17B8406 
 2922      00
 2923 10bed 0680E587 		.string	"\006\200\345\207\021a8\200\034\200\004@F\233\225\200\024\341"
 2923      11613880 
 2923      1C800440 
 2923      469B9580 
 2923      14E100
 2924 10c00 44208428 		.string	"D \204(\004&\363\354\341<\002\206\204(\204\024\374\234\004$\200\004\204&\310\031\200\030\
 2924      0426F3EC 
 2924      E13C0286 
 2924      84288414 
 2924      FC9C0424 
 2925 10c37 06800487 		.string	"\006\200\004\207\021\f\t\200\034\300,m\025\340\204@\n\f\t\200\345\300,m!\340\204@\n\f\t\2
 2925      110C0980 
 2925      1CC02C6D 
 2925      15E08440 
 2925      0A0C0980 
 2926 10c62 0E060266 		.string	"\016\006\002f \004L\021\340\004@+l\035\241!\241\261"
 2926      20044C11 
 2926      E004402B 
 2926      6C1DA121 
 2926      A1B100
 2927 10c75 6000     		.string	"`"
 2928 10c77 16C06E64 		.string	"\026\300nd\201\002\360\001uA8\344\020\354\004\004 \241+\3056e8\376u\214\013h\034\214\033\
 2928      8102F001 
 2928      754138E4 
 2928      10EC0404 
 2928      20A12BC5 
 2929 10c9d 6000     		.string	"`"
 2930 10c9f 7BC06E64 		.string	"{\300nd\201\002\360\001uE(\344\020\354\004\026\260\241\273\301&\f\t\376u\300-g\311\234\32
 2930      8102F001 
 2930      754528E4 
 2930      10EC0416 
 2930      B0A1BBC1 
 2931 10cc2 74480F25 		.string	"tH\017%\214\013 \004\200{\340\004\002Fl\035L\021"
 2931      8C0B2004 
 2931      807BE004 
 2931      02466C1D 
 2931      4C1100
 2932 10cd5 16C02BE1 		.string	"\026\300+\3418"
 2932      3800
 2933 10cdb 46851100 		.string	"F\205\021"
 2934 10cdf 048C0B00 		.string	"\004\214\013"
 2935 10ce3 166800   		.string	"\026h"
 2936 10ce6 7B28807B 		.string	"{(\200{\214\033\214\005\241{a8"
 2936      8C1B8C05 
 2936      A17B6138 
 2936      00
 2937 10cf3 06801489 		.string	"\006\200\024\211!\0036\004,"
 2937      21033604 
 2937      2C00
 2938 10cfd 04E0084C 		.string	"\004\340\bL\021\213!\300+l\035\213\005\200,\0026 \004L\021\340\004\300+l\035"
 2938      118B21C0 
 2938      2B6C1D8B 
 2938      05802C02 
 2938      3620044C 
 2939 10d19 4600     		.string	"F"
 2940 10d1b 1600     		.string	"\026"
 2941 10d1d 04E13800 		.string	"\004\3418"
 2942 10d21 16831144 		.string	"\026\203\021DX\214\013\f\t\350\034@-g\311\241\013\200{p\230\200\265\214\013h"
 2942      588C0B0C 
 2942      09E81C40 
 2942      2D67C9A1 
 2942      0B807B70 
 2943 10d3c 00       		.string	""
 2944 10d3d 06807BA1 		.string	"\006\200{\241{a8\207\021"
 2944      7B613887 
 2944      1100
 2945 10d47 048C1580 		.string	"\004\214\025\200\034k\030\357\225\214\013o\370c\021\f\t@\n\300-\202u\340\200o\370u\250kX\
 2945      1C6B18EF 
 2945      958C0B6F 
 2945      F863110C 
 2945      09400AC0 
 2946 10d89 1CAC04E0 		.string	"\034\254\004\340\b\0016l\035L\001\214\013@+\357\360RH\200{,\004\213\021!{\021\350\200\034
 2946      0801366C 
 2946      1D4C018C 
 2946      0B402BEF 
 2946      F0524880 
 2947 10dac 8018A17B 		.string	"\200\030\241{\200\026\302\031\200\030\244\004\200\026\302\031\200\030\244\004\363\370B\02
 2947      8016C219 
 2947      8018A404 
 2947      8016C219 
 2947      8018A404 
 2948 10e11 C600     		.string	"\306"
 2949 10e13 168004E1 		.string	"\026\200\004\341\020B\020\200\030"
 2949      10421080 
 2949      1800
 2950 10e1d 16F3F840 		.string	"\026\363\370@\030\225\021\214\013h\030a\020AF\200\024\201!\200\004\204&\240\004\200\226\3
 2950      1895118C 
 2950      0B681861 
 2950      10414680 
 2950      14812180 
 2951 10e3d 06801642 		.string	"\006\200\026B\346a8"
 2951      E6613800 
 2952 10e45 04E000   		.string	"\004\340"
 2953 10e48 00       		.string	""
 2954 10e49 1CA8F1E1 		.string	"\034\250\361\341<"
 2954      3C00
 2955 10e4f 86801880 		.string	"\206\200\030\200\004\361\374B\020\216\013"
 2955      04F1FC42 
 2955      108E0B00 
 2956 10e5b 16F27C0C 		.string	"\026\362|\f\f\f\t\335\223\300,m\025\340\210@\n\f\031\214%\300,m!\340\210B\n \004\212e\340
 2956      0C0C09DD 
 2956      93C02C6D 
 2956      15E08840 
 2956      0A0C198C 
 2957 10e85 16C02BE1 		.string	"\026\300+\3418"
 2957      3800
 2958 10e8b 46871100 		.string	"F\207\021"
 2959 10e8f 048C0B00 		.string	"\004\214\013"
 2960 10e93 16E800   		.string	"\026\350"
 2961 10e96 7BA867C9 		.string	"{\250g\311\f\t\201q@-\200\265\247\013h"
 2961      0C098171 
 2961      402D80B5 
 2961      A70B6800 
 2962 10ea6 6528807B 		.string	"e(\200{\214\013c\021\f\t@J\300-\200\345\340\200o\374Lhw\370\214\013\214\013h\024\3405\241
 2962      8C0B6311 
 2962      0C09404A 
 2962      C02D80E5 
 2962      E0806FFC 
 2963 10ee3 16E800   		.string	"\026\350"
 2964 10ee6 79C867C9 		.string	"y\310g\311\f\t\200{@-\200\265\251\013h"
 2964      0C09807B 
 2964      402D80B5 
 2964      A90B6800 
 2965 10ef6 62A8807B 		.string	"b\250\200{\214\013\330\265\241{m\025\f\t@\n\300,\204%\340\220o\324oH \004\214\013\340\004
 2965      8C0BD8B5 
 2965      A17B6D15 
 2965      0C09400A 
 2965      C02C8425 
 2966 10f1d 16C02B7B 		.string	"\026\300+{\370\214\013\f\t\357\304\300,m\025`\210@\n\322e\201qm!\f\t@\n\300,\320\245\340\
 2966      F88C0B0C 
 2966      09EFC4C0 
 2966      2C6D1560 
 2966      88400AD2 
 2967 10f78 4DD88335 		.string	"M\330\2035\214\013h\034o\370b\210\001\225\214\013\0011\201\001\f\033\214\013PX\216+\202q\
 2967      8C0B681C 
 2967      6FF86288 
 2967      01958C0B 
 2967      01318101 
 2968 10fac 66350C0B 		.string	"f5\f\013\201q@\026\340\200@J\237\3740\210o\370X(\f\t\214\013\300-c\021\340\200@\nb\370\21
 2968      81714016 
 2968      E080404A 
 2968      9FFC3088 
 2968      6FF85828 
 2969 10fee 5AE8807B 		.string	"Z\350\200{\214\013-\250\241{ \004\337\374\340\004\002Vl\035L\021\200\026\300+l\201\f\t\00
 2969      8C0B2DA8 
 2969      A17B2004 
 2969      DFFCE004 
 2969      02566C1D 
 2970 1100e C02CE51D 		.string	"\300,\345\035\354\004@\306\202\305\203\021a\004"
 2970      EC0440C6 
 2970      82C58311 
 2970      610400
 2971 1101d 168004E1 		.string	"\026\200\004\341\f\001\206\002\006"
 2971      0C018602 
 2971      0600
 2972 11027 04801EE8 		.string	"\004\200\036\350"
 2972      00
 2973 1102c FFFC2158 		.string	"\377\374!X@\306\241\013\002\006\001\004"
 2973      40C6A10B 
 2973      02060104 
 2973      00
 2974 11039 058000   		.string	"\005\200"
 2975 1103c 40118000 		.string	"@\021\200"
 2976 11040 20A88000 		.string	" \250\200"
 2977 11044 4218FFFC 		.string	"B\030\377\374\214\013o\370C\266 \004L\021\340\b\300+l\035\203\021"
 2977      8C0B6FF8 
 2977      43B62004 
 2977      4C11E008 
 2977      C02B6C1D 
 2978 1105b 166800   		.string	"\026h"
 2979 1105e 7B485735 		.string	"{HW5\214\013\301\303\200{\372|\004\f\3540\036\360\004\206"
 2979      8C0BC1C3 
 2979      807BFA7C 
 2979      040CEC30 
 2979      1EF00486 
 2980 11073 6B0C09E1 		.string	"k\f\t\341<\3008c\025\f\031\245\013@,\016\231\301\024\001\006\300"
 2980      3CC03863 
 2980      150C19A5 
 2980      0B402C0E 
 2980      99C11401 
 2981 1108a 00       		.string	""
 2982 1108b 058000   		.string	"\005\200"
 2983 1108e 02068110 		.string	"\002\006\201\020\001\006\200"
 2983      01068000 
 2984 11096 00       		.string	""
 2985 11097 05410600 		.string	"\005A\006"
 2986 1109b 168004E1 		.string	"\026\200\004\341\024\340\031\200\030\210\004\200\026B\020\200\030\200\026\363\334\200\030
 2986      14E01980 
 2986      18880480 
 2986      16421080 
 2986      188016F3 
 2987 110b9 C600     		.string	"\306"
 2988 110bb 168004E1 		.string	"\026\200\004\341\020\302\031\200\030\214\013"
 2988      10C21980 
 2988      188C0B00 
 2989 110c7 16EFE45A 		.string	"\026\357\344ZH\201\001>\016P\206<\016\003\221\341$\341$NFa$T\306\241\205\201\001"
 2989      4881013E 
 2989      0E50863C 
 2989      0E0391E1 
 2989      24E1244E 
 2990 110e5 067C0E4C 		.string	"\006|\016L\001\340\b\300+l\035\357\324Y\210`\b"
 2990      01E008C0 
 2990      2B6C1DEF 
 2990      D4598860 
 2990      0800
 2991 110f7 16E01042 		.string	"\026\340\020B\306l\035L\001\201!@+h\024i\b"
 2991      C66C1D4C 
 2991      01812140 
 2991      2B681469 
 2991      0800
 2992 11109 C68C0B80 		.string	"\306\214\013\200\004\341D\201e\200\270\357\324Yhc)L\221\240\004\3008@\n\200\b\200\305\340
 2992      04E14481 
 2992      6580B8EF 
 2992      D4596863 
 2992      294C91A0 
 2993 1116d 26EFD4   		.ascii	"&\357\324"
 2994 11170 42866008 		.string	"B\206`\bL\001\340<@+l\035e8\201!\214\013h\024\341D"
 2994      4C01E03C 
 2994      402B6C1D 
 2994      65388121 
 2994      8C0B6814 
 2995 11187 C680B880 		.string	"\306\200\270\200\004U\230\201eL\221\357\324\3008c)\200\b\234\004\340\200@JV\n\202E\374\20
 2995      04559881 
 2995      654C91EF 
 2995      D4C03863 
 2995      2980089C 
 2996 111d3 86801880 		.string	"\206\200\030\200\004\200\026\320\031c)L\221"
 2996      048016D0 
 2996      1963294C 
 2996      9100
 2997 111e1 86C03880 		.string	"\206\3008\200\004\341<\320\031\200\030Q\270\200\026\f\t\357\300\300,n\251\001\006\243\013
 2997      04E13CD0 
 2997      19801851 
 2997      B880160C 
 2997      09EFC0C0 
 2998 111fd 05811040 		.string	"\005\201\020@\221\200"
 2998      918000
 2999 11204 9E258000 		.string	"\236%\200"
 3000 11208 E11400   		.string	"\341\024"
 3001 1120b C6800880 		.string	"\306\200\b\200\004\340\204@\nPX\232\245"
 3001      04E08440 
 3001      0A50589A 
 3001      A500
 3002 11219 36EFD442 		.string	"6\357\324B&`\bL\001\340\004@+l\035_\330\201!\214\013h\024\341D"
 3002      2660084C 
 3002      01E00440 
 3002      2B6C1D5F 
 3002      D881218C 
 3003 11233 C680B880 		.string	"\306\200\270\200\004P8\201eL\221\357\324\3008c)\200\b\250\004\340\200@JV\n\202E\374\205\3
 3003      04503881 
 3003      654C91EF 
 3003      D4C03863 
 3003      298008A8 
 3004 11281 C6EFC057 		.string	"\306\357\300WFa\020"
 3004      46611000 
 3005 11289 04E11080 		.string	"\004\341\020\200\030\203!\363\370B\020\201\021"
 3005      188321F3 
 3005      F8421081 
 3005      1100
 3006 11297 1600     		.string	"\026"
 3007 11299 16AC045C 		.string	"\026\254\004\\8\225\021\214\013h\024CF,\004\004\206\341\020"
 3007      3895118C 
 3007      0B681443 
 3007      462C0404 
 3007      86E11000 
 3008 112ad 96E13CE1 		.string	"\226\341<\341\024"
 3008      1400
 3009 112b3 C6800880 		.string	"\306\200\b\200\004\340\204@J@"
 3009      04E08440 
 3009      4A4000
 3010 112be 0205C000 		.string	"\002\005\300"
 3011 112c2 0206C000 		.string	"\002\006\300"
 3012 112c6 40118018 		.string	"@\021\200\030\210\004\363\334B\020\210\004\200\026B\020\200\030"
 3012      8804F3DC 
 3012      42108804 
 3012      80164210 
 3012      801800
 3013 112d9 16F3BCE1 		.string	"\026\363\274\341\020"
 3013      1000
 3014 112df C6801880 		.string	"\306\200\030\200\004"
 3014      0400
 3015 112e5 16C219E0 		.string	"\026\302\031\340\fA\366\374\004\276\016\350\r\202\001\237\374/\210\274\016\276\004J\030\2
 3015      0C41F6FC 
 3015      04BE0EE8 
 3015      0D82019F 
 3015      FC2F88BC 
 3016 1132b 86801880 		.string	"\206\200\030\200\004\200\026\340\031\200\030\234\004\363\274B\020<\004\200\026\f\f\230\36
 3016      048016E0 
 3016      1980189C 
 3016      04F3BC42 
 3016      103C0480 
 3017 11378 8803C0FF 		.string	"\210\003\300\377d\001\020"
 3017      64011000 
 3018 11380 00       		.string	""
 3019 11381 404028C0 		.string	"@@(\300\263f\261"
 3019      B366B100 
 3020 11389 407C0EC0 		.string	"@|\016\300\234gA\207\265\276\016|\004\250\ns\361L"
 3020      9C674187 
 3020      B5BE0E7C 
 3020      04A80A73 
 3020      F14C00
 3021 1139c 28BAC0FF 		.string	"(\272\300\377\201k\210cm\230\200\365\210\013h\020\241\013<D\276\004\214\025\200\365\201kh
 3021      816B8863 
 3021      6D9880F5 
 3021      880B6810 
 3021      A10B3C44 
 3022 113dd 16C917A4 		.string	"\026\311\027\244\277"
 3022      BF00
 3023 113e3 00       		.string	""
 3024 113e4 E686400A 		.string	"\346\206@\nE\007\341\276\001e\220+Y4\200\033\354\004\002\020\241\033\311>\304\007\376u\00
 3024      4507E1BE 
 3024      0165902B 
 3024      5934801B 
 3024      EC040210 
 3025 1141e 402B4801 		.string	"@+H\001\363\364@-g\315\340\f\0166`\f\0026u8\210\013#\013\357\314\016\006\230\361\216\013\
 3025      F3F4402D 
 3025      67CDE00C 
 3025      0E36600C 
 3025      02367538 
 3026 11440 F27C0C0C 		.string	"\362|\f\f\301\303\335\223\372\f\004\f\202{"
 3026      C1C3DD93 
 3026      FA0C040C 
 3026      827B00
 3027 1144f 6B6D210C 		.string	"km!\f\t\201\201@,\340\204@\n@\306\212\345\2051a\004\203A"
 3027      09818140 
 3027      2CE08440 
 3027      0A40C68A 
 3027      E5853161 
 3028 11467 048C0B00 		.string	"\004\214\013"
 3029 1146b 86637D0C 		.string	"\206c}\f\025yx\300\013\202+h\024c\021\f\t@J\300-\202\305\340\200o\370^\bH\030\214\013\214
 3029      157978C0 
 3029      0B822B68 
 3029      1463110C 
 3029      09404AC0 
 3030 114a5 8BEFF446 		.string	"\213\357\364F8\214\013\f\t\350\024\300,m\001e=L\001\220\013\300\"\362\f\f\f\301\303\335\2
 3030      388C0B0C 
 3030      09E814C0 
 3030      2C6D0165 
 3030      3D4C0190 
 3031 114c7 090200   		.string	"\t\002"
 3032 114ca C02CE51D 		.string	"\300,\345\035\354\004@\306\202\245\203\021a\004"
 3032      EC0440C6 
 3032      82A58311 
 3032      610400
 3033 114d9 168004E1 		.string	"\026\200\004\341\f\001\206\002\006"
 3033      0C018602 
 3033      0600
 3034 114e3 04801EE8 		.string	"\004\200\036\350"
 3034      00
 3035 114e8 A10BDD93 		.string	"\241\013\335\223\332"
 3035      DA00
 3036 114ee 5C086104 		.string	"\\\ba\004@\306\200\004\201\021\335\223\200\026\372|\004L\202k"
 3036      40C68004 
 3036      8111DD93 
 3036      8016FA7C 
 3036      044C826B 
 3037 11503 7B6D390E 		.string	"{m9\016\t\201\201@,\340\200@\n\016\t\234\345\300-c\021mAN\201@J\300,@p\340\200^8\334"
 3037      09818140 
 3037      2CE08040 
 3037      0A0E099C 
 3037      E5C02D63 
 3038 11528 1406C800 		.string	"\024\006\310"
 3039 1152c 91B16138 		.string	"\221\261a8\016\t\213\365\300-c\021\340\200@\n\022\006\004u\002\006\300"
 3039      0E098BF5 
 3039      C02D6311 
 3039      E080400A 
 3039      12060475 
 3040 11544 5DCD7941 		.string	"]\315yA]\270\216\013\001\325\357\370\0031\200\213\f\033\216\013b\030\222+"
 3040      5DB88E0B 
 3040      01D5EFF8 
 3040      0331808B 
 3040      0C1B8E0B 
 3041 1155d 8BEFF412 		.string	"\213\357\364\022\n\202\221\374\325\340@mA\016\t\241\013\300,"
 3041      0A8291FC 
 3041      D5E0406D 
 3041      410E09A1 
 3041      0BC02C00 
 3042 11571 00       		.string	""
 3043 11572 14058000 		.string	"\024\005\200"
 3044 11576 02668000 		.string	"\002f\200"
 3045 1157a 40130D41 		.string	"@\023\rA\016\t"
 3045      0E0900
 3046 11581 0A802C14 		.string	"\n\200,\024\005\360\004@\263\200"
 3046      05F00440 
 3046      B38000
 3047 1158c A18B00   		.string	"\241\213"
 3048 1158f 00       		.string	""
 3049 11590 01118AF5 		.string	"\001\021\212\365Qx\216\013\016\t\350"
 3049      51788E0B 
 3049      0E09E800 
 3050 1159c 402C6D41 		.string	"@,mA\241\013\200\213"
 3050      A10B808B 
 3050      00
 3051 115a5 00       		.string	""
 3052 115a6 14058000 		.string	"\024\005\200"
 3053 115aa 02768000 		.string	"\002v\200"
 3054 115ae 40130D41 		.string	"@\023\rA\016\t"
 3054      0E0900
 3055 115b5 0A802C14 		.string	"\n\200,\024\005\360\004\002\226"
 3055      05F00402 
 3055      9600
 3056 115bf 00       		.string	""
 3057 115c0 40138000 		.string	"@\023\200"
 3058 115c4 A18B00   		.string	"\241\213"
 3059 115c7 00       		.string	""
 3060 115c8 0E1B8295 		.string	"\016\033\202\225@\026f5\016)\216\013\300,m\to\310A\210\200\213\202\031mA\016\t\202\001\30
 3060      40166635 
 3060      0E298E0B 
 3060      C02C6D09 
 3060      6FC84188 
 3061 1160b 15853140 		.string	"\025\2051@\013c\205"
 3061      0B638500 
 3062 11613 25814140 		.string	"%\201A@\013\340\024,H\372"
 3062      0BE0142C 
 3062      48FA00
 3063 1161e 040C0C09 		.string	"\004\f\f\t\200k\300,mQ`\200@\n\202\205\201\001h"
 3063      806BC02C 
 3063      6D516080 
 3063      400A8285 
 3063      81016800 
 3064 11632 56880C19 		.string	"V\210\f\031\214\013\300-g\311@`\253\033h8\234"
 3064      8C0BC02D 
 3064      67C94060 
 3064      AB1B6838 
 3064      9C00
 3065 11644 0C198FFC 		.string	"\f\031\217\374\300,mQ\340\204B\nbX\202\205\214\013o\354g\311\f\031\261\033\300-\234"
 3065      C02C6D51 
 3065      E084420A 
 3065      62588285 
 3065      8C0B6FEC 
 3066 11662 40608FFC 		.string	"@`\217\374g(mQ\f\031B\n\300,\202\245\340\210h"
 3066      67286D51 
 3066      0C19420A 
 3066      C02C82A5 
 3066      E0886800 
 3067 11676 56280C19 		.string	"V(\f\031\214\013\300-g\311\200\265\263\033\f\f\214\013\313\365\362"
 3067      8C0BC02D 
 3067      67C980B5 
 3067      B31B0C0C 
 3067      8C0BCBF5 
 3068 1168c F200     		.string	"\362"
 3069 1168e 0C0CC1C3 		.string	"\f\f\301\303\335\223\372\204\004\f\f\t\200k\300-e1\340\200@J\f\t\200\345\300-e5\340\200@\
 3069      DD93FA84 
 3069      040C0C09 
 3069      806BC02D 
 3069      6531E080 
 3070 116e2 40600810 		.string	"@`\b\020k\250\232\200\002tmQ\f\t@\n\300,\204%\340\214a4A\006\340\bE\246\002t"
 3070      6BA89A80 
 3070      02746D51 
 3070      0C09400A 
 3070      C02C8425 
 3071 11703 044C21FA 		.string	"\004L!\372\200\300+l\035\214\013"
 3071      80C02B6C 
 3071      1D8C0B00 
 3072 1170f 26E800   		.string	"&\350"
 3073 11712 4D68F4F5 		.string	"Mh\364\365\241\013\004\006\017\021\335\315yA\f\f\214\013\013X\362\204\301\303\377\370\372
 3073      A10B0406 
 3073      0F11DDCD 
 3073      79410C0C 
 3073      8C0B0B58 
 3074 11733 6B6FE065 		.string	"ko\340eh"
 3074      6800
 3075 11739 7B8111E1 		.string	"{\201\021\341HA\206\200\b\200\004\340\220@\n\f\t\214\305\300-g\315\340\204@\n\f\t\214\005
 3075      48418680 
 3075      088004E0 
 3075      90400A0C 
 3075      098CC5C0 
 3076 1177c EFE07948 		.string	"\357\340yHa8\001\006\340\fC\366\f)\200\004\300-g\315\340\210DJ\300"
 3076      61380106 
 3076      E00C43F6 
 3076      0C298004 
 3076      C02D67CD 
 3077 11796 40154216 		.string	"@\025B\026\3765\214\013`"
 3077      FE358C0B 
 3077      6000
 3078 117a0 EFE07828 		.string	"\357\340x(g\315\f\t@"
 3078      67CD0C09 
 3078      4000
 3079 117aa C02D4C01 		.string	"\300-L\001\363\354\300-g\315\216\013\003\021\357\340aH\fL\201\001\335\223\362\004\376|\00
 3079      F3ECC02D 
 3079      67CD8E0B 
 3079      0311EFE0 
 3079      61480C4C 
 3080 117dd 2A911C81 		.string	"*\221\034\201\001`\004"
 3080      01600400 
 3081 117e5 98FE0EC0 		.string	"\230\376\016\300"
 3081      00
 3082 117ea 40016450 		.string	"@\001dP\002\360w\230\214\013\200\253\357\310`H\002\006d\230\214\013"
 3082      02F07798 
 3082      8C0B80AB 
 3082      EFC86048 
 3082      02066498 
 3083 11801 60E81440 		.string	"`\350\024@\td\001a\001\022\006|\016\300 \346\344\020\006\201q\t\025n\031\f\013@\n\300\025
 3083      09640161 
 3083      0112067C 
 3083      0EC020E6 
 3083      E4100681 
 3084 1182b B9160AC0 		.string	"\271\026\n\300\033\212e\343\374@\001\001x\276\004\300"
 3084      1B8A65E3 
 3084      FC400101 
 3084      78BE04C0 
 3084      00
 3085 1183c 0406A10B 		.string	"\004\006\241\013\006\026"
 3085      061600
 3086 11843 24406080 		.string	"$@`\200"
 3086      00
 3087 11848 42901C00 		.string	"B\220\034"
 3088 1184c 42629C00 		.string	"Bb\234"
 3089 11850 450650A0 		.string	"E\006P\240\006F\300\030@`@"
 3089      0646C018 
 3089      40604000 
 3090 1185c 68F8DC00 		.string	"h\370\334"
 3091 11860 0B34E804 		.string	"\0134\350\004\344@\n\360\214\033\f\013\226K|$\357\310u\210\241\253\200\253~\024\204\265\2
 3091      E4400AF0 
 3091      8C1B0C0B 
 3091      964B7C24 
 3091      EFC87588 
 3092 118af C6801880 		.string	"\306\200\030\200\004\363\370B\020\335\223\200\026\372\204\004\f\200{\002k\357\354y\210\20
 3092      04F3F842 
 3092      10DD9380 
 3092      16FA8404 
 3092      0C807B02 
 3093 118ef 15853140 		.string	"\025\2051@\013\004\020\203A\0258\354(\301\303\340\024\372"
 3093      0B041083 
 3093      411538EC 
 3093      28C1C3E0 
 3093      14FA00
 3094 11902 040C0C09 		.string	"\004\f\f\t\200k\300-g\311\2025\255\013o\374Q\310\241\013\214\013\f\t\202\265\300-g\311p\0
 3094      806BC02D 
 3094      67C98235 
 3094      AD0B6FFC 
 3094      51C8A10B 
 3095 11923 0A80D581 		.string	"\n\200\325\201\001\f\f\214\013\020\330\362"
 3095      010C0C8C 
 3095      0B10D8F2 
 3095      00
 3096 11930 0C0CFFFC 		.string	"\f\f\377\374\335\223\362"
 3096      DD93F200 
 3097 11938 FA84040C 		.string	"\372\204\004\f\201q"
 3097      817100
 3098 1193f 6B       		.ascii	"k"
 3099 11940 6D150C09 		.string	"m\025\f\t@\n\300,\214\305\340\220o\354U\310Z\270\214\013\214\013o\354o\354h\350\f\t\214\0
 3099      400AC02C 
 3099      8CC5E090 
 3099      6FEC55C8 
 3099      5AB88C0B 
 3100 1196b 60026000 		.string	"`\002`"
 3101 1196f E1805407 		.string	"\341\200T\007\001\007A\004`\006`"
 3101      01074104 
 3101      60066000 
 3102 1197b 54805806 		.string	"T\200X\006A\217\320B\250d\271\f\t\241\013\3008\007\001"
 3102      418FD042 
 3102      A864B90C 
 3102      09A10BC0 
 3102      38070100 
 3103 1198f 60026000 		.string	"`\002`"
 3104 11993 54805407 		.string	"T\200T\007A\017\320G\210\006@\004`\f\t\200X\3008c!\200\305\241\013\f\f\214\013+\270\362\2
 3104      410FD047 
 3104      88064004 
 3104      600C0980 
 3104      58C03863 
 3105 119c7 6B0C09EF 		.string	"k\f\t\357\334\300,m\rm\025\f\031\f+\300,\300\026f1l\355\fy@J@,\f\211\340\200\300,lql\361\
 3105      DCC02C6D 
 3105      0D6D150C 
 3105      190C2BC0 
 3105      2CC01666 
 3106 11a64 0D154C01 		.string	"\r\025L\001\020\n@,\204e\377\374z\200"
 3106      100A402C 
 3106      8465FFFC 
 3106      7A8000
 3107 11a73 84FA8002 		.string	"\204\372\200\002t\f\t\201\033"
 3107      740C0981 
 3107      1B00
 3108 11a7d 2C0D1580 		.string	",\r\025\200"
 3108      00
 3109 11a82 02060D11 		.string	"\002\006\r\021L\021@"
 3109      4C114000 
 3110 11a8a 802C4C01 		.string	"\200,L\001\223\340\200,\r\025\f\f\201\001\335\223\362\f\372"
 3110      93E0802C 
 3110      0D150C0C 
 3110      8101DD93 
 3110      F20CFA00 
 3111 11a9e 040C6800 		.string	"\004\fh"
 3112 11aa2 43084898 		.string	"C\bH\230\200k\214\013h\fl\021\f\t@\n\300+\204e\340\224\357\334@\006@\n\200\b\202\265\340\
 3112      806B8C0B 
 3112      680C6C11 
 3112      0C09400A 
 3112      C02B8465 
 3113 11aec 80B5A10B 		.string	"\200\265\241\013h"
 3113      6800
 3114 11af2 44E88101 		.string	"D\350\201\001\214\013\362"
 3114      8C0BF200 
 3115 11afa 0C0CC1C3 		.string	"\f\f\301\303\335\223l!"
 3115      DD936C21 
 3115      00
 3116 11b03 1945C640 		.string	"\031E\306@+@!\340\b\300+l\035B&\243\033@\021\200"
 3116      2B4021E0 
 3116      08C02B6C 
 3116      1D4226A3 
 3116      1B401180 
 3117 11b18 802B0C1D 		.string	"\200+\f\035\247\033\212E\245\033\202\005\200"
 3117      A71B8A45 
 3117      A51B8205 
 3117      8000
 3118 11b26 42360C1D 		.string	"B6\f\035@\021\205\025\200+\340"
 3118      40118515 
 3118      802BE000 
 3119 11b32 42466C1D 		.string	"BFl\035@\021\002\206@+\204(\357\334\360\300D \340@\004\n\204(\200\345\360\300D \340\200\0
 3119      40110286 
 3119      402B8428 
 3119      EFDCF0C0 
 3119      4420E040 
 3120 11b5d 298426C0 		.string	")\204&\300+l\021\340\224D\n\300"
 3120      2B6C11E0 
 3120      94440AC0 
 3120      00
 3121 11b6a 0416C0A0 		.string	"\004\026\300\240B!n\t"
 3121      42216E09 
 3121      00
 3122 11b73 1BC419C0 		.string	"\033\304\031\300\025n\t@\023"
 3122      156E0940 
 3122      1300
 3123 11b7d 86401580 		.string	"\206@\025\200\030\357\334\363\370B\020\335\223\200\026\372\234\004\f\201\001"
 3123      18EFDCF3 
 3123      F84210DD 
 3123      938016FA 
 3123      9C040C81 
 3124 11b93 7B6FE042 		.string	"{o\340Bh\201\201\201\021l!\016\t\200k@+\340\bC\326l\035N\021\245\013\300+\247\013\210E\01
 3124      68818181 
 3124      116C210E 
 3124      09806B40 
 3124      2BE00843 
 3125 11bc0 00       		.string	""
 3126 11bc1 04C0FF4E 		.string	"\004\300\377N\003\374\224@\025n\t`\230\216\013H8\357\274\216\013h"
 3126      03FC9440 
 3126      156E0960 
 3126      988E0B48 
 3126      38EFBC8E 
 3127 11bd8 64D50E09 		.string	"d\325\016\t\247\013\300+\245\013\206\005"
 3127      A70BC02B 
 3127      A50B8605 
 3127      00
 3128 11be5 8608C5A3 		.string	"\206\b\305\243\013\217\334\003\325\210\365\357\334"
 3128      0B8FDC03 
 3128      D588F5EF 
 3128      DC00
 3129 11bf3 866E090E 		.string	"\206n\t\016\013@"
 3129      0B4000
 3130 11bfa C015C0FF 		.string	"\300\025\300\377sq\374\224"
 3130      7371FC94 
 3130      00
 3131 11c03 046E094E 		.string	"\004n\tN\003\f\f\300\025\335\223\362\234\357\334"
 3131      030C0CC0 
 3131      15DD93F2 
 3131      9CEFDC00 
 3132 11c13 86424A80 		.string	"\206BJ\200\030\200\345\340\214l\025\016\031B\n\300+\200\245\340\204\001U\200\b\374\b"
 3132      1880E5E0 
 3132      8C6C150E 
 3132      19420AC0 
 3132      2B80A5E0 
 3133 11c2f 04C80980 		.string	"\004\310\t\200\b\357\334\002\206O\230\204\006\216\013o\344\357\334\022\206@\n\244\b\202\2
 3133      08EFDC02 
 3133      864F9884 
 3133      068E0B6F 
 3133      E4EFDC12 
 3134 11c5e 49688725 		.string	"Ih\207%\216\013\216\013?\021\362\234\f\f\377\340\021\310n\t\016\005\002\006@\t\300\372`\0
 3134      8E0B8E0B 
 3134      3F11F29C 
 3134      0C0CFFE0 
 3134      11C86E09 
 3135 11c92 00       		.string	""
 3136 11c93 4600     		.string	"F"
 3137 11c95 02401AE1 		.string	"\002@\032\341L\003\206\004\016\204\024\016\013\225\021\300\025n\t\374\230"
 3137      4C038604 
 3137      0E84140E 
 3137      0B9511C0 
 3137      156E09FC 
 3138 11cab 046E094E 		.string	"\004n\tN\003\216\013@\025\357\340O\210`<A\366`\030\203\021G\330\357xR\201\357\360\003\021
 3138      038E0B40 
 3138      15EFE04F 
 3138      88603C41 
 3138      F6601883 
 3139 11cda 040C0146 		.string	"\004\f\001F"
 3139      00
 3140 11cdf 6B00     		.string	"k"
 3141 11ce1 04E124E0 		.string	"\004\341$\340\bC\346l\035L\021EF@+\f\025\341$\300\tn\t\210$\200\b\b4\305\007\360\fD"
 3141      0843E66C 
 3141      1D4C1145 
 3141      46402B0C 
 3141      15E124C0 
 3142 11d04 681079A8 		.string	"h\020y\250\002\206\214\013H\206o\334\206\016\340<\304$\206\004h\261\f;H\n\300\n"
 3142      02868C0B 
 3142      48866FDC 
 3142      860EE03C 
 3142      C4248604 
 3143 11d21 0E6692C3 		.string	"\016f\222\303\320d"
 3143      D06400
 3144 11d28 600E400A 		.string	"`\016@\n\210#\311G@\002\305\r\002\t\221\210@"
 3144      8823C947 
 3144      4002C50D 
 3144      02099188 
 3144      4000
 3145 11d3a C000     		.string	"\300"
 3146 11d3c 4201DC04 		.string	"B\001\334\004"
 3146      00
 3147 11d41 064000   		.string	"\006@"
 3148 11d44 4C05C000 		.string	"L\005\300"
 3149 11d48 C00564CD 		.string	"\300\005d\315\362"
 3149      F200
 3150 11d4e 0C0CC1C3 		.string	"\f\f\301\303\335\223n\t"
 3150      DD936E09 
 3150      00
 3151 11d57 15040640 		.string	"\025\004\006@\t\300\372`\001d\315"
 3151      09C0FA60 
 3151      0164CD00 
 3152 11d63 05422AC0 		.string	"\005B*\300\005\320\007\340\006\341\204\004\024\300\035\204\003\300"
 3152      05D007E0 
 3152      06E18404 
 3152      14C01D84 
 3152      03C000
 3153 11d76 00       		.string	""
 3154 11d77 4600     		.string	"F"
 3155 11d79 06400AE1 		.string	"\006@\n\341L\003\206\204\016\204\024\301\303\335\223\372"
 3155      4C038684 
 3155      0E8414C1 
 3155      C3DD93FA 
 3155      00
 3156 11d8a 040C41F6 		.string	"\004\fA\366"
 3156      00
 3157 11d8f 6B4C01E0 		.string	"kL\001\340\b@+l\035HX\267\021\214\013o\340d\315\f\025\002\212\300\005\200\365\345\224\214
 3157      08402B6C 
 3157      1D4858B7 
 3157      118C0B6F 
 3157      E064CD0C 
 3158 11db2 0C0CE010 		.string	"\f\f\340\020\006\310\214\013;\021\357\340GH`\004BF\214\013\201!\362"
 3158      06C88C0B 
 3158      3B11EFE0 
 3158      47486004 
 3158      42468C0B 
 3159 11dca 0C0CE010 		.string	"\f\f\340\020\006\b\372|\004L"
 3159      0608FA7C 
 3159      044C00
 3160 11dd5 0600     		.string	"\006"
 3161 11dd7 6B00     		.string	"k"
 3162 11dd9 04E13800 		.string	"\004\3418"
 3163 11ddd BC83B1E1 		.string	"\274\203\261\341\224"
 3163      9400
 3164 11de3 46A1AB80 		.string	"F\241\253\200\250\f)\202e@+l\035g8\214\013\224\033o\310\016\b\241\013\016`\300"
 3164      A80C2982 
 3164      65402B6C 
 3164      1D67388C 
 3164      0B941B6F 
 3165 11e00 40B36451 		.string	"@\263dQ`\270\214\013\216\033o\340g\315\f\t\002\004\300-B\n\341\220\202\031`\200\0061L\023
 3165      60B88C0B 
 3165      8E1B6FE0 
 3165      67CD0C09 
 3165      0204C02D 
 3166 11e48 C02D07CD 		.string	"\300-\007\315@"
 3166      4000
 3167 11e4e FE354C01 		.string	"\3765L\001\363\354\300-g\315d\321"
 3167      F3ECC02D 
 3167      67CD64D1 
 3167      00
 3168 11e5b 60106040 		.string	"`\020`@\263\300\257d\021\201\241\017\016\201\221\023\245\373\374\026\n\023\021\246\005Ax\
 3168      B3C0AF64 
 3168      1181A10F 
 3168      0E819113 
 3168      A5FBFC16 
 3169 11e84 C02B6C1D 		.string	"\300+l\035A&\234\245L\001\340"
 3169      41269CA5 
 3169      4C01E000 
 3170 11e90 402B6C1D 		.string	"@+l\035]\330\214\013\017\024\350"
 3170      5DD88C0B 
 3170      0F14E800 
 3171 11e9c 63388C0B 		.string	"c8\214\013\031\021\357\340\177\370\214\013Af\357\334L\001\340"
 3171      1911EFE0 
 3171      7FF88C0B 
 3171      4166EFDC 
 3171      4C01E000 
 3172 11eb0 402B6C1D 		.string	"@+l\035o8\214\013\200\253\350"
 3172      6F388C0B 
 3172      80ABE800 
 3173 11ebc 98F5A1AB 		.string	"\230\365\241\253\340"
 3173      E000
 3174 11ec2 41366C1D 		.string	"A6l\035L\001\214\013@+\350\020Yh\241\253\200\253AF\226\225L\001\340"
 3174      4C018C0B 
 3174      402BE810 
 3174      5968A1AB 
 3174      80AB4146 
 3175 11edc 402B6C1D 		.string	"@+l\035Jx\214\013\200\253\350\024\2245\241\253m\t\f\t\f\033\300,\300\026f5l\004\004"
 3175      4A788C0B 
 3175      80ABE814 
 3175      9435A1AB 
 3175      6D090C09 
 3176 11efc E000     		.string	"\340"
 3177 11efe 41566C1D 		.string	"AVl\035L\001\236)@+\214\013\002\031\357\300w\350\241\253\200\253Av\216\225L\001\340"
 3177      4C019E29 
 3177      402B8C0B 
 3177      0219EFC0 
 3177      77E8A1AB 
 3178 11f1c 402B6C1D 		.string	"@+l\035T\370\214\013\200\253\357\374\2145\241\253a8"
 3178      54F88C0B 
 3178      80ABEFFC 
 3178      8C35A1AB 
 3178      613800
 3179 11f2f 06E000   		.string	"\006\340"
 3180 11f32 43864C11 		.string	"C\206L\021\200\004@+l\035"
 3180      8004402B 
 3180      6C1D00
 3181 11f3d 1C85115E 		.string	"\034\205\021^8\214\013\200\253\357\364\2105\241\253lq\f\tC\226@,L\021\340"
 3181      388C0B80 
 3181      ABEFF488 
 3181      35A1AB6C 
 3181      710C0943 
 3182 11f58 C02B6C1D 		.string	"\300+l\035\343\374"
 3182      E3FC00
 3183 11f5f 0A0C1980 		.string	"\n\f\031\200\345\300,l\355\026\006\201\033\001\365\200"
 3183      E5C02C6C 
 3183      ED160681 
 3183      1B01F580 
 3183      00
 3184 11f70 411681A1 		.string	"A\026\201\241L\001\340"
 3184      4C01E000 
 3185 11f78 402B6C1D 		.string	"@+l\035B8\214\013"
 3185      42388C0B 
 3185      00
 3186 11f81 ABE800   		.string	"\253\350"
 3187 11f84 A1AB8391 		.string	"\241\253\203\221\203\221\344%\216\033\f\013\357\340Th\220\033\f\013\357\340W\250\330\345\
 3187      8391E425 
 3187      8E1B0C0B 
 3187      EFE05468 
 3187      901B0C0B 
 3188 11faa 41A66C1D 		.string	"A\246l\035L\001@`@+S\330\234"
 3188      4C014060 
 3188      402B53D8 
 3188      9C00
 3189 11fb8 940B8FC8 		.string	"\224\013\217\310\362|\fL\301\303\335\223\372\004\004\f\354P\036\360\003\006"
 3189      F27C0C4C 
 3189      C1C3DD93 
 3189      FA04040C 
 3189      EC501EF0 
 3190 11fcf 6B0C0BE0 		.string	"k\f\013\340\b\300\025n\tl\035L\021\203\021@+m\tL\021@J\300,\201\001`\224\r\r\f\031L\003\3
 3190      08C0156E 
 3190      096C1D4C 
 3190      11831140 
 3190      2B6D094C 
 3191 12016 021AA000 		.string	"\002\032\240"
 3192 1201a 00       		.string	""
 3193 1201b 38442080 		.string	"8D \200\305L!\363\334\300,m\rf5\f\033D @\026L\001\363\340@,l\355L!\302)@,m\r\340\fE\366l\
 3193      C54C21F3 
 3193      DCC02C6D 
 3193      0D66350C 
 3193      1B442040 
 3194 120fa 4060CFEC 		.string	"@`\317\354g\310eQ\f\tCF@+\004\024\341\004"
 3194      67C86551 
 3194      0C094346 
 3194      402B0414 
 3194      E10400
 3195 1210d 00       		.string	""
 3196 1210e 8551     		.ascii	"\205Q"
 3197 12110 8E09EC04 		.string	"\216\t\354\004\f\t\204\006\3008c-@\006!\013L\001\340\b\300+l\035\f\t\202\365\3008c\025\00
 3197      0C098406 
 3197      C038632D 
 3197      4006210B 
 3197      4C01E008 
 3198 12136 0A8600   		.string	"\n\206"
 3199 12139 C5A30B80 		.string	"\305\243\013\200"
 3199      00
 3200 1213e 0A660A46 		.string	"\nf\nF\241\013\002`\200"
 3200      A10B0260 
 3200      8000
 3201 12148 40546541 		.string	"@TeAd\021\004`\b`\300\236@\242fq\3440"
 3201      64110460 
 3201      0860C09E 
 3201      40A26671 
 3201      E43000
 3202 1215b F006F021 		.string	"\360\006\360!V\177X\344\020\241\013\357\200\f\035\f)\002\006@+\204\265\300\004`\bD\026dP"
 3202      567F58E4 
 3202      10A10BEF 
 3202      800C1D0C 
 3202      29020640 
 3203 1217b 604C21C0 		.string	"`L!\300\236@+l\035d\241\002`x\030\300\243\241\013\357\200\f)\206\005@+l\035\340\004\002\0
 3203      9E402B6C 
 3203      1D64A102 
 3203      607818C0 
 3203      A3A10BEF 
 3204 121dd 04E00C66 		.string	"\004\340\ff\321\006`\f)\300T@\025c\rf\341\b`\f\031\300\243\300\025c\tl\035LQbx\300+\f\t\3
 3204      D106600C 
 3204      29C05440 
 3204      15630D66 
 3204      E108600C 
 3205 1220f 466C1D4C 		.string	"Fl\035L\001\206E\300+f\261"
 3205      018645C0 
 3205      2B66B100 
 3206 1221b 60026040 		.string	"`\002`@\277\300\300e!d\301\004`\006`@\255\300\255e!o\254r\210f \b`"
 3206      BFC0C065 
 3206      2164C104 
 3206      60066040 
 3206      ADC0AD65 
 3207 12239 60C0AE40 		.string	"`\300\256@\330eapx\201\021\004\306opwe\340\020\301\303\201q\370|\004\314m\r"
 3207      D8656170 
 3207      78811104 
 3207      C66F7077 
 3207      65E010C1 
 3208 12257 C9031640 		.string	"\311\003\026@,@\021\340\b@+l\035\357\334H\006ly"
 3208      2C4011E0 
 3208      08402B6C 
 3208      1DEFDC48 
 3208      066C7900 
 3209 1226b 1900     		.string	"\031"
 3210 1226d 79C02C40 		.string	"y\300,@,lu\374"
 3210      2C6C75FC 
 3210      00
 3211 12276 10C46D0D 		.string	"\020\304m\r@\201"
 3211      408100
 3212 1227d ABC02CC0 		.string	"\253\300,\300\026f1"
 3212      16663100 
 3213 12285 198D1EC0 		.string	"\031\215\036\300,m\tc\025"
 3213      2C6D0963 
 3213      1500
 3214 1228f B500     		.string	"\265"
 3215 12291 69C00BC0 		.string	"i\300\013\300,l\371"
 3215      2C6CF900 
 3216 12299 198F1EC0 		.string	"\031\217\036\300,l\365f5"
 3216      2C6CF566 
 3216      3500
 3217 122a3 5B00     		.string	"["
 3218 122a5 99C016C0 		.string	"\231\300\026\300,l\361\370`\b)\340\204D\n\017\033\206U\006\020\2031\002\nD\004\006\026\34
 3218      2C6CF1F8 
 3218      600829E0 
 3218      84440A0F 
 3218      1B865506 
 3219 122c7 00       		.string	""
 3220 122c8 4031E3FC 		.string	"@1\343\374@,l\365\200\205\203!\004\220\225\233@!\304\004@,l\361\202\317\361\021\304\311\0
 3220      402C6CF5 
 3220      80858321 
 3220      0490959B 
 3220      4021C404 
 3221 1236e 02166CF9 		.string	"\002\026l\371@\021"
 3221      401100
 3222 12375 29C02C40 		.string	")\300,@,l\375\377\370\002\016\377\370\f\016\343\374\004\nD\004\002 \340\264J\nl\375@\021\
 3222      2C6CFDFF 
 3222      F8020EFF 
 3222      F80C0EE3 
 3222      FC040A44 
 3223 123c7 19832140 		.string	"\031\203!@,m\t@!\002\n\300,\210\325\343\360\215\024\205u\002\n\2174\202\245\373\374z\200\
 3223      2C6D0940 
 3223      21020AC0 
 3223      2C88D5E3 
 3223      F08D1485 
 3224 123ff 19912140 		.string	"\031\221!@,x\210D\302\374\f\030\304\203!$\317m\t@!\002\n@,@\301\343\360\300,m\r\f\020\200
 3224      2C788844 
 3224      C2FC0C18 
 3224      C4832124 
 3224      CF6D0940 
 3225 1242f 19A11BC0 		.string	"\031\241\033\300,B\300\202\305@\021\363\274\300,m\rB\020\220\030\220\026\363\370m\r"
 3225      2C42C082 
 3225      C54011F3 
 3225      BCC02C6D 
 3225      0D421090 
 3226 1244b C98315C0 		.string	"\311\203\025\300,\340\214XJ"
 3226      2CE08C58 
 3226      4A00
 3227 12455 198225C0 		.string	"\031\202%\300+l\021\340\224BJX\300"
 3227      2B6C11E0 
 3227      94424A58 
 3227      C000
 3228 12463 B558C0DC 		.string	"\265X\300\334@@\301\363\274\300,m\r\340\214XJ"
 3228      4040C1F3 
 3228      BCC02C6D 
 3228      0DE08C58 
 3228      4A00
 3229 12475 158405C0 		.string	"\025\204\005\300\013c\025\202e\241\033c5"
 3229      0B631582 
 3229      65A11B63 
 3229      3500
 3230 12483 25831140 		.string	"%\203\021@\013\002 \227+@\025\304\004\300\013c5\360|\f\314\301\303\335\223\372\004\004Lh\
 3230      0B022097 
 3230      2B4015C4 
 3230      04C00B63 
 3230      35F07C0C 
 3231 124ad 8A816182 		.string	"\212\201a\202\325\341\270l\035\016)\fF@+\002F\340\f\216\013`\f\357\304p\250\f\006\241\013
 3231      D5E1B86C 
 3231      1D0E290C 
 3231      46402B02 
 3231      46E00C8E 
 3232 124d0 F2040C4C 		.string	"\362\004\fL\301\303\335\223\372"
 3232      C1C3DD93 
 3232      FA00
 3233 124da 040C0C09 		.string	"\004\f\f\t\200k\300,l\375\200\365\241\013lm\f\t@J\300,\202e\340\214c5\f\005\241\013\300\0
 3233      806BC02C 
 3233      6CFD80F5 
 3233      A10B6C6D 
 3233      0C09404A 
 3234 12558 6D154C01 		.string	"m\025L\001\f\f\300,\335\223\362"
 3234      0C0CC02C 
 3234      DD93F200 
 3235 12564 6D150C19 		.string	"m\025\f\031L\001\300,\300,m\005L\021\306\031\300,m\025\301\303\3775\202\305\251;\002\245\
 3235      4C01C02C 
 3235      C02C6D05 
 3235      4C11C619 
 3235      C02C6D15 
 3236 12598 8975FF70 		.string	"\211u\377p\\\b\241+E4\232"
 3236      5C08A12B 
 3236      45349A00 
 3237 125a4 EC040420 		.string	"\354\004\004 {\375F0\301>\337\377\2011\377e\2031\201E\335\223\201%\370\034\004\f\220\001E
 3237      7BFD4630 
 3237      C13EDFFF 
 3237      8131FF65 
 3237      83318145 
 3238 1268f 2900     		.string	")"
 3239 12691 498131BE 		.string	"I\2011\276>\340\020\305'|>\247+~>f\212FJ\n&\203A\030\006"
 3239      3EE010C5 
 3239      277C3EA7 
 3239      2B7E3E66 
 3239      8A464A0A 
 3240 126ab 00       		.string	""
 3241 126ac 82658000 		.string	"\202e\200"
 3242 126b0 8151252B 		.string	"\201Q%+\201A\003\301\243+\200\305\001Q\200\365\201A\201\301\374\316\276^\300\b\376N"
 3242      814103C1 
 3242      A32B80C5 
 3242      015180F5 
 3242      814181C1 
 3243 126cd 3400     		.string	"4"
 3244 126cf 1301B5FA 		.string	"\023\001\265\372\200HJ\2011\n\360a\n\2021\344\020\nE\304G\305F\374\020\372\200\b4\374\225
 3244      80484A81 
 3244      310AF061 
 3244      0A8231E4 
 3244      100A45C4 
 3245 126ff 2900     		.string	")"
 3246 12701 49813185 		.string	"I\2011\205Q`\024|>\276>'+\305'\346\212HJ\030\026~>\202\005\200"
 3246      5160147C 
 3246      3EBE3E27 
 3246      2BC527E6 
 3246      8A484A18 
 3247 1271c 81C1252B 		.string	"\201\301%+\243+\200\245\001Q\200\325\276^\201\301\376\316\374>\2011B\b"
 3247      A32B80A5 
 3247      015180D5 
 3247      BE5E81C1 
 3247      FECEFC3E 
 3248 12735 4400     		.string	"D"
 3249 12737 1381A5FA 		.string	"\023\201\245\372\200a\nHJ\344\020\n\360\304G\2021\374\020\nE\b4\305F\301M\372\200\001\001
 3249      80610A48 
 3249      4AE4100A 
 3249      F0C44782 
 3249      31FC100A 
 3250 12784 1C988175 		.string	"\034\230\201u\354\004\020\200\335\230\361\226\241\213\331\226\030"
 3250      EC041080 
 3250      DD98F196 
 3250      A18BD996 
 3250      1800
 3251 12796 FE358961 		.string	"\3765\211adtqx\201U\354\004\f`\241k\325v\035Q\376u\201U\200\313\nPqh\321f\354\004\376u\24
 3251      64747178 
 3251      8155EC04 
 3251      0C60A16B 
 3251      D5761D51 
 3252 127cd 20FE7583 		.string	" \376u\2031l\004h\200"
 3252      316C0468 
 3252      8000
 3253 127d7 340800   		.string	"4\b"
 3254 127da 81C100   		.string	"\201\301"
 3255 127dd 346C040A 		.string	"4l\004\n"
 3255      00
 3256 127e2 E8888101 		.string	"\350\210\201\001l\004\201a\003E\016T\351-"
 3256      6C048161 
 3256      03450E54 
 3256      E92D00
 3257 127f1 0448B082 		.string	"\004H\260\202U\333\200\350\260\016D"
 3257      55DB80E8 
 3257      B00E4400 
 3258 127fd 6000     		.string	"`"
 3259 127ff 7300     		.string	"s"
 3260 12801 34E4300E 		.string	"4\3440\016th\200\016\003\373\200\206\301\202a\372\265\215\033a\004B\006k\374\001\n\004\02
 3260      7468800E 
 3260      03FB8086 
 3260      C18261FA 
 3260      B58D1B61 
 3261 12823 04040100 		.string	"\004\004\001"
 3262 12827 00       		.string	""
 3263 12828 040CC080 		.string	"\004\f\300\200\f\f\201\001\335\223\360\034\372\004\004LB\026"
 3263      0C0C8101 
 3263      DD93F01C 
 3263      FA04044C 
 3263      421600
 3264 1283b 6B6298E0 		.string	"kb\230\340"
 3264      00
 3265 12840 0C09E80C 		.string	"\f\t\350\f@+lE\341\fBF\016`\004\024\300\257d1"
 3265      402B6C45 
 3265      E10C4246 
 3265      0E600414 
 3265      C0AF6431 
 3266 12855 0CA90B04 		.string	"\f\251\013\004\006\342"
 3266      06E200
 3267 1285c 71588E0B 		.string	"qX\216\013\214\033o\374d8\002`tx\216\013\f\031\357\374@+l9\344`"
 3267      8C1B6FFC 
 3267      64380260 
 3267      74788E0B 
 3267      0C19EFFC 
 3268 12877 606C410C 		.ascii	"`lA\f)\2011@+\fI\201\205\241K\374\004A\026\200u\202\021\2021"
 3268      29813140 
 3268      2B0C4981 
 3268      85A14BFC 
 3268      04411680 
 3269 12890 FE15C53D 		.ascii	"\376\025\305=l=\f\t\002`@+\f9\344t@+lEDb\201A\001\225\360\200"
 3269      6C3D0C09 
 3269      0260402B 
 3269      0C39E474 
 3269      402B6C45 
 3270 128ac 88589C21 		.ascii	"\210X\234!\200u\241[\202AE\006\202!\002\001\376\025\307MlE\f"
 3270      8075A15B 
 3270      82414506 
 3270      82210201 
 3270      FE15C74D 
 3271 128c3 298C0B40 		.ascii	")\214\013@+lA\f\031tx\300+B\230\357\374\214\013h\020\fL\201\001"
 3271      2B6C410C 
 3271      197478C0 
 3271      2B4298EF 
 3271      FC8C0B68 
 3272 128dc DD93F204 		.ascii	"\335\223\362\004"
 3273 128e0 FE7C040C 		.string	"\376|\004\f\355@\036\360@\026"
 3273      ED401EF0 
 3273      401600
 3274 128eb 6B089BE0 		.string	"k\b\233\340\004L\001\206\253@+l\035\001\001\204\273^\261\202\213\212{a0a ^\241\342\200\00
 3274      044C0186 
 3274      AB402B6C 
 3274      1D010184 
 3274      BB5EB182 
 3275 12937 84E18C02 		.string	"\204\341\214\002\204@"
 3275      844000
 3276 1293e 0D8E4E09 		.string	"\r\216N\t\361\300\340\004\016jq\204P\002\223~\217\001"
 3276      F1C0E004 
 3276      0E6A7184 
 3276      5002937E 
 3276      8F0100
 3277 12951 B8958E80 		.string	"\270\225\216\200"
 3277      00
 3278 12956 4001FA80 		.string	"@\001\372\200"
 3278      00
 3279 1295b 84150E90 		.string	"\204\025\016\220\001^\001\221\001\237\001`\260@\242\017\016\262\017\371\254\232\245\241\0
 3279      015E0191 
 3279      019F0160 
 3279      B040A20F 
 3279      0EB20FF9 
 3280 1297c F0AC50A2 		.string	"\360\254P\242\222\203\007el\035\f)Cv@+JX\340"
 3280      92830765 
 3280      6C1D0C29 
 3280      4376402B 
 3280      4A58E000 
 3281 12990 8C0B6FC4 		.string	"\214\013o\304^\261\241\013^\241\3010^\221\301 \025H\301\020\026\n\300"
 3281      5EB1A10B 
 3281      5EA1C130 
 3281      5E91C120 
 3281      1548C110 
 3282 129a8 81017000 		.string	"\201\001p"
 3283 129ac 440400   		.string	"D\004"
 3284 129af B0F000   		.string	"\260\360"
 3285 129b2 164A6200 		.string	"\026Jb"
 3286 129b6 020CF000 		.string	"\002\f\360"
 3287 129ba 144A6200 		.string	"\024Jb"
 3288 129be 040C141A 		.string	"\004\f\024\032\202\203\201\021p"
 3288      82838111 
 3288      7000
 3289 129c8 240502A0 		.string	"$\005\002\240\204\203@"
 3289      84834000 
 3290 129d0 7000     		.string	"p"
 3291 129d2 124A060C 		.string	"\022J\006\f\201!\022\032b"
 3291      8121121A 
 3291      6200
 3292 129dc 0490F000 		.string	"\004\220\360"
 3293 129e0 4000     		.string	"@"
 3294 129e2 2405049B 		.string	"$\005\004\233\206\203\200\273\202\253\362e\350\215^\261\223\004^\241\3410\021\004\341 ^\2
 3294      868380BB 
 3294      82ABF265 
 3294      E88D5EB1 
 3294      93045EA1 
 3295 12a0c 1E75897E 		.string	"\036u\211~\026\n@ \020t\373\374\260\003\372\200D"
 3295      160A4020 
 3295      1074FBFC 
 3295      B003FA80 
 3295      4400
 3296 12a1e 0C251504 		.string	"\f%\025\004\360|\340\200P\n\241+\210u\240\001\210\205`\320^\001\363\300B"
 3296      F07CE080 
 3296      500AA12B 
 3296      8875A001 
 3296      888560D0 
 3297 12a38 65C4028A 		.string	"e\304\002\212\002\200\216\013"
 3297      02808E0B 
 3297      00
 3298 12a41 80043C5E 		.string	"\200\004<^\021\214\004\203\205\200\320l\035\f)Cv@+D\030\340"
 3298      118C0483 
 3298      8580D06C 
 3298      1D0C2943 
 3298      76402B44 
 3299 12a58 8C0B6FC4 		.string	"\214\013o\304\340"
 3299      E000
 3300 12a5e 4F760F48 		.string	"Ov\017H\241\013\233\241\300"
 3300      A10B9BA1 
 3300      C000
 3301 12a68 E1205EA1 		.string	"\341 ^\241\241+\361E\204@"
 3301      A12BF145 
 3301      844000
 3302 12a73 00       		.string	""
 3303 12a74 60D05E01 		.string	"`\320^\001^\001\216\013"
 3303      5E018E0B 
 3303      00
 3304 12a7d F0E0C016 		.string	"\360\340\300\026\360e"
 3304      F06500
 3305 12a84 3E0EE4D0 		.string	">\016\344\320\344\300\b\360\004\360\013.<\276\3450\344\260\n\360\214\013\001\021h"
 3305      E4C008F0 
 3305      04F00B2E 
 3305      3CBEE530 
 3305      E4B00AF0 
 3306 12a9e 4DE81EA9 		.string	"M\350\036\251\214;\024\n`\300\206\005\373\374\340\200N\nD<\002p\314\004"
 3306      8C3B140A 
 3306      60C08605 
 3306      FBFCE080 
 3306      4E0A443C 
 3307 12ab7 70C0D05E 		.string	"p\300\320^\021\213\004\202\265\340@"
 3307      118B0482 
 3307      B5E04000 
 3308 12ac3 0AC0281E 		.string	"\n\300(\036\005\304@"
 3308      05C44000 
 3309 12acb 00       		.string	""
 3310 12acc 80281E05 		.string	"\200(\036\005`\320^\001^\001\216\013"
 3310      60D05E01 
 3310      5E018E0B 
 3310      00
 3311 12ad9 F0E0C004 		.string	"\360\340\300\004\360d\360>\016\345 \344\300\b\360\n\360<\276\003\021\344\260K8\214\013\21
 3311      F064F03E 
 3311      0EE520E4 
 3311      C008F00A 
 3311      F03CBE03 
 3312 12af8 60C01E99 		.string	"`\300\036\231\373\374\022\nPJ\206\245\016p\340\200^q\314\004\204\225\300\320\241\013\213\
 3312      FBFC120A 
 3312      504A86A5 
 3312      0E70E080 
 3312      5E71CC04 
 3313 12b26 60D0028A 		.string	"`\320\002\212\363\300\016\200\345\304^q\214\b^q\200\320"
 3313      F3C00E80 
 3313      E5C45E71 
 3313      8C085E71 
 3313      80D000
 3314 12b39 F0E0C004 		.string	"\360\340\300\004\360d\340>\016\345\020\344\300\b\360\n\360<\276\005\021\344\260H8\214\013
 3314      F064E03E 
 3314      0EE510E4 
 3314      C008F00A 
 3314      F03CBE05 
 3315 12b58 807B8581 		.string	"\200{\205\201\226\325\241{\214;\023\024\036\031\217\004\241\033`\300@\020\036%\372\200"
 3315      96D5A17B 
 3315      8C3B1314 
 3315      1E198F04 
 3315      A11B60C0 
 3316 12b73 04FB8040 		.string	"\004\373\200@\242{\200@\222\372\200\002\024@ ^%\373\200B\022\004\004\221\004\214\013z\200
 3316      A27B8040 
 3316      92FA8002 
 3316      1440205E 
 3316      25FB8042 
 3317 12ba4 40C6603C 		.string	"@\306`<"
 3317      00
 3318 12ba9 04E10801 		.string	"\004\341\b\001!\205\021\002\006\201q"
 3318      21851102 
 3318      06817100 
 3319 12bb5 16C000   		.string	"\026\300"
 3320 12bb8 E1084106 		.string	"\341\bA\006\002,\200\004"
 3320      022C8004 
 3320      00
 3321 12bc1 26E200   		.string	"&\342"
 3322 12bc4 E1084146 		.string	"\341\bAF"
 3322      00
 3323 12bc9 168004E1 		.string	"\026\200\004\341\bA\206\002\f\200\004"
 3323      08418602 
 3323      0C800400 
 3324 12bd5 26E200   		.string	"&\342"
 3325 12bd8 E10841C6 		.string	"\341\bA\306"
 3325      00
 3326 12bdd 168004E1 		.string	"\026\200\004\341\f"
 3326      0C00
 3327 12be3 06831100 		.string	"\006\203\021"
 3328 12be7 0400     		.string	"\004"
 3329 12be9 4600     		.string	"F"
 3330 12beb 168004E1 		.string	"\026\200\004\341\f"
 3330      0C00
 3331 12bf1 8600     		.string	"\206"
 3332 12bf3 868004E1 		.string	"\206\200\004\341\f\2154\200&\237\024\241\004L1\235$\300'g\341g\345L\001L\021\300'\300'g\3
 3332      0C8D3480 
 3332      269F14A1 
 3332      044C319D 
 3332      24C02767 
 3333 12c34 442AC000 		.string	"D*\300"
 3334 12c38 D017668E 		.string	"\320\027f\216\346\222@\n\200#\202#iYL%\016\013\300\b\345@\036\360\366|\f\f\301\303\335\22
 3334      E692400A 
 3334      80238223 
 3334      69594C25 
 3334      0E0BC008 
 3335 12c9f 00       		.string	""
 3336 12ca0 4E728000 		.string	"Nr\200"
 3337 12ca4 0E7491A0 		.string	"\016t\221\240\030y\232\200\026\264|$\230\223\210\234\244v\266\177\016p\210x\210v\354\004\
 3337      18799A80 
 3337      16B47C24 
 3337      9893889C 
 3337      A476B67F 
 3338 12ce4 0E904AA7 		.string	"\016\220J\247P\240\355D\260s\360\200\220x\230v\354\004\016p\201\265\220v\363\374\025\n\01
 3338      50A0ED44 
 3338      B073F080 
 3338      90789876 
 3338      EC040E70 
 3339 12d1b 29436640 		.string	")Cf@+m\270\340\bMfo\300\241\013\340\b\201a\200U\fL\214\013\335\223\362|\370|\004\f\354@\0
 3339      2B6DB8E0 
 3339      084D666F 
 3339      C0A10BE0 
 3339      08816180 
 3340 12d44 9131408B 		.string	"\2211@\213\201A\001U\0060IN\241;\354\004\001!\376\225\001Q\2011\213\225\201A\020D|.~\036\
 3340      81410155 
 3340      0630494E 
 3340      A13BEC04 
 3340      0121FE95 
 3341 12d9a 58168B61 		.string	"X\026\213a,/"
 3341      2C2F00
 3342 12da1 00       		.string	""
 3343 12da2 0CF6FA80 		.string	"\f\366\372\200\016$N\n\205u\206e\344\244z\200\b\244\360"
 3343      0E244E0A 
 3343      85758665 
 3343      E4A47A80 
 3343      08A4F000 
 3344 12db6 065A7000 		.string	"\006Zp"
 3345 12dba 060A041C 		.string	"\006\n\004\034\230\273\002Tb"
 3345      98BB0254 
 3345      6200
 3346 12dc4 4447FA80 		.string	"DG\372\200\334"
 3346      DC00
 3347 12dca 56604402 		.string	"V`D\002\005\033\004\025\360\220@\bk\255\200\020\026\006D\025\226\023\300\bk\255`\f\022\03
 3347      051B0415 
 3347      F0904008 
 3347      6BAD8010 
 3347      16064415 
 3348 12df4 B19BE200 		.string	"\261\233\342"
 3349 12df8 7C24F635 		.string	"|$\3665\276D\2039|\f\004\n\002\f\202!~\024\342"
 3349      BE448339 
 3349      7C0C040A 
 3349      020C8221 
 3349      7E14E200 
 3350 12e0c 82118243 		.string	"\202\021\202C\364<\005\n\001\001\350\305\f\f\240\361\335\223\360|\372|\004\f\3540\036\360
 3350      F43C050A 
 3350      0101E8C5 
 3350      0C0CA0F1 
 3350      DD93F07C 
 3351 12e2b 6B4C01E0 		.string	"kL\001\340"
 3351      00
 3352 12e30 402B6C1D 		.string	"@+l\035|\016\201\001qx\214\013\f\t\350"
 3352      7C0E8101 
 3352      71788C0B 
 3352      0C09E800 
 3353 12e40 C02B65F9 		.string	"\300+e\371\340\200@\n\005\001"
 3353      E080400A 
 3353      050100
 3354 12e4b 60020640 		.string	"`\002\006@\233O\370\300"
 3354      9B4FF8C0 
 3354      00
 3355 12e54 04064F6C 		.string	"\004\006Ol\f\t\300\030\300+l!\210\365\253\013m!\f\t@"
 3355      0C09C018 
 3355      C02B6C21 
 3355      88F5AB0B 
 3355      6D210C09 
 3356 12e6a C02CC209 		.string	"\300,\302\t\363\360m!L\001\214\013@,\357\364z\310m!\f\t\200{@,C\006!{\203!\357\334@"
 3356      F3F06D21 
 3356      4C018C0B 
 3356      402CEFF4 
 3356      7AC86D21 
 3357 12e8e 0426C409 		.string	"\004&\304\t\363\360m!L\001\202e\300,l\035\f)\214\013@+o\300a\250\241\013\216\033\300"
 3357      F3F06D21 
 3357      4C018265 
 3357      C02C6C1D 
 3357      0C298C0B 
 3358 12eae 0C388111 		.string	"\f8\201\021\001q\201\241\023U\022\264>4\320\235\372\200"
 3358      017181A1 
 3358      135512B4 
 3358      3E34D09D 
 3358      FA8000
 3359 12ec1 4A9C359A 		.string	"J\2345\232\305\373\374p"
 3359      C5FBFC70 
 3359      00
 3360 12eca 060A0111 		.string	"\006\n\001\021\226\013\204\005\201!\360\004\006\n"
 3360      960B8405 
 3360      8121F004 
 3360      060A00
 3361 12ed9 00       		.string	""
 3362 12eda 00       		.string	""
 3363 12edb 069C00   		.string	"\006\234"
 3364 12ede 42B00406 		.string	"B\260\004\006\002%\006\n\200"
 3364      0225060A 
 3364      8000
 3365 12ee8 82B5F008 		.string	"\202\265\360\b\201\021\001\001L\001\226+\300'g\345g\351L\021L!\300'\300'g\355\200\365\241
 3365      81110101 
 3365      4C01962B 
 3365      C02767E5 
 3365      67E94C11 
 3366 12f2e 4E88807B 		.string	"N\210\200{|\004e\371\f\031D\206@+@\n\340<B\n\340\n\317\007\340\200\204\005\374\016z\200\0
 3366      7C0465F9 
 3366      0C194486 
 3366      402B400A 
 3366      E03C420A 
 3367 12f52 04600614 		.string	"\004`\006\024\300\233\0043\340\210\214\016\202#\344"
 3367      C09B0433 
 3367      E0888C0E 
 3367      8223E400 
 3368 12f62 44B14411 		.string	"D\261D\021\274\024\f\033\345"
 3368      BC140C1B 
 3368      E500
 3369 12f6c 40156AF9 		.string	"@\025j\371\303\r\202\241\321\235\206%\007\365\f\t\026\260@'\346u\304\004j\365\f\033\301\0
 3369      C30D82A1 
 3369      D19D8625 
 3369      07F50C09 
 3369      16B04027 
 3370 12fa4 160A83D5 		.string	"\026\n\203\325C\366p\024\206\025\340\f\002\n\274\024\204\225\360\fj\365\f\033\301\035\300
 3370      43F67014 
 3370      8615E00C 
 3370      020ABC14 
 3370      8495F00C 
 3371 12fd2 414667F5 		.string	"AFg\365L\001C\366@'\003\n\340\f\206\325\364\fg\365\f\t"
 3371      4C0143F6 
 3371      4027030A 
 3371      E00C86D5 
 3371      F40C67F5 
 3372 12fe9 4AC02786 		.string	"J\300'\206\005\373\374g\341\f)\214\013@'\202\021>\036\002\024<\036A\330\372\200\200\213\3
 3372      05FBFC67 
 3372      E10C298C 
 3372      0B402782 
 3372      113E1E02 
 3373 13008 1656EB8D 		.string	"\026V\353\215"
 3373      00
 3374 1300d 0600     		.string	"\006"
 3375 1300f 00       		.string	""
 3376 13010 D4658000 		.string	"\324e\200"
 3377 13014 E000     		.string	"\340"
 3378 13016 413667F5 		.string	"A6g\365L\001L\241\300'@&l\361s\330\214\013A\006\357\264\201\021o\334\016\013\200\026\f\f\
 3378      4C014CA1 
 3378      C0274026 
 3378      6CF173D8 
 3378      8C0B4106 
 3379 13043 59A71B40 		.string	"Y\247\033@'\030$\0011\025<\341\214\005A\217a\200\004\017V\002\026\004\205%\033\200"
 3379      27182401 
 3379      31153CE1 
 3379      8C05418F 
 3379      6180040F 
 3380 13060 E0084EA6 		.string	"\340\bN\246"
 3380      00
 3381 13065 00       		.string	""
 3382 13066 02068000 		.string	"\002\006\200"
 3383 1306a 1006231B 		.string	"\020\006#\033\202e\002\225\201A\003V\201\021\203A`\004\201\021)\026\022\360\203\201\260\2
 3383      82650295 
 3383      81410356 
 3383      81118341 
 3383      60048111 
 3384 1309d 00       		.string	""
 3385 1309e 0486E8B0 		.ascii	"\004\206\350\260\030d\bD\005UL\022\372\200\020\360p\210"
 3385      18640844 
 3385      05554C12 
 3385      FA8010F0 
 3385      7088
 3386 130b0 00       		.string	""
 3387 130b1 63E4500C 		.string	"c\344P\fy\213\033@'cA\341\374\f\024\fd\202cL\022\374"
 3387      798B1B40 
 3387      276341E1 
 3387      FC0C140C 
 3387      6482634C 
 3388 130c8 1069F198 		.string	"\020i\361\230Nr|\030\f\177\2300\241{\201aP\004Pp\301\204\016tLb~u\0064\320\240\210\023z\2
 3388      4E727C18 
 3388      0C7F9830 
 3388      A17B8161 
 3388      50045070 
 3389 130f1 34F6A50C 		.string	"4\366\245\f\314\372\200\335\223\360\034\372\f\004\f\202{"
 3389      CCFA80DD 
 3389      93F01CFA 
 3389      0C040C82 
 3389      7B00
 3390 13103 6B6D590C 		.string	"kmY\f\005\221!@\nn\r\f\025^\270\300\t\f)\357\250@+eQ\341\030CF\203Q\004\024\204\030\204Hc
 3390      05912140 
 3390      0A6E0D0C 
 3390      155EB8C0 
 3390      090C29EF 
 3391 13170 F20C0C0C 		.string	"\362\f\f\f\201\001\335\223\362\f\f\f\301\303\335\223d\301"
 3391      8101DD93 
 3391      F20C0C0C 
 3391      C1C3DD93 
 3391      64C100
 3392 13183 39021640 		.string	"9\002\026@+@\021\340\f@+l\035"
 3392      2B4011E0 
 3392      0C402B6C 
 3392      1D00
 3393 13191 198341C0 		.string	"\031\203A\300\025b\031f5"
 3393      15621966 
 3393      3500
 3394 1319b 2B00     		.string	"+"
 3395 1319d 59C016C0 		.string	"Y\300\026\300+e\rlu@\021"
 3395      2B650D6C 
 3395      75401100 
 3396 131a9 19C02C40 		.string	"\031\300,@+l\021p\005D @1\300\200@,l}~\371D "
 3396      2B6C1170 
 3396      05442040 
 3396      31C08040 
 3396      2C6C7D7E 
 3397 131c1 39C079C0 		.string	"9\300y\300+e\t`\224BJ@\021\205\021\300\"e\225m1@\021\002\006@,@A\300"
 3397      2B650960 
 3397      94424A40 
 3397      118511C0 
 3397      2265956D 
 3398 131e0 C02C6C8D 		.string	"\300,l\215l\205@Q@#\300,\300\026f5m5@1@\021\300,\300,\f\201\016\031@\023@\021\300\025\300
 3398      6C854051 
 3398      4023C02C 
 3398      C0166635 
 3398      6D354031 
 3399 13213 3B8444C0 		.string	";\204D\300\026\0064\202)@E\374"
 3399      16063482 
 3399      294045FC 
 3399      00
 3400 13220 400B6315 		.string	"@\013c\025@3\244?@\026f5\357\334\b\206`$\002)\374\f\0064\302'\220XJP\004)\244_\363\364\00
 3400      4033A43F 
 3400      40166635 
 3400      EFDC0886 
 3400      60240229 
 3401 13279 29F08040 		.string	")\360\200@+d\305@3\244?\300\026f5\340\020\0029@1\247+\300,lq"
 3401      2B64C540 
 3401      33A43FC0 
 3401      166635E0 
 3401      10023940 
 3402 13295 2980F5C0 		.string	")\200\365\300+l\021\340\224DJ\002)\202e\0029\340\030@!\340 \300,lyf1@3\002)\300\026"
 3402      2B6C11E0 
 3402      94444A02 
 3402      29826502 
 3402      39E01840 
 3403 132b9 39E03CC0 		.string	"9\340<\300,m!m9"
 3403      2C6D216D 
 3403      3900
 3404 132c3 598229C0 		.string	"Y\202)\300,\374"
 3404      2CFC00
 3405 132ca 0634601C 		.string	"\0064`\034\002)@1\244?@,m!\374\004\0064`@\002I\363\370JPl\211@!\004"
 3405      02294031 
 3405      A43F402C 
 3405      6D21FC04 
 3405      06346040 
 3406 132ea 402CC06E 		.string	"@,\300nd\301\204I\302G@A\246O@,m!\363\354H@\340D\0029\246_\2029m9@Q\0029\300,\3047\340H\2
 3406      64C18449 
 3406      C2474041 
 3406      A64F402C 
 3406      6D21F3EC 
 3407 13321 49E04CC0 		.string	"I\340L\300,m\025F0\3127H@p\200\246O\363|m\025@A\0029\300,"
 3407      2C6D1546 
 3407      30CA3748 
 3407      407080A6 
 3407      4FF37C6D 
 3408 1333d 49E050C0 		.string	"I\340P\300,mQ\bD\2029\246O\374"
 3408      2C6D5108 
 3408      448239A6 
 3408      4FFC00
 3409 1334c 6D514041 		.string	"mQ@A\bD@,\0029\374\004\3027\340T\250?\2049mQ@1\0064@,\002I\374\b\304G\340X\250?\210ImQ@1F
 3409      0844402C 
 3409      0239FC04 
 3409      C237E054 
 3409      A83F8439 
 3410 133ba 040CEC60 		.string	"\004\f\354`\036\360\f\005\200k\300\nmeb\031\f\031\f)\300\025\300+l!e\271\f9<\016\300+\021
 3410      1EF00C05 
 3410      806BC00A 
 3410      6D656219 
 3410      0C190C29 
 3411 133f7 24808580 		.string	"$\200\205\200"
 3411      00
 3412 133fc 45F61306 		.string	"E\366\023\006\003E\340\f\fK\2031@\025n\t\f%\375Q\300\rie!+\313G\006\f\205!\310Kb"
 3412      0345E00C 
 3412      0C4B8331 
 3412      40156E09 
 3412      0C25FD51 
 3413 13420 04161336 		.string	"\004\026\0236FB\300"
 3413      4642C000 
 3414 13428 0C49F994 		.string	"\fI\371\224\300+e\265\213!\t&"
 3414      C02B65B5 
 3414      8B210926 
 3414      00
 3415 13435 162706C0 		.string	"\026'\006\300@p\021\202I\013\016\214\013\0256\2316\2276\235&\233\026\241\026\237F\245\026
 3415      40701182 
 3415      490B0E8C 
 3415      0B153699 
 3415      3697369D 
 3416 13468 FA00     		.string	"\372"
 3417 1346a 040CEC60 		.string	"\004\f\354`\036\360p"
 3417      1EF07000 
 3418 13472 0216E004 		.string	"\002\026\340\004\004\006\201\001"
 3418      04068101 
 3418      00
 3419 1347b 6B83113E 		.string	"k\203\021>\036\213!\021&\233\026\274\016\237\006\235&\243\006\241\026\247\006\245\006\253
 3419      1E8B2111 
 3419      269B16BC 
 3419      0E9F069D 
 3419      26A306A1 
 3420 134b6 0C0CC1C3 		.string	"\f\f\301\303\335\223\372"
 3420      DD93FA00 
 3421 134be 040CEC60 		.string	"\004\f\354`\036\360\203!"
 3421      1EF08321 
 3421      00
 3422 134c7 6B61D10C 		.string	"ka\321\f\031\f9\300\025\300\025b\031me\f\005\211\026\300\ne\271\f\031\0216\300+<\016\2071
 3422      190C39C0 
 3422      15C01562 
 3422      196D650C 
 3422      058916C0 
 3423 1352a 0C0CC1C3 		.string	"\f\f\301\303\335\223\372"
 3423      DD93FA00 
 3424 13532 040CEC60 		.string	"\004\f\354`\036\360\203!"
 3424      1EF08321 
 3424      00
 3425 1353b 6B65B50C 		.string	"ke\265\f\t\201A@+b\031\f9\n\026@\025\274N\360"
 3425      09814140 
 3425      2B62190C 
 3425      390A1640 
 3425      15BC4EF0 
 3426 13550 618C0204 		.string	"a\214\002\004\0216\202\t\370\210B\022\2131\037\006\214\013>^\2356\233&\243F\241F\247\026\
 3426      11368209 
 3426      F8884212 
 3426      8B311F06 
 3426      8C0B3E5E 
 3427 13594 FA00     		.string	"\372"
 3428 13596 040CEC60 		.string	"\004\f\354`\036\360\004\026"
 3428      1EF00416 
 3428      00
 3429 1359f 6BC00460 		.string	"k\300\004`\021l!\f\t\2411@+\203!>.\2131\0216`4"
 3429      116C210C 
 3429      09A13140 
 3429      2B83213E 
 3429      2E8B3111 
 3430 135b7 4A020C81 		.string	"J\002\f\201\001\274\016\342"
 3430      01BC0EE2 
 3430      00
 3431 135c0 9D369B26 		.string	"\2356\233&\241\006\237\006\245&\243\006\251&\247\026\023\006\253\006\255&\214\013\225&\25
 3431      A1069F06 
 3431      A526A306 
 3431      A926A716 
 3431      1306AB06 
 3432 135f4 FA0C040C 		.string	"\372\f\004\f\002\006"
 3432      020600
 3433 135fb 6B7498E2 		.string	"kt\230\342\200@F\350\004\017\206`\004L\001\340\020@+l\035\201\225\214\213c\201\020\t@\370
 3433      804046E8 
 3433      040F8660 
 3433      044C01E0 
 3433      10402B6C 
 3434 13620 EC040E70 		.string	"\354\004\016p\374\365\241{Ev\001\021\f\013\340"
 3434      FCF5A17B 
 3434      45760111 
 3434      0C0BE000 
 3435 13630 0C0C8C3B 		.string	"\f\f\214;\251\025\362\fa\204\004\004\341\214\002\004p\200D \360<H"
 3435      A915F20C 
 3435      61840404 
 3435      E18C0204 
 3435      70804420 
 3436 13648 60840604 		.string	"`\204\006\004(/\240\031F0\306\007\242/q"
 3436      282FA019 
 3436      4630C607 
 3436      A22F7100 
 3437 13658 7200     		.string	"r"
 3438 1365a 4000     		.string	"@"
 3439 1365c 5D93A62F 		.string	"]\223\246/\301\303\244\017`\004H&d\fK\006@A\300 @+l\035d\rH\006\2015\300 \321\306\315\310
 3439      C1C3A40F 
 3439      60044826 
 3439      640C4B06 
 3439      4041C020 
 3440 1368f 6B00     		.string	"k"
 3441 13691 04E11447 		.string	"\004\341\024G\206\206{RF`\004L1\341,@+l\035"
 3441      86867B52 
 3441      4660044C 
 3441      31E12C40 
 3441      2B6C1D00 
 3442 136a5 38AD7BE0 		.string	"8\255{\3409\201\261"
 3442      3981B100 
 3443 136ad 0600     		.string	"\006"
 3444 136af 3600     		.string	"6"
 3445 136b1 04E118E0 		.string	"\004\341\030\340\004G\226l\035L1\2031@+\244\004\2006\206\205\200\266\212\005\243{\214\305
 3445      0447966C 
 3445      1D4C3183 
 3445      31402BA4 
 3445      04803686 
 3446 136eb B68004E1 		.string	"\266\200\004\341,\244\004\200\026B\020\200\030\200\026\363\344\001\206\213\245\200\004\34
 3446      2CA40480 
 3446      16421080 
 3446      188016F3 
 3446      E401868B 
 3447 13707 168004E1 		.string	"\026\200\004\341,\244\004\200&B\020\200\030\200\026\375\200\001\006\211\305\237\021a,"
 3447      2CA40480 
 3447      26421080 
 3447      188016FD 
 3447      80010689 
 3448 13721 B68004E1 		.string	"\266\200\004\341,\001F\200\026\200\004\200\030\244\004\363\344B\020\200\026\304\031\001\0
 3448      2C014680 
 3448      16800480 
 3448      18A404F3 
 3448      E4421080 
 3449 13743 168004E1 		.string	"\026\200\004\341,\244\004\200&\314\031\200\030\205\365\200\026a,\001\206\340"
 3449      2CA40480 
 3449      26CC1980 
 3449      1885F580 
 3449      16612C01 
 3450 1375a 437600   		.string	"Cv"
 3451 1375d B68004E1 		.string	"\266\200\004\341,\001\306\200\026\200\004\200\030\244\004\362|B\020\203\365\200\026a,\001
 3451      2C01C680 
 3451      16800480 
 3451      18A404F2 
 3451      7C421083 
 3452 1377a 437600   		.string	"Cv"
 3453 1377d B68004E1 		.string	"\266\200\004\341,\001\306\200\026\200\004\200\030\244\004\362|B\020\374\224\002\024\201\3
 3453      2C01C680 
 3453      16800480 
 3453      18A404F2 
 3453      7C4210FC 
 3454 137ef 167198E0 		.string	"\026q\230\340<\214\013h"
 3454      3C8C0B68 
 3454      00
 3455 137f8 614400   		.string	"aD"
 3456 137fb C6E13405 		.string	"\306\3414\005F\250\024\200\004\2008\210$H\n\204H\200\205\340\200\265K\210DF\n\216\025\200
 3456      46A81480 
 3456      04803888 
 3456      24480A84 
 3456      488085E0 
 3457 13835 168121E0 		.string	"\026\201!\340<B\206h"
 3457      3C428668 
 3457      00
 3458 1383e 6F4800   		.string	"oH"
 3459 13841 C68C0B05 		.ascii	"\306\214\013\005FaD\200\004\3414\210$\250\024\204H\2008\340\220"
 3459      46614480 
 3459      04E13488 
 3459      24A81484 
 3459      488038E0 
 3460 13856 480A8844 		.ascii	"H\n\210D\200\205\204u\263K\340\214F\n\2104\200\205\374u\263;"
 3460      80858475 
 3460      B34BE08C 
 3460      460A8834 
 3460      8085FC75 
 3461 1386c 6C1D0C29 		.ascii	"l\035\f)\021\306@+\003\306\340\bR\370\340\b\214\013o\274"
 3461      11C6402B 
 3461      03C6E008 
 3461      52F8E008 
 3461      8C0B6FBC 
 3462 13880 8045A30B 		.string	"\200E\243\013s\330\201\201$\004\350"
 3462      73D88181 
 3462      2404E800 
 3463 1388c E00802F6 		.string	"\340\b\002\366A\006"
 3463      410600
 3464 13893 B68004E1 		.string	"\266\200\004\341\024l\035L\021\200\030\300+\363\274B\020"
 3464      146C1D4C 
 3464      118018C0 
 3464      2BF3BC42 
 3464      1000
 3465 138a5 0600     		.string	"\006"
 3466 138a7 168004E1 		.string	"\026\200\004\341\030\220\013"
 3466      18900B00 
 3467 138af B6F27C0C 		.string	"\266\362|\fL\301\303\335\223`\004HVd \013\206@A\300 @+l\035d\021\b\006\2015\300 \321\306\
 3467      4CC1C3DD 
 3467      93600448 
 3467      5664200B 
 3467      864041C0 
 3468 13923 7B813101 		.string	"{\2011\001!\357\374k\b\016p"
 3468      21EFFC6B 
 3468      080E7000 
 3469 1392f 6BC09A66 		.string	"k\300\232f\361d\rQ\006\241\221@ \341\b\201u\357\374g\310\022\220]\006\241\233\354\004\214
 3469      F1640D51 
 3469      06A19140 
 3469      20E10881 
 3469      75EFFC67 
 3470 1395f 7B873101 		.string	"{\2071\001!\357\374i(\016p"
 3470      21EFFC69 
 3470      280E7000 
 3471 1396b 6BC0B366 		.string	"k\300\263f\261d!\021\206\023\206@ \201u\340\020e\330\341\b]\006\357\374\354\004\022\220\3
 3471      B1642111 
 3471      86138640 
 3471      208175E0 
 3471      1065D8E1 
 3472 13999 4600     		.string	"F"
 3473 1399b 6B00     		.string	"k"
 3474 1399d 04E118E0 		.string	"\004\341\030\340\004B6l\035L\021\203\261@+a0U\306"
 3474      0442366C 
 3474      1D4C1183 
 3474      B1402B61 
 3474      3055C600 
 3475 139b1 B68191E1 		.string	"\266\201\221\3414\020\306"
 3475      3410C600 
 3476 139b9 96A804E1 		.string	"\226\250\004\3414"
 3476      3400
 3477 139bf 06842880 		.string	"\006\204(\200\024\363\300D \200\004\204&\236\031\200\030\377@B\020"
 3477      14F3C044 
 3477      20800484 
 3477      269E1980 
 3477      18FF4042 
 3478 139d5 8600     		.string	"\206"
 3479 139d7 168004E1 		.string	"\026\200\004\3414\240\004\200\226\241\013\200\b\001F\200\365\200\004\3414\273\013\200\004
 3479      34A00480 
 3479      96A10B80 
 3479      08014680 
 3479      F58004E1 
 3480 13a11 B6812160 		.string	"\266\201!`x\214\013"
 3480      788C0B00 
 3481 13a19 C6E800   		.string	"\306\350"
 3482 13a1c 05466144 		.string	"\005FaD\200\004\3414\210$\240\024\204H\2008\200\205\241K\275K\210DF\n\204u\200\205\340\21
 3482      8004E134 
 3482      8824A014 
 3482      84488038 
 3482      8085A14B 
 3483 13a5e 652800   		.string	"e("
 3484 13a61 96A804E1 		.string	"\226\250\004\341\030"
 3484      1800
 3485 13a67 4600     		.string	"F"
 3486 13a69 9680040C 		.string	"\226\200\004\fL\216\013\335\223\362|"
 3486      4C8E0BDD 
 3486      93F27C00 
 3487 13a75 25A11B00 		.string	"%\241\033"
 3488 13a79 0B052181 		.string	"\013\005!\201,C\306\200"
 3488      2C43C680 
 3488      00
 3489 13a82 02158000 		.string	"\002\025\200"
 3490 13a86 4225A31B 		.string	"B%\243\033\200\305\245\033\200\205\203e\202%e1"
 3490      80C5A51B 
 3490      80858365 
 3490      82256531 
 3490      00
 3491 13a97 25020640 		.string	"%\002\006@\013\204\024\3410"
 3491      0B8414E1 
 3491      3000
 3492 13aa1 25842E40 		.string	"%\204.@\013e!\341,C\306\004.\204\024\3410\002\006e1"
 3492      0B6521E1 
 3492      2C43C604 
 3492      2E8414E1 
 3492      30020665 
 3493 13ab7 058414C0 		.string	"\005\204\024\300\013\335\223\204\016\370\f\004La\030\004F\b4\245\033\214F\201A\243\033\21
 3493      0BDD9384 
 3493      0EF80C04 
 3493      4C611804 
 3493      460834A5 
 3494 13add 399A3540 		.string	"9\2325@-e1\341,C\006K\266\004\024\211\301\340\f\204H\2029\363\370H@\2071&OCv\004F"
 3494      2D6531E1 
 3494      2C43064B 
 3494      B6041489 
 3494      C1E00C84 
 3495 13b01 49E00C40 		.string	"I\340\f@-e1e1"
 3495      2D653165 
 3495      3100
 3496 13b0b 00       		.string	""
 3497 13b0c 07D5C0B5 		.string	"\007\325\300\265"
 3497      00
 3498 13b11 49C24740 		.string	"I\302G@-e1\341,C\006\202I\2044JP\214X\250_\363\370\2044\214Ve1"
 3498      2D6531E1 
 3498      2C430682 
 3498      4984344A 
 3498      508C58A8 
 3499 13b2f 498C58C0 		.string	"I\214X\300-\210I\302G\363\354JP\214V\250_"
 3499      2D8849C2 
 3499      47F3EC4A 
 3499      508C56A8 
 3499      5F00
 3500 13b41 498434C0 		.string	"I\2044\300-e1\302G\214XJP\220I\250_\363\334\004\024\214V\340\bK\366e5"
 3500      2D6531C2 
 3500      478C584A 
 3500      509049A8 
 3500      5FF3DC04 
 3501 13b5f 39180640 		.string	"9\030\006@-\204H\340\004\2409\3107\363\274H@\2171&OC\366\004F"
 3501      2D8448E0 
 3501      04A039C8 
 3501      37F3BC48 
 3501      408F3126 
 3502 13b79 49E00440 		.string	"I\340\004@-e5e5"
 3502      2D653565 
 3502      3500
 3503 13b83 00       		.string	""
 3504 13b84 CA47C0B5 		.string	"\312G\300\265a,M\006\030t\230O\372\200\0064\212\217\234\210\234\206\250\217\200\b\230D\30
 3504      612C4D06 
 3504      1874984F 
 3504      FA800634 
 3504      8A8F9C88 
 3505 13bd4 A24FC08B 		.string	"\242O\300\213\nC\304G\201\325\201Q\030\300]\204L\205\354\004\241\313\360\020 1\376U\b@\20
 3505      0A43C447 
 3505      81D58151 
 3505      18C05D84 
 3505      4C85EC04 
 3506 13c00 7C95DC00 		.string	"|\225\334"
 3507 13c04 DC00     		.string	"\334"
 3508 13c06 4E306198 		.string	"N0a\230F\206\340"
 3508      4686E000 
 3509 13c0e 4B866516 		.string	"K\206e\026D*d"
 3509      442A6400 
 3510 13c16 00       		.string	""
 3511 13c17 00       		.string	""
 3512 13c18 0C34C08C 		.string	"\f4\300\214\340\fH\006\201Q\0035e\022LZ\360\260N\022"
 3512      E00C4806 
 3512      81510335 
 3512      65124C5A 
 3512      F0B04E12 
 3513 13c2d 6584638C 		.string	"e\204c\214s|0\210\301Dw\234n\206s\340\340\030\np\001\374U\265[\202Q\030\006~U\201\001\300
 3513      737C3088 
 3513      C144779C 
 3513      6E8673E0 
 3513      E0180A70 
 3514 13c50 F00C0C4C 		.string	"\360\f\fL\301\303\335\223\370<\004La\210\006\024\340\b\013\006\223!\006\031f\226J:\340\22
 3514      C1C3DD93 
 3514      F83C044C 
 3514      61880614 
 3514      E0080B06 
 3515 13c78 A24FC08B 		.string	"\242O\300\213\201\301\030S\016`\203u\211\201d@\212\253\b\233Y\256\201\205\354\004\020\200
 3515      81C11853 
 3515      0E608375 
 3515      89816440 
 3515      8AAB089B 
 3516 13caa 0840A5CB 		.string	"\b@\245\313\216kK\206\3725\b"
 3516      8E6B4B86 
 3516      FA350800 
 3517 13cb6 6000     		.string	"`"
 3518 13cb8 C0906580 		.string	"\300\220e\200e\026F:\340\f@\006\201Q\003Ue\002NZ\360\230P\022p\230RB\206s\210aN\212\216\2
 3518      6516463A 
 3518      E00C4006 
 3518      81510355 
 3518      65024E5A 
 3519 13cf6 0C068101 		.string	"\f\006\201\001\374\325\360<\fL\301\303\335\223\372"
 3519      FCD5F03C 
 3519      0C4CC1C3 
 3519      DD93FA00 
 3520 13d06 040C6FFC 		.string	"\004\fo\374Dh\214\013\200k\362"
 3520      44688C0B 
 3520      806BF200 
 3521 13d12 0C0CFFF0 		.string	"\f\f\377\360\005\350"
 3521      05E800
 3522 13d19 00       		.string	""
 3523 13d1a 5D93C028 		.string	"]\223\300(eA"
 3523      654100
 3524 13d21 00       		.string	""
 3525 13d22 5D93C02B 		.string	"]\223\300+f\021a\b\003\206\204\024\235!\003\006\004&\004$\341\b\b\026\203\021\341\024E\00
 3525      66116108 
 3525      03868414 
 3525      9D210306 
 3525      04260424 
 3526 13d4d 25C040C0 		.string	"%\300@\300\nn\361\241!G-\b\005"
 3526      0A6EF1A1 
 3526      21472D08 
 3526      0500
 3527 13d5b 29014600 		.string	")\001F"
 3528 13d5f 278004E1 		.string	"'\200\004\341(\001\006"
 3528      28010600 
 3529 13d67 268004E1 		.string	"&\200\004\341(\335\223\200\026\341(\003\206\204(\204\024\207+\2048\002 \376\265@\021\355\
 3529      28DD9380 
 3529      16E12803 
 3529      86842884 
 3529      14872B84 
 3530 13e27 0B070640 		.string	"\013\007\006@\025\f4\341D\207!\241+\346\206@\n"
 3530      150C34E1 
 3530      448721A1 
 3530      2BE68640 
 3530      0A00
 3531 13e39 C60C0E80 		.string	"\306\f\016\200\024\341D\\\b\204&\200\004\232"
 3531      14E1445C 
 3531      08842680 
 3531      049A00
 3532 13e48 424A8018 		.string	"BJ\200\030\376\245\340\214\200\026\201\021\301\303\335\223n\001"
 3532      FEA5E08C 
 3532      80168111 
 3532      C1C3DD93 
 3532      6E0100
 3533 13e5b 0B07C640 		.string	"\013\007\306@\025\f4\341D\207!\241+\346\206@\n\001\206\f\016\200\024\341D\\\b\204&\200\00
 3533      150C34E1 
 3533      448721A1 
 3533      2BE68640 
 3533      0A01860C 
 3534 13e7c 424A8018 		.string	"BJ\200\030\376\245\340\214\200\026\201\021\301\303\335\223\370"
 3534      FEA5E08C 
 3534      80168111 
 3534      C1C3DD93 
 3534      F800
 3535 13e8e 044C6138 		.string	"\004La8K\306\0244\205a\214H\241+\363\354H@HF\fF\020\304\341D\2606\2011\260f\220\30406\220
 3535      4BC61434 
 3535      85618C48 
 3535      A12BF3EC 
 3535      48404846 
 3536 13ebb 0BB0C4C0 		.string	"\013\260\304\300\025f\206@\n\260\016\207\021"
 3536      15668640 
 3536      0AB00E87 
 3536      1100
 3537 13ec9 169004E1 		.string	"\026\220\004\341<"
 3537      3C00
 3538 13ecf 0684C880 		.string	"\006\204\310\200\024\204\306\310\311\200\030\200\004\363\354B\020\224\004\200\026\310\031
 3538      1484C6C8 
 3538      C9801880 
 3538      04F3EC42 
 3538      10940480 
 3539 13efa 0C4CC1C3 		.string	"\fL\301\303\335\223aD"
 3539      DD936144 
 3539      00
 3540 13f03 C6800481 		.string	"\306\200\004\201\021\335\223\200\026\372\234\004\fC\346\002\233\bk\340\004@\021\206{@+l\0
 3540      11DD9380 
 3540      16FA9C04 
 3540      0C43E602 
 3540      9B086BE0 
 3541 13f28 C2676118 		.string	"\302ga\030\204i\004\024BF\004\226\204\024\341\030B\206\004\206\204\024\341\030B\006\004v\
 3541      84690414 
 3541      42460496 
 3541      8414E118 
 3541      42860486 
 3542 13f63 14841884 		.string	"\024\204\030\204(\313'\2144\202\031\004)\244\037\fZ\2004\214L\214H\340W\363\370H@"
 3542      28CB278C 
 3542      34821904 
 3542      29A41F0C 
 3542      5A80348C 
 3543 13f81 348C46F9 		.string	"4\214F\371\204@RB@\214H\214\026\362\374\301\303\335\223a\024C\206\341\300\004\004H"
 3543      84405242 
 3543      408C488C 
 3543      16F2FCC1 
 3543      C3DD9361 
 3544 13f9e 0414CA07 		.string	"\004\024\312\007\360\004\361"
 3544      F004F100 
 3545 13fa6 4000     		.string	"@"
 3546 13fa8 4306042C 		.string	"C\006\004,\204$\341\024F0\2108\250?\363\370\204\024\2106D \204(\240/\362\374\335\223\204&
 3546      8424E114 
 3546      46308838 
 3546      A83FF3F8 
 3546      84148836 
 3547 13fcf 9B066BE0 		.string	"\233\006k\340\004R\001\204{@+l\035{\330\202\213\022)\357\374@,n\225\341\034\002F\310\207\
 3547      04520184 
 3547      7B402B6C 
 3547      1D7BD882 
 3547      8B1229EF 
 3548 1402b 7B65350E 		.string	"{e5\0169\016)\300+\300+e9e=\016\031|X\300+\016\013\357\374f\270\214\033\241\013\350"
 3548      390E29C0 
 3548      2BC02B65 
 3548      39653D0E 
 3548      197C58C0 
 3549 1404c 0C0C8085 		.ascii	"\f\f\200\205"
 3550 14050 DD93F284 		.string	"\335\223\362\204\214\033\016\013\362\204\f\f\340"
 3550      8C1B0E0B 
 3550      F2840C0C 
 3550      E000
 3551 1405e 27E8FA3C 		.string	"'\350\372<\004\fA\246"
 3551      040C41A6 
 3551      00
 3552 14067 6B4C01E0 		.string	"kL\001\340\004@+l\035\340\004C\246o\374}\210\200{\214\013\244\325\241{e=\f)\f\031\300+\30
 3552      04402B6C 
 3552      1DE00443 
 3552      A66FFC7D 
 3552      88807B8C 
 3553 14095 8BEFA0E1 		.string	"\213\357\240\341\004\001F\220+"
 3553      04014690 
 3553      2B00
 3554 1409f 040CA580 		.ascii	"\004\f\245\200\224\300\tn\reA\f9\222\013\300"
 3554      94C0096E 
 3554      0D65410C 
 3554      39920BC0 
 3555 140af 2B6FA064 		.string	"+o\240d\210L\005\224\033@\013cm\f9\222\013@+eIc\330\224\033\220+o\240ceL\005\222\013@\013
 3555      884C0594 
 3555      1B400B63 
 3555      6D0C3992 
 3555      0B402B65 
 3556 141b0 0C0C8E0B 		.string	"\f\f\216\013\335\223\362<h\261"
 3556      DD93F23C 
 3556      68B100
 3557 141bb 1B060E40 		.string	"\033\006\016@\n\303\320d\001\341\204\004\024ly"
 3557      0AC3D064 
 3557      01E18404 
 3557      146C7900 
 3558 141cb 39862340 		.string	"9\206#@,\340\006B*\341\204\0044B*\202#"
 3558      2CE00642 
 3558      2AE18404 
 3558      34422A82 
 3558      2300
 3559 141dd 2BE00EC0 		.string	"+\340\016\300\nh\265\002\006\304\035B\022\200"
 3559      0A68B502 
 3559      06C41D42 
 3559      128000
 3560 141ec 4015D188 		.string	"@\025\321\210\300\013cu\301\303\335\223\372\234\004\f\f\031\200k\300+d\301eQ\f\231\fy\300
 3560      C00B6375 
 3560      C1C3DD93 
 3560      FA9C040C 
 3560      0C19806B 
 3561 14213 10C79765 		.string	"\020\307\227e\r\201\001\002\025\f\t\247\033\300,\0161\203\001\200\265n1L\001\f\t\300,@,m\
 3561      0D810102 
 3561      150C09A7 
 3561      1BC02C0E 
 3561      31830180 
 3562 14237 0A8E9302 		.string	"\n\216\223\002u\340\214@J\005M"
 3562      75E08C40 
 3562      4A054D00 
 3563 14243 6001C580 		.string	"`\001\305\200\255\005I"
 3563      AD054900 
 3564 1424b 60404AC0 		.string	"`@J\300\255"
 3564      AD00
 3565 14251 60E08C80 		.string	"`\340\214\200\255\005E\005A"
 3565      AD054505 
 3565      4100
 3566 1425b 608088C0 		.string	"`\200\210\300\255o\240N\b\002\224\220\013\201Az\200a\002F\032\020\033\214\013d\270\216+\f
 3566      AD6FA04E 
 3566      08029490 
 3566      0B81417A 
 3566      80610246 
 3567 142a8 0C0C8085 		.string	"\f\f\200\205\335\223\362\234l\035\f\031\214\013@+\362\234\f\f\301\303\237\205\370\004\004
 3567      DD93F29C 
 3567      6C1D0C19 
 3567      8C0B402B 
 3567      F29C0C0C 
 3568 142c7 1900     		.string	"\031"
 3569 142c9 19C02C40 		.string	"\031\300,@,m\r\202E\241\033\340\214BJ\005\241\004"
 3569      2C6D0D82 
 3569      45A11BE0 
 3569      8C424A05 
 3569      A10400
 3570 142dc 01C580B3 		.string	"\001\305\200\263\005\221\004"
 3570      05910400 
 3571 142e4 424AC0B3 		.string	"BJ\300\263\004"
 3571      0400
 3572 142ea E08C80B3 		.string	"\340\214\200\263\005\301\005\261\004"
 3572      05C105B1 
 3572      0400
 3573 142f4 00       		.string	""
 3574 142f5 69C0B3C0 		.string	"i\300\263\300+d\315"
 3574      2B64CD00 
 3575 142fd 5B8824C0 		.string	"[\210$\300\025j\321j\341"
 3575      156AD16A 
 3575      E100
 3576 14307 4BA36B40 		.string	"K\243k@\025h\311"
 3576      1568C900 
 3577 1430f CB00     		.string	"\313"
 3578 14311 3BC00AC0 		.string	";\300\n\300\nh\315\004a"
 3578      0A68CD04 
 3578      6100
 3579 1431b 6584C580 		.string	"e\204\305\200\005"
 3579      0500
 3580 14321 65A56B80 		.string	"e\245k\200\005\004]"
 3580      05045D00 
 3581 14329 75842540 		.string	"u\204%@\013cu\002\205\247k\234"
 3581      0B637502 
 3581      85A76B9C 
 3581      00
 3582 14336 4C70645D 		.string	"Lpd]"
 3582      00
 3583 1433b 65CC7DC0 		.string	"e\314}\300\005\004a"
 3583      05046100 
 3584 14343 654C6280 		.string	"eLb\200\005BJ\232\234\330\307`\214\002d\002\345XW\340\260JZ\330GHJ\340\n@U\340\n\300\013c
 3584      05424A9A 
 3584      9CD8C760 
 3584      8C026402 
 3584      E55857E0 
 3585 143a5 B600     		.string	"\266"
 3586 143a7 8B5001E0 		.string	"\213P\001\340\b@+l\035\006{\210\253N\030\204\233\202\013o\240o\240Oh!\013\200k\002\006\37
 3586      08402B6C 
 3586      1D067B88 
 3586      AB4E1884 
 3586      9B820B6F 
 3587 143cb 00       		.string	""
 3588 143cc 820302E5 		.string	"\202\003\002\345\202\225\323\r\204\245\243{P\225\241{\300\013\005!P\225\204\025\300\013e!
 3588      8295D30D 
 3588      84A5A37B 
 3588      5095A17B 
 3588      C00B0521 
 3589 14451 29C62D40 		.string	")\306-@+\f\035\300\bB\226\317\264s\350`\001"
 3589      2B0C1DC0 
 3589      084296CF 
 3589      B473E860 
 3589      0100
 3590 14463 0681317D 		.string	"\006\2011}\t\340\036@\n\345\032B\n\345\232D\nd\201"
 3590      09E01E40 
 3590      0AE51A42 
 3590      0AE59A44 
 3590      0A648100 
 3591 14477 104222C7 		.string	"\020B\"\307\241\004\016r\214\300\003t$o\\t\210\fL\2011\335\223\362\004\372"
 3591      A1040E72 
 3591      8CC00374 
 3591      246F5C74 
 3591      880C4C81 
 3592 14492 040C6C01 		.string	"\004\fl\001\f\022\201\021@(o`]\250\214\013\214+\362"
 3592      0C128111 
 3592      40286F60 
 3592      5DA88C0B 
 3592      8C2BF200 
 3593 144a6 0C0CC1C3 		.string	"\f\f\301\303\335\223\372"
 3593      DD93FA00 
 3594 144ae 040C4206 		.string	"\004\fB\006\002+\004\024\341\030\341$G\206\204\030\201a\2148\2144\202E\207\033`\b\003f\34
 3594      022B0414 
 3594      E118E124 
 3594      47868418 
 3594      81618C38 
 3595 144dc F200     		.string	"\362"
 3596 144de 0C0CC1C3 		.string	"\f\f\301\303\335\223\372"
 3596      DD93FA00 
 3597 144e6 040C4286 		.string	"\004\fB\206\002+\004\024\341\030\341$G\306\204\030\201a\2148\2144\202E\207\033`\b\003v\34
 3597      022B0414 
 3597      E118E124 
 3597      47C68418 
 3597      81618C38 
 3598 14514 F200     		.string	"\362"
 3599 14516 0C0CC1C3 		.string	"\f\f\301\303\335\223\372"
 3599      DD93FA00 
 3600 1451e 040C02C6 		.string	"\004\f\002\306\002+\004\024\341(\341\030GF\204\030\201a\2148\2144\2169\3117\202E\207\033`
 3600      022B0414 
 3600      E128E118 
 3600      47468418 
 3600      81618C38 
 3601 14550 F200     		.string	"\362"
 3602 14552 0C0CC1C3 		.string	"\f\f\301\303\335\223\372"
 3602      DD93FA00 
 3603 1455a 040C0286 		.string	"\004\f\002\206\002+\004\024\341(\341\030GF\204\030\201a\2148\2144\207\033\2369\003\226\20
 3603      022B0414 
 3603      E128E118 
 3603      47468418 
 3603      81618C38 
 3604 14586 0C060C0C 		.string	"\f\006\f\f\214\013\335\223\362"
 3604      8C0BDD93 
 3604      F200
 3605 14590 6C800412 		.string	"l\200\004\022\2011\201\021H"
 3605      81318111 
 3605      4800
 3606 1459a C53D00   		.string	"\305="
 3607 1459d 04500442 		.string	"\004P\004B\022\301\204\0060P\220\374\365\304\004\202\013]\223\372"
 3607      12C18406 
 3607      305090FC 
 3607      F5C40482 
 3607      0B5D93FA 
 3608 145b2 040C0C09 		.string	"\004\f\f\t\200k\300+e\265\340\204@\n\005\251\f\031@\206@+"
 3608      806BC02B 
 3608      65B5E084 
 3608      400A05A9 
 3608      0C194086 
 3609 145c9 05C100   		.string	"\005\301"
 3610 145cc 4011C000 		.string	"@\021\300"
 3611 145d0 8495C000 		.string	"\204\225\300"
 3612 145d4 6D210C09 		.string	"m!\f\t@\n\300,\202\305\340\200cy\f\025\2051@\013\214\013\003Ao\374m\250\214\013\202+\362"
 3612      400AC02C 
 3612      82C5E080 
 3612      63790C15 
 3612      8531400B 
 3613 145f6 0C0C8101 		.string	"\f\f\201\001\201e\362"
 3613      8165F200 
 3614 145fe 0C0CC1C3 		.string	"\f\f\301\303\335\223\372|\004L"
 3614      DD93FA7C 
 3614      044C00
 3615 14609 8600     		.string	"\206"
 3616 1460b 6B8004E1 		.string	"k\200\004\341<B\020\200\030\200\026\361\374e\265\f\t@J\300+"
 3616      3C421080 
 3616      188016F1 
 3616      FC65B50C 
 3616      09404AC0 
 3617 14621 04609880 		.string	"\004`\230\200\305\372"
 3617      C5FA00
 3618 14628 6CFD0C19 		.string	"l\375\f\031\241\033\300,\377\021\202\205\2025\202\rf\355\f\031\241\033\300&\002`\002\205\
 3618      A11BC02C 
 3618      FF118285 
 3618      8235820D 
 3618      66ED0C19 
 3619 14660 C02B65AD 		.string	"\300+e\255p\204D2\005\n\246\023\026\022d\374\022$\340"
 3619      70844432 
 3619      050AA613 
 3619      161264FC 
 3619      1224E000 
 3620 14674 400A1A80 		.string	"@\n\032\200"
 3620      00
 3621 14679 60E09040 		.string	"`\340\220@\231\006\361\300"
 3621      9906F1C0 
 3621      00
 3622 14682 02064F60 		.string	"\002\006O`Nh\300\030\004\006\025\206\017\276\001\001\341"
 3622      4E68C018 
 3622      04061586 
 3622      0FBE0101 
 3622      E100
 3623 14694 89758171 		.string	"\211u\201qa"
 3623      6100
 3624 1469a 4086E008 		.string	"@\206\340\bB\006\203!"
 3624      42068321 
 3624      00
 3625 146a3 048C0B00 		.string	"\004\214\013"
 3626 146a7 B6EFF87B 		.string	"\266\357\370{\350`<B\206Rx\214\013"
 3626      E8603C42 
 3626      8652788C 
 3626      0B00
 3627 146b5 7BEFE075 		.string	"{\357\340u\270\214\013\f\t\357\370@,m\001\360\240Db\241{(\024k\361D\001\204\b\300&A\366\2
 3627      B88C0B0C 
 3627      09EFF840 
 3627      2C6D01F0 
 3627      A04462A1 
 3628 14710 C00A6D61 		.string	"\300\nma\002\006\302\rL\021\300"
 3628      0206C20D 
 3628      4C11C000 
 3629 1471c C02606ED 		.string	"\300&\006\355\202\261\200\325\372\200\020\264\354\345\322\215e\265\f\031\202\221@+\340\22
 3629      82B180D5 
 3629      FA8010B4 
 3629      ECE5D28D 
 3629      65B50C19 
 3630 14752 42868321 		.string	"B\206\203!\004\024f\355L!\004\006\300&\340<A\366odJ\350C\006\201\021\214\013`\f\357\310\\
 3630      041466ED 
 3630      4C210406 
 3630      C026E03C 
 3630      41F66F64 
 3631 14780 04410260 		.string	"\004A\002`L\261\300\236@&f\345\005\261\002`\204\030\200\255\002\022\220\023\210\026\354\3
 3631      4CB1C09E 
 3631      402666E5 
 3631      05B10260 
 3631      841880AD 
 3632 147cc 44208428 		.string	"D \204(\004&\363\354\341<\002\206\204(\204\024\374\234\004$\200\004\204&\310\031\200\030\
 3632      0426F3EC 
 3632      E13C0286 
 3632      84288414 
 3632      FC9C0424 
 3633 147eb 16F27C0C 		.string	"\026\362|\fL\301\303\335\223\372"
 3633      4CC1C3DD 
 3633      93FA00
 3634 147f6 040C40A6 		.string	"\004\f@\246"
 3634      00
 3635 147fb 6B4C01E0 		.string	"kL\001\340"
 3635      00
 3636 14800 402B6C1D 		.ascii	"@+l\035iX\214\013n8\357\364\214\013o\350\f\031\241\013\200,\r"
 3636      69588C0B 
 3636      6E38EFF4 
 3636      8C0B6FE8 
 3636      0C19A10B 
 3637 14817 15937C42 		.ascii	"\025\223|B\020\r\025L\021"
 3637      100D154C 
 3637      11
 3638 14820 811100   		.string	"\201\021"
 3639 14823 2C6C214C 		.string	",l!L\021\f\f\300+\335\223\362"
 3639      110C0CC0 
 3639      2BDD93F2 
 3639      00
 3640 14830 FA1C044C 		.string	"\372\034\004L\201q"
 3640      817100
 3641 14837 6B66350C 		.string	"kf5\f\013C\366@\026Ls\357\374\300\026fq\340\200@J\f\031\230\205\300+lIlQ\f\211\f)\300+\30
 3641      0B43F640 
 3641      164C73EF 
 3641      FCC01666 
 3641      71E08040 
 3642 14882 00       		.string	""
 3643 14883 16888C00 		.string	"\026\210\214"
 3644 14887 040200   		.string	"\004\002"
 3645 1488a 10C50C39 		.string	"\020\305\f9\214\004@,m\t\340\204@\nf\206D*\372\200\b\024\201Q\001\021l\004"
 3645      8C04402C 
 3645      6D09E084 
 3645      400A6686 
 3645      442AFA80 
 3646 148a7 30400283 		.string	"0@\002\2031"
 3646      3100
 3647 148ad 09D098C0 		.string	"\t\320\230\300,\f\241l\351L\001\203\005\300,\204%\241\213z\200\030\204\350\224\0224`2XJ\3
 3647      2C0CA16C 
 3647      E94C0183 
 3647      05C02C84 
 3647      25A18B7A 
 3648 14905 04C000   		.string	"\004\300"
 3649 14908 02147A80 		.string	"\002\024z\200@\n\373\200\241\037\346\242fqL\023\216\013@\026\362\034\fL\301\303\335\223\3
 3649      400AFB80 
 3649      A11FE6A2 
 3649      66714C13 
 3649      8E0B4016 
 3650 1493f 699F7140 		.string	"i\237q@+lI"
 3650      2B6C4900 
 3651 14947 39818140 		.string	"9\201\201@+lQ"
 3651      2B6C5100 
 3652 1494f 49819140 		.string	"I\201\221@+B:\257vB\032\346\232\276\036\340\022lM"
 3652      2B423AAF 
 3652      76421AE6 
 3652      9ABE1EE0 
 3652      126C4D00 
 3653 14963 193C1EC0 		.string	"\031<\036\300+`1\002\016|\036\302A\340@\002\026\217\021\r\034\225\021\035\026\205\021\037
 3653      2B603102 
 3653      0E7C1EC2 
 3653      41E04002 
 3653      168F110D 
 3654 1499f C98365C0 		.string	"\311\203e\300+d \n\360\n)\202\261\200#\374\bh\201D\201\202\201@\033lA"
 3654      2B64200A 
 3654      F00A2982 
 3654      B18023FC 
 3654      08688144 
 3655 149bb 690A64C0 		.string	"i\nd\300+\004\264z\200\224S\372\200\372\265\313-"
 3655      2B04B47A 
 3655      809453FA 
 3655      80FAB5CB 
 3655      2D00
 3656 149cd 29829140 		.string	")\202\221@+lE\372\200\024\224\004\224\305\255T \300\210\300\003\023\361V\240z\265"
 3656      2B6C45FA 
 3656      80149404 
 3656      94C5AD54 
 3656      20C088C0 
 3657 149e9 29DC00   		.string	")\334"
 3658 149ec 402C6C81 		.string	"@,l\201\372\200\030\304\340\022F:\243+<$\337\374O\356h\275@q>$\300\033\372\200\n$`2HZd\20
 3658      FA8018C4 
 3658      E012463A 
 3658      A32B3C24 
 3658      DFFC4FEE 
 3659 14a14 0745C06E 		.string	"\007E\300n\372\200\004$n\031"
 3659      FA800424 
 3659      6E1900
 3660 14a1f CB580AC0 		.string	"\313X\n\300\025Y\346\344\204LP"
 3660      1559E6E4 
 3660      844C5000 
 3661 14a2b 0C88A59C 		.string	"\f\210\245\234"
 3661      00
 3662 14a30 6C7900   		.string	"ly"
 3663 14a33 C9E5CDC0 		.string	"\311\345\315\300,\224\310\2105lA"
 3663      2C94C888 
 3663      356C4100 
 3664 14a3f 6900     		.string	"i"
 3665 14a41 79C02BC0 		.string	"y\300+\300,l\351\340\032P\312\340\016Rz\341\032X\312\346\222P\212\341\016LzX\312\020\223\
 3665      2C6CE9E0 
 3665      1A50CAE0 
 3665      0E527AE1 
 3665      1A58CAE6 
 3666 14a8d 00       		.string	""
 3667 14a8e 101400   		.string	"\020\024"
 3668 14a91 434AB000 		.string	"CJ\260"
 3669 14a95 00       		.string	""
 3670 14a96 092C00   		.string	"\t,"
 3671 14a99 00       		.string	""
 3672 14a9a 1A2400   		.string	"\032$"
 3673 14a9d 4354C000 		.string	"CT\300"
 3674 14aa1 00       		.string	""
 3675 14aa2 00       		.string	""
 3676 14aa3 2000     		.string	" "
 3677 14aa5 00       		.string	""
 3678 14aa6 194400   		.string	"\031D"
 3679 14aa9 00       		.string	""
 3680 14aaa 00       		.string	""
 3681 14aab 00       		.string	""
 3682 14aac 00       		.string	""
 3683 14aad 00       		.string	""
 3684 14aae 00       		.string	""
 3685 14aaf E000     		.string	"\340"
 3686 14ab1 00       		.string	""
 3687 14ab2 00       		.string	""
 3688 14ab3 00       		.string	""
 3689 14ab4 00       		.string	""
 3690 14ab5 800200   		.string	"\200\002"
 3691 14ab8 00       		.string	""
 3692 14ab9 80020100 		.string	"\200\002\001"
 3693 14abd 00       		.string	""
 3694 14abe 00       		.string	""
 3695 14abf 00       		.string	""
 3696 14ac0 00       		.string	""
 3697 14ac1 80021100 		.string	"\200\002\021"
 3698 14ac5 80021200 		.string	"\200\002\022"
 3699 14ac9 00       		.string	""
 3700 14aca 00       		.string	""
 3701 14acb 00       		.string	""
 3702 14acc 00       		.string	""
 3703 14acd 80021600 		.string	"\200\002\026"
 3704 14ad1 80021700 		.string	"\200\002\027"
 3705 14ad5 80021800 		.string	"\200\002\030"
 3706 14ad9 80021900 		.string	"\200\002\031"
 3707 14add 80021A00 		.string	"\200\002\032"
 3708 14ae1 80021B00 		.string	"\200\002\033"
 3709 14ae5 00       		.string	""
 3710 14ae6 00       		.string	""
 3711 14ae7 00       		.string	""
 3712 14ae8 00       		.string	""
 3713 14ae9 80021D00 		.string	"\200\002\035"
 3714 14aed 80021E00 		.string	"\200\002\036"
 3715 14af1 80022000 		.string	"\200\002 "
 3716 14af5 80022400 		.string	"\200\002$"
 3717 14af9 80022600 		.string	"\200\002&"
 3718 14afd 80022C00 		.string	"\200\002,"
 3719 14b01 00       		.string	""
 3720 14b02 00       		.string	""
 3721 14b03 00       		.string	""
 3722 14b04 00       		.string	""
 3723 14b05 80022F00 		.string	"\200\002/"
 3724 14b09 80024600 		.string	"\200\002F"
 3725 14b0d 00       		.string	""
 3726 14b0e 00       		.string	""
 3727 14b0f 00       		.string	""
 3728 14b10 00       		.string	""
 3729 14b11 80024A00 		.string	"\200\002J"
 3730 14b15 00       		.string	""
 3731 14b16 00       		.string	""
 3732 14b17 00       		.string	""
 3733 14b18 00       		.string	""
 3734 14b19 80024C00 		.string	"\200\002L"
 3735 14b1d 80024D00 		.string	"\200\002M"
 3736 14b21 80024E00 		.string	"\200\002N"
 3737 14b25 80025100 		.string	"\200\002Q"
 3738 14b29 00       		.string	""
 3739 14b2a 00       		.string	""
 3740 14b2b 00       		.string	""
 3741 14b2c 00       		.string	""
 3742 14b2d 80025300 		.string	"\200\002S"
 3743 14b31 00       		.string	""
 3744 14b32 00       		.string	""
 3745 14b33 00       		.string	""
 3746 14b34 00       		.string	""
 3747 14b35 80025700 		.string	"\200\002W"
 3748 14b39 00       		.string	""
 3749 14b3a 00       		.string	""
 3750 14b3b 00       		.string	""
 3751 14b3c 00       		.string	""
 3752 14b3d 80025900 		.string	"\200\002Y"
 3753 14b41 80025A00 		.string	"\200\002Z"
 3754 14b45 80025F00 		.string	"\200\002_"
 3755 14b49 80026000 		.string	"\200\002`"
 3756 14b4d 80026100 		.string	"\200\002a"
 3757 14b51 80026200 		.string	"\200\002b"
 3758 14b55 80026300 		.string	"\200\002c"
 3759 14b59 80026400 		.string	"\200\002d"
 3760 14b5d 80026500 		.string	"\200\002e"
 3761 14b61 80026600 		.string	"\200\002f"
 3762 14b65 80026700 		.string	"\200\002g"
 3763 14b69 80026800 		.string	"\200\002h"
 3764 14b6d 80027300 		.string	"\200\002s"
 3765 14b71 00       		.string	""
 3766 14b72 00       		.string	""
 3767 14b73 00       		.string	""
 3768 14b74 00       		.string	""
 3769 14b75 80027800 		.string	"\200\002x"
 3770 14b79 80027C00 		.string	"\200\002|"
 3771 14b7d 80028100 		.string	"\200\002\201"
 3772 14b81 80028600 		.string	"\200\002\206"
 3773 14b85 80028700 		.string	"\200\002\207"
 3774 14b89 00       		.string	""
 3775 14b8a 00       		.string	""
 3776 14b8b 00       		.string	""
 3777 14b8c 00       		.string	""
 3778 14b8d 80029500 		.string	"\200\002\225"
 3779 14b91 00       		.string	""
 3780 14b92 00       		.string	""
 3781 14b93 00       		.string	""
 3782 14b94 00       		.string	""
 3783 14b95 80029900 		.string	"\200\002\231"
 3784 14b99 00       		.string	""
 3785 14b9a 00       		.string	""
 3786 14b9b 00       		.string	""
 3787 14b9c 00       		.string	""
 3788 14b9d 8002A300 		.string	"\200\002\243"
 3789 14ba1 8002A800 		.string	"\200\002\250"
 3790 14ba5 00       		.string	""
 3791 14ba6 00       		.string	""
 3792 14ba7 00       		.string	""
 3793 14ba8 00       		.string	""
 3794 14ba9 8002AA00 		.string	"\200\002\252"
 3795 14bad 8002AB00 		.string	"\200\002\253"
 3796 14bb1 8002AC00 		.string	"\200\002\254"
 3797 14bb5 8002AD00 		.string	"\200\002\255"
 3798 14bb9 8002AE00 		.string	"\200\002\256"
 3799 14bbd 8002B100 		.string	"\200\002\261"
 3800 14bc1 8002B200 		.string	"\200\002\262"
 3801 14bc5 00       		.string	""
 3802 14bc6 00       		.string	""
 3803 14bc7 00       		.string	""
 3804 14bc8 00       		.string	""
 3805 14bc9 8002B600 		.string	"\200\002\266"
 3806 14bcd 8002B700 		.string	"\200\002\267"
 3807 14bd1 8002B800 		.string	"\200\002\270"
 3808 14bd5 8002B900 		.string	"\200\002\271"
 3809 14bd9 8002BA00 		.string	"\200\002\272"
 3810 14bdd 8002BB00 		.string	"\200\002\273"
 3811 14be1 8002BC00 		.string	"\200\002\274"
 3812 14be5 8002BD00 		.string	"\200\002\275"
 3813 14be9 8002BE00 		.string	"\200\002\276"
 3814 14bed 8002BF00 		.string	"\200\002\277"
 3815 14bf1 8002C200 		.string	"\200\002\302"
 3816 14bf5 8002C300 		.string	"\200\002\303"
 3817 14bf9 8002C400 		.string	"\200\002\304"
 3818 14bfd 8002C500 		.string	"\200\002\305"
 3819 14c01 804000   		.string	"\200@"
 3820 14c04 00       		.string	""
 3821 14c05 00       		.string	""
 3822 14c06 00       		.string	""
 3823 14c07 00       		.string	""
 3824 14c08 00       		.string	""
 3825 14c09 80400200 		.string	"\200@\002"
 3826 14c0d 80400300 		.string	"\200@\003"
 3827 14c11 80400400 		.string	"\200@\004"
 3828 14c15 80400600 		.string	"\200@\006"
 3829 14c19 00       		.string	""
 3830 14c1a 00       		.string	""
 3831 14c1b 00       		.string	""
 3832 14c1c 00       		.string	""
 3833 14c1d 80400900 		.string	"\200@\t"
 3834 14c21 80400A00 		.string	"\200@\n"
 3835 14c25 80400B00 		.string	"\200@\013"
 3836 14c29 80400C00 		.string	"\200@\f"
 3837 14c2d 00       		.string	""
 3838 14c2e 00       		.string	""
 3839 14c2f 00       		.string	""
 3840 14c30 00       		.string	""
 3841 14c31 80400E00 		.string	"\200@\016"
 3842 14c35 80400F00 		.string	"\200@\017"
 3843 14c39 00       		.string	""
 3844 14c3a 00       		.string	""
 3845 14c3b 00       		.string	""
 3846 14c3c 00       		.string	""
 3847 14c3d 80401300 		.string	"\200@\023"
 3848 14c41 80401400 		.string	"\200@\024"
 3849 14c45 80401500 		.string	"\200@\025"
 3850 14c49 00       		.string	""
 3851 14c4a 00       		.string	""
 3852 14c4b 00       		.string	""
 3853 14c4c 00       		.string	""
 3854 14c4d 80401900 		.string	"\200@\031"
 3855 14c51 80401E00 		.string	"\200@\036"
 3856 14c55 80401F00 		.string	"\200@\037"
 3857 14c59 80402000 		.string	"\200@ "
 3858 14c5d 00       		.string	""
 3859 14c5e 00       		.string	""
 3860 14c5f 00       		.string	""
 3861 14c60 00       		.string	""
 3862 14c61 80402400 		.string	"\200@$"
 3863 14c65 80402500 		.string	"\200@%"
 3864 14c69 80403C00 		.string	"\200@<"
 3865 14c6d 80403D00 		.string	"\200@="
 3866 14c71 80403E00 		.string	"\200@>"
 3867 14c75 80403F00 		.string	"\200@?"
 3868 14c79 80404000 		.string	"\200@@"
 3869 14c7d 80404100 		.string	"\200@A"
 3870 14c81 80404200 		.string	"\200@B"
 3871 14c85 80404300 		.string	"\200@C"
 3872 14c89 80404400 		.string	"\200@D"
 3873 14c8d 80404500 		.string	"\200@E"
 3874 14c91 80404600 		.string	"\200@F"
 3875 14c95 80404700 		.string	"\200@G"
 3876 14c99 80404800 		.string	"\200@H"
 3877 14c9d 80404900 		.string	"\200@I"
 3878 14ca1 80404A00 		.string	"\200@J"
 3879 14ca5 80404B00 		.string	"\200@K"
 3880 14ca9 80404C00 		.string	"\200@L"
 3881 14cad 80404D00 		.string	"\200@M"
 3882 14cb1 80404E00 		.string	"\200@N"
 3883 14cb5 80404F00 		.string	"\200@O"
 3884 14cb9 80405000 		.string	"\200@P"
 3885 14cbd 80405100 		.string	"\200@Q"
 3886 14cc1 80405200 		.string	"\200@R"
 3887 14cc5 80405300 		.string	"\200@S"
 3888 14cc9 80405400 		.string	"\200@T"
 3889 14ccd 80405500 		.string	"\200@U"
 3890 14cd1 80405600 		.string	"\200@V"
 3891 14cd5 80405700 		.string	"\200@W"
 3892 14cd9 80405800 		.string	"\200@X"
 3893 14cdd 80405900 		.string	"\200@Y"
 3894 14ce1 80405A00 		.string	"\200@Z"
 3895 14ce5 80405B00 		.string	"\200@["
 3896 14ce9 80405C00 		.string	"\200@\\"
 3897 14ced 00       		.string	""
 3898 14cee 00       		.string	""
 3899 14cef 00       		.string	""
 3900 14cf0 00       		.string	""
 3901 14cf1 80405E00 		.string	"\200@^"
 3902 14cf5 00       		.string	""
 3903 14cf6 00       		.string	""
 3904 14cf7 00       		.string	""
 3905 14cf8 00       		.string	""
 3906 14cf9 80406000 		.string	"\200@`"
 3907 14cfd 00       		.string	""
 3908 14cfe 00       		.string	""
 3909 14cff 00       		.string	""
 3910 14d00 00       		.string	""
 3911 14d01 80406900 		.string	"\200@i"
 3912 14d05 80406A00 		.string	"\200@j"
 3913 14d09 80406B00 		.string	"\200@k"
 3914 14d0d 00       		.string	""
 3915 14d0e 00       		.string	""
 3916 14d0f 00       		.string	""
 3917 14d10 00       		.string	""
 3918 14d11 80407400 		.string	"\200@t"
 3919 14d15 80407800 		.string	"\200@x"
 3920 14d19 80407900 		.string	"\200@y"
 3921 14d1d 80407A00 		.string	"\200@z"
 3922 14d21 80407C00 		.string	"\200@|"
 3923 14d25 80408400 		.string	"\200@\204"
 3924 14d29 80408500 		.string	"\200@\205"
 3925 14d2d 80408800 		.string	"\200@\210"
 3926 14d31 80408900 		.string	"\200@\211"
 3927 14d35 80408E00 		.string	"\200@\216"
 3928 14d39 00       		.string	""
 3929 14d3a 00       		.string	""
 3930 14d3b 00       		.string	""
 3931 14d3c 00       		.string	""
 3932 14d3d 80409000 		.string	"\200@\220"
 3933 14d41 80409100 		.string	"\200@\221"
 3934 14d45 80409900 		.string	"\200@\231"
 3935 14d49 00       		.string	""
 3936 14d4a 00       		.string	""
 3937 14d4b 00       		.string	""
 3938 14d4c 00       		.string	""
 3939 14d4d 80409F00 		.string	"\200@\237"
 3940 14d51 00       		.string	""
 3941 14d52 00       		.string	""
 3942 14d53 00       		.string	""
 3943 14d54 00       		.string	""
 3944 14d55 8040A100 		.string	"\200@\241"
 3945 14d59 8040A200 		.string	"\200@\242"
 3946 14d5d 00       		.string	""
 3947 14d5e 00       		.string	""
 3948 14d5f 00       		.string	""
 3949 14d60 00       		.string	""
 3950 14d61 8040A800 		.string	"\200@\250"
 3951 14d65 8040B000 		.string	"\200@\260"
 3952 14d69 8040B600 		.string	"\200@\266"
 3953 14d6d 8040D000 		.string	"\200@\320"
 3954 14d71 8040D100 		.string	"\200@\321"
 3955 14d75 8040D400 		.string	"\200@\324"
 3956 14d79 8040D500 		.string	"\200@\325"
 3957 14d7d 00       		.string	""
 3958 14d7e 00       		.string	""
 3959 14d7f 00       		.string	""
 3960 14d80 00       		.string	""
 3961 14d81 8040DD00 		.string	"\200@\335"
 3962 14d85 00       		.string	""
 3963 14d86 00       		.string	""
 3964 14d87 00       		.string	""
 3965 14d88 00       		.string	""
 3966 14d89 8040DF00 		.string	"\200@\337"
 3967 14d8d 8043DC00 		.string	"\200C\334"
 3968 14d91 8043DD00 		.string	"\200C\335"
 3969 14d95 00       		.string	""
 3970 14d96 00       		.string	""
 3971 14d97 00       		.string	""
 3972 14d98 00       		.string	""
 3973 14d99 8043E400 		.string	"\200C\344"
 3974 14d9d 80440400 		.string	"\200D\004"
 3975 14da1 80442800 		.string	"\200D("
 3976 14da5 00       		.string	""
 3977 14da6 00       		.string	""
 3978 14da7 00       		.string	""
 3979 14da8 00       		.string	""
 3980 14da9 80444800 		.string	"\200DH"
 3981 14dad 80444C00 		.string	"\200DL"
 3982 14db1 80445000 		.string	"\200DP"
 3983 14db5 80445400 		.string	"\200DT"
 3984 14db9 80445800 		.string	"\200DX"
 3985 14dbd 80445C00 		.string	"\200D\\"
 3986 14dc1 80446000 		.string	"\200D`"
 3987 14dc5 80446400 		.string	"\200Dd"
 3988 14dc9 80446800 		.string	"\200Dh"
 3989 14dcd 00       		.string	""
 3990 14dce 00       		.string	""
 3991 14dcf 00       		.string	""
 3992 14dd0 00       		.string	""
 3993 14dd1 80469800 		.string	"\200F\230"
 3994 14dd5 00       		.string	""
 3995 14dd6 00       		.string	""
 3996 14dd7 00       		.string	""
 3997 14dd8 00       		.string	""
 3998 14dd9 8048C800 		.string	"\200H\310"
 3999 14ddd 8048C900 		.string	"\200H\311"
 4000 14de1 00       		.string	""
 4001 14de2 00       		.string	""
 4002 14de3 00       		.string	""
 4003 14de4 00       		.string	""
 4004 14de5 8048CB00 		.string	"\200H\313"
 4005 14de9 8048CC00 		.string	"\200H\314"
 4006 14ded 00       		.string	""
 4007 14dee 00       		.string	""
 4008 14def 00       		.string	""
 4009 14df0 00       		.string	""
 4010 14df1 80491C00 		.string	"\200I\034"
 4011 14df5 00       		.string	""
 4012 14df6 00       		.string	""
 4013 14df7 00       		.string	""
 4014 14df8 00       		.string	""
 4015 14df9 80343C00 		.string	"\2004<"
 4016 14dfd 808000   		.string	"\200\200"
 4017 14e00 00       		.string	""
 4018 14e01 80800100 		.string	"\200\200\001"
 4019 14e05 80800200 		.string	"\200\200\002"
 4020 14e09 80800600 		.string	"\200\200\006"
 4021 14e0d 80800700 		.string	"\200\200\007"
 4022 14e11 00       		.string	""
 4023 14e12 00       		.string	""
 4024 14e13 00       		.string	""
 4025 14e14 00       		.string	""
 4026 14e15 80800900 		.string	"\200\200\t"
 4027 14e19 00       		.string	""
 4028 14e1a 00       		.string	""
 4029 14e1b 00       		.string	""
 4030 14e1c 00       		.string	""
 4031 14e1d 80800E00 		.string	"\200\200\016"
 4032 14e21 80801000 		.string	"\200\200\020"
 4033 14e25 00       		.string	""
 4034 14e26 00       		.string	""
 4035 14e27 00       		.string	""
 4036 14e28 00       		.string	""
 4037 14e29 80801400 		.string	"\200\200\024"
 4038 14e2d 80801800 		.string	"\200\200\030"
 4039 14e31 80801C00 		.string	"\200\200\034"
 4040 14e35 00       		.string	""
 4041 14e36 00       		.string	""
 4042 14e37 00       		.string	""
 4043 14e38 00       		.string	""
 4044 14e39 80802D00 		.string	"\200\200-"
 4045 14e3d 80802E00 		.string	"\200\200."
 4046 14e41 80803100 		.string	"\200\2001"
 4047 14e45 80803200 		.string	"\200\2002"
 4048 14e49 80803500 		.string	"\200\2005"
 4049 14e4d 80803600 		.string	"\200\2006"
 4050 14e51 80803700 		.string	"\200\2007"
 4051 14e55 00       		.string	""
 4052 14e56 00       		.string	""
 4053 14e57 00       		.string	""
 4054 14e58 00       		.string	""
 4055 14e59 80803900 		.string	"\200\2009"
 4056 14e5d 80803A00 		.string	"\200\200:"
 4057 14e61 80803B00 		.string	"\200\200;"
 4058 14e65 80803C00 		.string	"\200\200<"
 4059 14e69 80803D00 		.string	"\200\200="
 4060 14e6d 80803E00 		.string	"\200\200>"
 4061 14e71 80804000 		.string	"\200\200@"
 4062 14e75 80804400 		.string	"\200\200D"
 4063 14e79 80804800 		.string	"\200\200H"
 4064 14e7d 80804900 		.string	"\200\200I"
 4065 14e81 80804A00 		.string	"\200\200J"
 4066 14e85 00       		.string	""
 4067 14e86 00       		.string	""
 4068 14e87 00       		.string	""
 4069 14e88 00       		.string	""
 4070 14e89 80804C00 		.string	"\200\200L"
 4071 14e8d 80805000 		.string	"\200\200P"
 4072 14e91 80805400 		.string	"\200\200T"
 4073 14e95 80805500 		.string	"\200\200U"
 4074 14e99 80805600 		.string	"\200\200V"
 4075 14e9d 00       		.string	""
 4076 14e9e 00       		.string	""
 4077 14e9f 00       		.string	""
 4078 14ea0 00       		.string	""
 4079 14ea1 80805800 		.string	"\200\200X"
 4080 14ea5 80805C00 		.string	"\200\200\\"
 4081 14ea9 80806000 		.string	"\200\200`"
 4082 14ead 80806100 		.string	"\200\200a"
 4083 14eb1 80806200 		.string	"\200\200b"
 4084 14eb5 00       		.string	""
 4085 14eb6 00       		.string	""
 4086 14eb7 00       		.string	""
 4087 14eb8 00       		.string	""
 4088 14eb9 80806400 		.string	"\200\200d"
 4089 14ebd 80806800 		.string	"\200\200h"
 4090 14ec1 80806C00 		.string	"\200\200l"
 4091 14ec5 80806D00 		.string	"\200\200m"
 4092 14ec9 80806E00 		.string	"\200\200n"
 4093 14ecd 00       		.string	""
 4094 14ece 00       		.string	""
 4095 14ecf 00       		.string	""
 4096 14ed0 00       		.string	""
 4097 14ed1 80807000 		.string	"\200\200p"
 4098 14ed5 80807400 		.string	"\200\200t"
 4099 14ed9 80807800 		.string	"\200\200x"
 4100 14edd 80807900 		.string	"\200\200y"
 4101 14ee1 80807A00 		.string	"\200\200z"
 4102 14ee5 00       		.string	""
 4103 14ee6 00       		.string	""
 4104 14ee7 00       		.string	""
 4105 14ee8 00       		.string	""
 4106 14ee9 80807C00 		.string	"\200\200|"
 4107 14eed 80808000 		.string	"\200\200\200"
 4108 14ef1 00       		.string	""
 4109 14ef2 00       		.string	""
 4110 14ef3 00       		.string	""
 4111 14ef4 00       		.string	""
 4112 14ef5 80808800 		.string	"\200\200\210"
 4113 14ef9 80808C00 		.string	"\200\200\214"
 4114 14efd 00       		.string	""
 4115 14efe 00       		.string	""
 4116 14eff 00       		.string	""
 4117 14f00 00       		.string	""
 4118 14f01 80809400 		.string	"\200\200\224"
 4119 14f05 80809800 		.string	"\200\200\230"
 4120 14f09 00       		.string	""
 4121 14f0a 00       		.string	""
 4122 14f0b 00       		.string	""
 4123 14f0c 00       		.string	""
 4124 14f0d 8000     		.string	"\200"
 4125 14f0f 8000     		.string	"\200"
 4126 14f11 8000     		.string	"\200"
 4127 14f13 8100     		.string	"\201"
 4128 14f15 8000     		.string	"\200"
 4129 14f17 8200     		.string	"\202"
 4130 14f19 8000     		.string	"\200"
 4131 14f1b 8300     		.string	"\203"
 4132 14f1d 8000     		.string	"\200"
 4133 14f1f 8400     		.string	"\204"
 4134 14f21 8000     		.string	"\200"
 4135 14f23 8500     		.string	"\205"
 4136 14f25 8000     		.string	"\200"
 4137 14f27 8600     		.string	"\206"
 4138 14f29 8000     		.string	"\200"
 4139 14f2b 8700     		.string	"\207"
 4140 14f2d 8000     		.string	"\200"
 4141 14f2f 8800     		.string	"\210"
 4142 14f31 8000     		.string	"\200"
 4143 14f33 8900     		.string	"\211"
 4144 14f35 8000     		.string	"\200"
 4145 14f37 8A00     		.string	"\212"
 4146 14f39 8000     		.string	"\200"
 4147 14f3b 8B00     		.string	"\213"
 4148 14f3d 8000     		.string	"\200"
 4149 14f3f 8C00     		.string	"\214"
 4150 14f41 8000     		.string	"\200"
 4151 14f43 8D00     		.string	"\215"
 4152 14f45 8000     		.string	"\200"
 4153 14f47 8E00     		.string	"\216"
 4154 14f49 8000     		.string	"\200"
 4155 14f4b 8F00     		.string	"\217"
 4156 14f4d 8000     		.string	"\200"
 4157 14f4f 9000     		.string	"\220"
 4158 14f51 00       		.string	""
 4159 14f52 00       		.string	""
 4160 14f53 00       		.string	""
 4161 14f54 00       		.string	""
 4162 14f55 80010100 		.string	"\200\001\001"
 4163 14f59 80010200 		.string	"\200\001\002"
 4164 14f5d 80010300 		.string	"\200\001\003"
 4165 14f61 80010400 		.string	"\200\001\004"
 4166 14f65 80010500 		.string	"\200\001\005"
 4167 14f69 80010600 		.string	"\200\001\006"
 4168 14f6d 80010700 		.string	"\200\001\007"
 4169 14f71 80010A00 		.string	"\200\001\n"
 4170 14f75 80010C00 		.string	"\200\001\f"
 4171 14f79 812C00   		.string	"\201,"
 4172 14f7c 00       		.string	""
 4173 14f7d 812FFC00 		.string	"\201/\374"
 4174 14f81 00       		.string	""
 4175 14f82 0D00     		.string	"\r"
 4176 14f84 00       		.string	""
 4177 14f85 00       		.string	""
 4178 14f86 00       		.string	""
 4179 14f87 6400     		.string	"d"
 4180 14f89 00       		.string	""
 4181 14f8a BB8000   		.string	"\273\200"
 4182 14f8d 00       		.string	""
 4183 14f8e 1A4800   		.string	"\032H"
 4184 14f91 00       		.string	""
 4185 14f92 FB8000   		.string	"\373\200"
 4186 14f95 00       		.string	""
 4187 14f96 00       		.string	""
 4188 14f97 00       		.string	""
 4189 14f98 00       		.string	""
 4190 14f99 00       		.string	""
 4191 14f9a 00       		.string	""
 4192 14f9b 00       		.string	""
 4193 14f9c 00       		.string	""
 4194 14f9d 00       		.string	""
 4195 14f9e 00       		.string	""
 4196 14f9f 00       		.string	""
 4197 14fa0 00       		.string	""
 4198 14fa1 00       		.string	""
 4199 14fa2 17EC00   		.string	"\027\354"
 4200 14fa5 00       		.string	""
 4201 14fa6 185400   		.string	"\030T"
 4202 14fa9 00       		.string	""
 4203 14faa 18BC00   		.string	"\030\274"
 4204 14fad 00       		.string	""
 4205 14fae 00       		.string	""
 4206 14faf 00       		.string	""
 4207 14fb0 00       		.string	""
 4208 14fb1 00       		.string	""
 4209 14fb2 00       		.string	""
 4210 14fb3 00       		.string	""
 4211 14fb4 00       		.string	""
 4212 14fb5 00       		.string	""
 4213 14fb6 00       		.string	""
 4214 14fb7 00       		.string	""
 4215 14fb8 00       		.string	""
 4216 14fb9 00       		.string	""
 4217 14fba 00       		.string	""
 4218 14fbb 00       		.string	""
 4219 14fbc 00       		.string	""
 4220 14fbd 00       		.string	""
 4221 14fbe 00       		.string	""
 4222 14fbf 00       		.string	""
 4223 14fc0 00       		.string	""
 4224 14fc1 00       		.string	""
 4225 14fc2 00       		.string	""
 4226 14fc3 00       		.string	""
 4227 14fc4 00       		.string	""
 4228 14fc5 00       		.string	""
 4229 14fc6 00       		.string	""
 4230 14fc7 00       		.string	""
 4231 14fc8 00       		.string	""
 4232 14fc9 00       		.string	""
 4233 14fca 00       		.string	""
 4234 14fcb 00       		.string	""
 4235 14fcc 00       		.string	""
 4236 14fcd 00       		.string	""
 4237 14fce 00       		.string	""
 4238 14fcf 00       		.string	""
 4239 14fd0 00       		.string	""
 4240 14fd1 00       		.string	""
 4241 14fd2 1A3F00   		.string	"\032?"
 4242 14fd5 00       		.string	""
 4243 14fd6 00       		.string	""
 4244 14fd7 00       		.string	""
 4245 14fd8 00       		.string	""
 4246 14fd9 00       		.string	""
 4247 14fda 00       		.string	""
 4248 14fdb 00       		.string	""
 4249 14fdc 00       		.string	""
 4250 14fdd 00       		.string	""
 4251 14fde 00       		.string	""
 4252 14fdf 00       		.string	""
 4253 14fe0 00       		.string	""
 4254 14fe1 00       		.string	""
 4255 14fe2 00       		.string	""
 4256 14fe3 00       		.string	""
 4257 14fe4 00       		.string	""
 4258 14fe5 00       		.string	""
 4259 14fe6 00       		.string	""
 4260 14fe7 00       		.string	""
 4261 14fe8 00       		.string	""
 4262 14fe9 00       		.string	""
 4263 14fea 00       		.string	""
 4264 14feb 00       		.string	""
 4265 14fec 00       		.string	""
 4266 14fed 00       		.string	""
 4267 14fee 00       		.string	""
 4268 14fef 00       		.string	""
 4269 14ff0 00       		.string	""
 4270 14ff1 00       		.string	""
 4271 14ff2 00       		.string	""
 4272 14ff3 00       		.string	""
 4273 14ff4 00       		.string	""
 4274 14ff5 00       		.string	""
 4275 14ff6 00       		.string	""
 4276 14ff7 00       		.string	""
 4277 14ff8 00       		.string	""
 4278 14ff9 00       		.string	""
 4279 14ffa 00       		.string	""
 4280 14ffb 00       		.string	""
 4281 14ffc 00       		.string	""
 4282 14ffd 00       		.string	""
 4283 14ffe 00       		.string	""
 4284 14fff 00       		.string	""
 4285              		.globl	VL53L8CX_DEFAULT_CONFIGURATION
 4286              		.section	.rodata.VL53L8CX_DEFAULT_CONFIGURATION,"a"
 4287              		.align 32
 4290              	VL53L8CX_DEFAULT_CONFIGURATION:
 4291 0000 545000   		.string	"TP"
 4292 0003 8000     		.string	"\200"
 4293 0005 04040400 		.string	"\004\004\004"
 4294 0009 00       		.string	""
 4295 000a 0808AD30 		.string	"\b\b\2550"
 4295      00
 4296 000f 80020103 		.string	"\200\002\001\003\003"
 4296      0300
 4297 0015 00       		.string	""
 4298 0016 0300     		.string	"\003"
 4299 0018 AD380100 		.string	"\2558\001"
 4300 001c 01E00140 		.string	"\001\340\001@"
 4300      00
 4301 0021 4000     		.string	"@"
 4302 0023 400100   		.string	"@\001"
 4303 0026 0400     		.string	"\004"
 4304 0028 00       		.string	""
 4305 0029 00       		.string	""
 4306 002a 00       		.string	""
 4307 002b 01545800 		.string	"\001TX"
 4308 002f 40041A01 		.string	"@\004\032\001"
 4308      00
 4309 0034 545C0140 		.string	"T\\\001@"
 4309      00
 4310 0039 00       		.string	""
 4311 003a 271000   		.string	"'\020"
 4312 003d 00       		.string	""
 4313 003e 0FA00FA0 		.string	"\017\240\017\240\003\350\002\200\037@"
 4313      03E80280 
 4313      1F4000
 4314 0049 00       		.string	""
 4315 004a 0500     		.string	"\005"
 4316 004c 547000   		.string	"Tp"
 4317 004f 80032003 		.string	"\200\003 \003 "
 4317      2000
 4318 0055 00       		.string	""
 4319 0056 00       		.string	""
 4320 0057 08547801 		.string	"\bTx\001"
 4320      00
 4321 005c 011300   		.string	"\001\023"
 4322 005f 2900     		.string	")"
 4323 0061 3300     		.string	"3"
 4324 0063 00       		.string	""
 4325 0064 0200     		.string	"\002"
 4326 0066 00       		.string	""
 4327 0067 01040108 		.string	"\001\004\001\b\002T\210\001@"
 4327      02548801 
 4327      4000
 4328 0071 00       		.string	""
 4329 0072 00       		.string	""
 4330 0073 00       		.string	""
 4331 0074 00       		.string	""
 4332 0075 00       		.string	""
 4333 0076 00       		.string	""
 4334 0077 00       		.string	""
 4335 0078 00       		.string	""
 4336 0079 00       		.string	""
 4337 007a 00       		.string	""
 4338 007b 00       		.string	""
 4339 007c 00       		.string	""
 4340 007d 00       		.string	""
 4341 007e 00       		.string	""
 4342 007f 00       		.string	""
 4343 0080 00       		.string	""
 4344 0081 00       		.string	""
 4345 0082 0C00     		.string	"\f"
 4346 0084 AD480100 		.string	"\255H\001"
 4347 0088 01F400   		.string	"\001\364"
 4348 008b 00       		.string	""
 4349 008c 030600   		.string	"\003\006"
 4350 008f 10080708 		.string	"\020\b\007\b\007"
 4350      0700
 4351 0095 00       		.string	""
 4352 0096 00       		.string	""
 4353 0097 08AD6001 		.string	"\b\255`\001"
 4353      00
 4354 009c 00       		.string	""
 4355 009d 00       		.string	""
 4356 009e 00       		.string	""
 4357 009f 8000     		.string	"\200"
 4358 00a1 00       		.string	""
 4359 00a2 00       		.string	""
 4360 00a3 00       		.string	""
 4361 00a4 201F01F4 		.string	" \037\001\364"
 4361      00
 4362 00a9 00       		.string	""
 4363 00aa 1D0AAD70 		.string	"\035\n\255p"
 4363      00
 4364 00af 800800   		.string	"\200\b"
 4365 00b2 1F4000   		.string	"\037@"
 4366 00b5 00       		.string	""
 4367 00b6 00       		.string	""
 4368 00b7 01AD7800 		.string	"\001\255x"
 4369 00bb 8000     		.string	"\200"
 4370 00bd A0032000 		.string	"\240\003 "
 4371 00c1 010190AD 		.string	"\001\001\220\255\200"
 4371      8000
 4372 00c7 4000     		.string	"@"
 4373 00c9 00       		.string	""
 4374 00ca 2800     		.string	"("
 4375 00cc AD8400   		.string	"\255\204"
 4376 00cf 8000     		.string	"\200"
 4377 00d1 00       		.string	""
 4378 00d2 3200     		.string	"2"
 4379 00d4 032000   		.string	"\003 "
 4380 00d7 00       		.string	""
 4381 00d8 AD8C00   		.string	"\255\214"
 4382 00db 800258FF 		.string	"\200\002X\3778"
 4382      3800
 4383 00e1 00       		.string	""
 4384 00e2 00       		.string	""
 4385 00e3 0CAD9401 		.string	"\f\255\224\001"
 4385      00
 4386 00e8 00       		.string	""
 4387 00e9 019000   		.string	"\001\220"
 4388 00ec FFFFFC00 		.string	"\377\377\374"
 4389 00f0 00       		.string	""
 4390 00f1 00       		.string	""
 4391 00f2 0400     		.string	"\004"
 4392 00f4 00       		.string	""
 4393 00f5 00       		.string	""
 4394 00f6 0101ADA4 		.string	"\001\001\255\244"
 4394      00
 4395 00fb C0048006 		.string	"\300\004\200\006\032"
 4395      1A00
 4396 0101 40058000 		.string	"@\005\200"
 4397 0105 00       		.string	""
 4398 0106 0106ADB0 		.string	"\001\006\255\260"
 4398      00
 4399 010b C0048006 		.string	"\300\004\200\006\032\031"
 4399      1A1900
 4400 0112 058000   		.string	"\005\200"
 4401 0115 00       		.string	""
 4402 0116 0190ADBC 		.string	"\001\220\255\274\004@"
 4402      044000
 4403 011d 00       		.string	""
 4404 011e 00       		.string	""
 4405 011f 00       		.string	""
 4406 0120 00       		.string	""
 4407 0121 00       		.string	""
 4408 0122 00       		.string	""
 4409 0123 00       		.string	""
 4410 0124 00       		.string	""
 4411 0125 1200     		.string	"\022"
 4412 0127 2500     		.string	"%"
 4413 0129 00       		.string	""
 4414 012a 00       		.string	""
 4415 012b 0600     		.string	"\006"
 4416 012d 00       		.string	""
 4417 012e 00       		.string	""
 4418 012f 0500     		.string	"\005"
 4419 0131 00       		.string	""
 4420 0132 00       		.string	""
 4421 0133 0500     		.string	"\005"
 4422 0135 00       		.string	""
 4423 0136 00       		.string	""
 4424 0137 0600     		.string	"\006"
 4425 0139 00       		.string	""
 4426 013a 00       		.string	""
 4427 013b 0400     		.string	"\004"
 4428 013d 00       		.string	""
 4429 013e 00       		.string	""
 4430 013f 0F00     		.string	"\017"
 4431 0141 00       		.string	""
 4432 0142 00       		.string	""
 4433 0143 5A00     		.string	"Z"
 4434 0145 00       		.string	""
 4435 0146 00       		.string	""
 4436 0147 00       		.string	""
 4437 0148 00       		.string	""
 4438 0149 00       		.string	""
 4439 014a 00       		.string	""
 4440 014b 090B0C0B 		.string	"\t\013\f\013\013\003\003\021\005\001\001\001\001"
 4440      0B030311 
 4440      05010101 
 4440      0100
 4441 0159 00       		.string	""
 4442 015a 00       		.string	""
 4443 015b 00       		.string	""
 4444 015c 00       		.string	""
 4445 015d 0D00     		.string	"\r"
 4446 015f 00       		.string	""
 4447 0160 AE00     		.string	"\256"
 4448 0162 010400   		.string	"\001\004"
 4449 0165 00       		.string	""
 4450 0166 00       		.string	""
 4451 0167 0400     		.string	"\004"
 4452 0169 00       		.string	""
 4453 016a 00       		.string	""
 4454 016b 0800     		.string	"\b"
 4455 016d 00       		.string	""
 4456 016e 00       		.string	""
 4457 016f 0A00     		.string	"\n"
 4458 0171 00       		.string	""
 4459 0172 00       		.string	""
 4460 0173 0C00     		.string	"\f"
 4461 0175 00       		.string	""
 4462 0176 00       		.string	""
 4463 0177 0D00     		.string	"\r"
 4464 0179 00       		.string	""
 4465 017a 00       		.string	""
 4466 017b 0E00     		.string	"\016"
 4467 017d 00       		.string	""
 4468 017e 00       		.string	""
 4469 017f 0800     		.string	"\b"
 4470 0181 00       		.string	""
 4471 0182 00       		.string	""
 4472 0183 0800     		.string	"\b"
 4473 0185 00       		.string	""
 4474 0186 00       		.string	""
 4475 0187 1000     		.string	"\020"
 4476 0189 00       		.string	""
 4477 018a 00       		.string	""
 4478 018b 1000     		.string	"\020"
 4479 018d 00       		.string	""
 4480 018e 00       		.string	""
 4481 018f 2000     		.string	" "
 4482 0191 00       		.string	""
 4483 0192 00       		.string	""
 4484 0193 2000     		.string	" "
 4485 0195 00       		.string	""
 4486 0196 00       		.string	""
 4487 0197 0600     		.string	"\006"
 4488 0199 00       		.string	""
 4489 019a 050A0200 		.string	"\005\n\002"
 4490 019e 0C0800   		.string	"\f\b"
 4491 01a1 00       		.string	""
 4492 01a2 00       		.string	""
 4493 01a3 00       		.string	""
 4494 01a4 AE4000   		.string	"\256@"
 4495 01a7 4000     		.string	"@"
 4496 01a9 00       		.string	""
 4497 01aa 01FFAE44 		.string	"\001\377\256D"
 4497      00
 4498 01af 4000     		.string	"@"
 4499 01b1 100401AE 		.string	"\020\004\001\256H"
 4499      4800
 4500 01b7 4000     		.string	"@"
 4501 01b9 00       		.string	""
 4502 01ba 1000     		.string	"\020"
 4503 01bc AE4C00   		.string	"\256L"
 4504 01bf 4000     		.string	"@"
 4505 01c1 00       		.string	""
 4506 01c2 00       		.string	""
 4507 01c3 01AE5001 		.string	"\001\256P\001@"
 4507      4000
 4508 01c9 00       		.string	""
 4509 01ca 00       		.string	""
 4510 01cb 140400   		.string	"\024\004"
 4511 01ce 2800     		.string	"("
 4512 01d0 03206C00 		.string	"\003 l"
 4513 01d4 00       		.string	""
 4514 01d5 00       		.string	""
 4515 01d6 00       		.string	""
 4516 01d7 00       		.string	""
 4517 01d8 00       		.string	""
 4518 01d9 00       		.string	""
 4519 01da 2580AE64 		.string	"%\200\256d"
 4519      00
 4520 01df 4000     		.string	"@"
 4521 01e1 00       		.string	""
 4522 01e2 00       		.string	""
 4523 01e3 02AED801 		.string	"\002\256\330\001"
 4523      00
 4524 01e8 00       		.string	""
 4525 01e9 C805DC00 		.string	"\310\005\334"
 4526 01ed 00       		.string	""
 4527 01ee 07AE0104 		.string	"\007\256\001\004"
 4527      00
 4528 01f3 00       		.string	""
 4529 01f4 00       		.string	""
 4530 01f5 00       		.string	""
 4531 01f6 0301B550 		.string	"\003\001\265P\002\202"
 4531      028200
 4532 01fd 00       		.string	""
 4533 01fe 00       		.string	""
 4534 01ff 00       		.string	""
 4535 0200 00       		.string	""
 4536 0201 00       		.string	""
 4537 0202 00       		.string	""
 4538 0203 00       		.string	""
 4539 0204 00       		.string	""
 4540 0205 00       		.string	""
 4541 0206 00       		.string	""
 4542 0207 00       		.string	""
 4543 0208 00       		.string	""
 4544 0209 00       		.string	""
 4545 020a 00       		.string	""
 4546 020b 00       		.string	""
 4547 020c 00       		.string	""
 4548 020d 00       		.string	""
 4549 020e 00       		.string	""
 4550 020f 00       		.string	""
 4551 0210 00       		.string	""
 4552 0211 00       		.string	""
 4553 0212 00       		.string	""
 4554 0213 00       		.string	""
 4555 0214 00       		.string	""
 4556 0215 00       		.string	""
 4557 0216 00       		.string	""
 4558 0217 00       		.string	""
 4559 0218 00       		.string	""
 4560 0219 00       		.string	""
 4561 021a 00       		.string	""
 4562 021b 00       		.string	""
 4563 021c 00       		.string	""
 4564 021d 00       		.string	""
 4565 021e 00       		.string	""
 4566 021f 00       		.string	""
 4567 0220 00       		.string	""
 4568 0221 00       		.string	""
 4569 0222 00       		.string	""
 4570 0223 00       		.string	""
 4571 0224 00       		.string	""
 4572 0225 00       		.string	""
 4573 0226 00       		.string	""
 4574 0227 00       		.string	""
 4575 0228 00       		.string	""
 4576 0229 00       		.string	""
 4577 022a 00       		.string	""
 4578 022b 00       		.string	""
 4579 022c 00       		.string	""
 4580 022d 00       		.string	""
 4581 022e 00       		.string	""
 4582 022f 00       		.string	""
 4583 0230 00       		.string	""
 4584 0231 00       		.string	""
 4585 0232 00       		.string	""
 4586 0233 00       		.string	""
 4587 0234 00       		.string	""
 4588 0235 00       		.string	""
 4589 0236 00       		.string	""
 4590 0237 00       		.string	""
 4591 0238 00       		.string	""
 4592 0239 00       		.string	""
 4593 023a 00       		.string	""
 4594 023b 00       		.string	""
 4595 023c 00       		.string	""
 4596 023d 00       		.string	""
 4597 023e 00       		.string	""
 4598 023f 00       		.string	""
 4599 0240 00       		.string	""
 4600 0241 00       		.string	""
 4601 0242 00       		.string	""
 4602 0243 00       		.string	""
 4603 0244 00       		.string	""
 4604 0245 00       		.string	""
 4605 0246 00       		.string	""
 4606 0247 00       		.string	""
 4607 0248 00       		.string	""
 4608 0249 00       		.string	""
 4609 024a 00       		.string	""
 4610 024b 00       		.string	""
 4611 024c B5A00282 		.string	"\265\240\002\202"
 4611      00
 4612 0251 00       		.string	""
 4613 0252 00       		.string	""
 4614 0253 00       		.string	""
 4615 0254 00       		.string	""
 4616 0255 00       		.string	""
 4617 0256 00       		.string	""
 4618 0257 00       		.string	""
 4619 0258 00       		.string	""
 4620 0259 00       		.string	""
 4621 025a 00       		.string	""
 4622 025b 00       		.string	""
 4623 025c 00       		.string	""
 4624 025d 00       		.string	""
 4625 025e 00       		.string	""
 4626 025f 00       		.string	""
 4627 0260 00       		.string	""
 4628 0261 00       		.string	""
 4629 0262 00       		.string	""
 4630 0263 00       		.string	""
 4631 0264 00       		.string	""
 4632 0265 00       		.string	""
 4633 0266 00       		.string	""
 4634 0267 00       		.string	""
 4635 0268 00       		.string	""
 4636 0269 00       		.string	""
 4637 026a 00       		.string	""
 4638 026b 00       		.string	""
 4639 026c 00       		.string	""
 4640 026d 00       		.string	""
 4641 026e 00       		.string	""
 4642 026f 00       		.string	""
 4643 0270 00       		.string	""
 4644 0271 00       		.string	""
 4645 0272 00       		.string	""
 4646 0273 00       		.string	""
 4647 0274 00       		.string	""
 4648 0275 00       		.string	""
 4649 0276 00       		.string	""
 4650 0277 00       		.string	""
 4651 0278 00       		.string	""
 4652 0279 00       		.string	""
 4653 027a 00       		.string	""
 4654 027b 00       		.string	""
 4655 027c 00       		.string	""
 4656 027d 00       		.string	""
 4657 027e 00       		.string	""
 4658 027f 00       		.string	""
 4659 0280 00       		.string	""
 4660 0281 00       		.string	""
 4661 0282 00       		.string	""
 4662 0283 00       		.string	""
 4663 0284 00       		.string	""
 4664 0285 00       		.string	""
 4665 0286 00       		.string	""
 4666 0287 00       		.string	""
 4667 0288 00       		.string	""
 4668 0289 00       		.string	""
 4669 028a 00       		.string	""
 4670 028b 00       		.string	""
 4671 028c 00       		.string	""
 4672 028d 00       		.string	""
 4673 028e 00       		.string	""
 4674 028f 00       		.string	""
 4675 0290 00       		.string	""
 4676 0291 00       		.string	""
 4677 0292 00       		.string	""
 4678 0293 00       		.string	""
 4679 0294 00       		.string	""
 4680 0295 00       		.string	""
 4681 0296 00       		.string	""
 4682 0297 00       		.string	""
 4683 0298 00       		.string	""
 4684 0299 00       		.string	""
 4685 029a 00       		.string	""
 4686 029b 00       		.string	""
 4687 029c 00       		.string	""
 4688 029d 00       		.string	""
 4689 029e 00       		.string	""
 4690 029f 00       		.string	""
 4691 02a0 B5F000   		.string	"\265\360"
 4692 02a3 4000     		.string	"@"
 4693 02a5 FF00     		.string	"\377"
 4694 02a7 00       		.string	""
 4695 02a8 B39C0100 		.string	"\263\234\001"
 4696 02ac 349B0435 		.string	"4\233\0045\002\033\b|\200"
 4696      021B087C 
 4696      8000
 4697 02b6 120100   		.string	"\022\001"
 4698 02b9 010800   		.string	"\001\b"
 4699 02bc B6C000   		.string	"\266\300"
 4700 02bf C000     		.string	"\300"
 4701 02c1 00       		.string	""
 4702 02c2 6000     		.string	"`"
 4703 02c4 00       		.string	""
 4704 02c5 00       		.string	""
 4705 02c6 2000     		.string	" "
 4706 02c8 00       		.string	""
 4707 02c9 00       		.string	""
 4708 02ca 00       		.string	""
 4709 02cb 00       		.string	""
 4710 02cc AEA800   		.string	"\256\250"
 4711 02cf 4000     		.string	"@"
 4712 02d1 00       		.string	""
 4713 02d2 0405AEAC 		.string	"\004\005\256\254"
 4713      00
 4714 02d7 800100   		.string	"\200\001"
 4715 02da 0100     		.string	"\001"
 4716 02dc 00       		.string	""
 4717 02dd 0200     		.string	"\002"
 4718 02df 00       		.string	""
 4719 02e0 AEB400   		.string	"\256\264"
 4720 02e3 4000     		.string	"@"
 4721 02e5 00       		.string	""
 4722 02e6 00       		.string	""
 4723 02e7 00       		.string	""
 4724 02e8 AEB800   		.string	"\256\270"
 4725 02eb 8100     		.string	"\201"
 4726 02ed 00       		.string	""
 4727 02ee 00       		.string	""
 4728 02ef 00       		.string	""
 4729 02f0 00       		.string	""
 4730 02f1 00       		.string	""
 4731 02f2 00       		.string	""
 4732 02f3 00       		.string	""
 4733 02f4 AEC000   		.string	"\256\300"
 4734 02f7 8100     		.string	"\201"
 4735 02f9 00       		.string	""
 4736 02fa 00       		.string	""
 4737 02fb 00       		.string	""
 4738 02fc 00       		.string	""
 4739 02fd 00       		.string	""
 4740 02fe 00       		.string	""
 4741 02ff 00       		.string	""
 4742 0300 AEC800   		.string	"\256\310"
 4743 0303 81080101 		.string	"\201\b\001\001\b"
 4743      0800
 4744 0309 00       		.string	""
 4745 030a 00       		.string	""
 4746 030b 08AED000 		.string	"\b\256\320"
 4747 030f 81010808 		.string	"\201\001\b\b\b"
 4747      0800
 4748 0315 00       		.string	""
 4749 0316 00       		.string	""
 4750 0317 01B5F400 		.string	"\001\265\364"
 4751 031b 8000     		.string	"\200"
 4752 031d 00       		.string	""
 4753 031e 00       		.string	""
 4754 031f 00       		.string	""
 4755 0320 00       		.string	""
 4756 0321 00       		.string	""
 4757 0322 00       		.string	""
 4758 0323 00       		.string	""
 4759 0324 B5FC00   		.string	"\265\374"
 4760 0327 8000     		.string	"\200"
 4761 0329 00       		.string	""
 4762 032a 00       		.string	""
 4763 032b 00       		.string	""
 4764 032c 00       		.string	""
 4765 032d 00       		.string	""
 4766 032e 00       		.string	""
 4767 032f 00       		.string	""
 4768 0330 B60400   		.string	"\266\004"
 4769 0333 4000     		.string	"@"
 4770 0335 00       		.string	""
 4771 0336 00       		.string	""
 4772 0337 00       		.string	""
 4773 0338 B60800   		.string	"\266\b"
 4774 033b 4400     		.string	"D"
 4775 033d 00       		.string	""
 4776 033e 00       		.string	""
 4777 033f 00       		.string	""
 4778 0340 00       		.string	""
 4779 0341 00       		.string	""
 4780 0342 00       		.string	""
 4781 0343 00       		.string	""
 4782 0344 00       		.string	""
 4783 0345 00       		.string	""
 4784 0346 00       		.string	""
 4785 0347 00       		.string	""
 4786 0348 00       		.string	""
 4787 0349 00       		.string	""
 4788 034a 00       		.string	""
 4789 034b 00       		.string	""
 4790 034c B61800   		.string	"\266\030"
 4791 034f 4400     		.string	"D"
 4792 0351 00       		.string	""
 4793 0352 00       		.string	""
 4794 0353 00       		.string	""
 4795 0354 00       		.string	""
 4796 0355 00       		.string	""
 4797 0356 00       		.string	""
 4798 0357 00       		.string	""
 4799 0358 00       		.string	""
 4800 0359 00       		.string	""
 4801 035a 00       		.string	""
 4802 035b 00       		.string	""
 4803 035c 00       		.string	""
 4804 035d 00       		.string	""
 4805 035e 00       		.string	""
 4806 035f 00       		.string	""
 4807 0360 B62800   		.string	"\266("
 4808 0363 4400     		.string	"D"
 4809 0365 00       		.string	""
 4810 0366 00       		.string	""
 4811 0367 00       		.string	""
 4812 0368 00       		.string	""
 4813 0369 00       		.string	""
 4814 036a 00       		.string	""
 4815 036b 00       		.string	""
 4816 036c 00       		.string	""
 4817 036d 00       		.string	""
 4818 036e 00       		.string	""
 4819 036f 00       		.string	""
 4820 0370 00       		.string	""
 4821 0371 00       		.string	""
 4822 0372 00       		.string	""
 4823 0373 00       		.string	""
 4824 0374 B63800   		.string	"\2668"
 4825 0377 4400     		.string	"D"
 4826 0379 00       		.string	""
 4827 037a 00       		.string	""
 4828 037b 00       		.string	""
 4829 037c 00       		.string	""
 4830 037d 00       		.string	""
 4831 037e 00       		.string	""
 4832 037f 00       		.string	""
 4833 0380 00       		.string	""
 4834 0381 00       		.string	""
 4835 0382 00       		.string	""
 4836 0383 00       		.string	""
 4837 0384 00       		.string	""
 4838 0385 00       		.string	""
 4839 0386 00       		.string	""
 4840 0387 00       		.string	""
 4841 0388 B6480100 		.string	"\266H\001"
 4842 038c 00       		.string	""
 4843 038d 00       		.string	""
 4844 038e 00       		.string	""
 4845 038f 00       		.string	""
 4846 0390 00       		.string	""
 4847 0391 00       		.string	""
 4848 0392 00       		.string	""
 4849 0393 00       		.string	""
 4850 0394 00       		.string	""
 4851 0395 00       		.string	""
 4852 0396 00       		.string	""
 4853 0397 00       		.string	""
 4854 0398 00       		.string	""
 4855 0399 00       		.string	""
 4856 039a 00       		.string	""
 4857 039b 00       		.string	""
 4858 039c B6580100 		.string	"\266X\001"
 4859 03a0 00       		.string	""
 4860 03a1 00       		.string	""
 4861 03a2 00       		.string	""
 4862 03a3 00       		.string	""
 4863 03a4 00       		.string	""
 4864 03a5 00       		.string	""
 4865 03a6 00       		.string	""
 4866 03a7 00       		.string	""
 4867 03a8 00       		.string	""
 4868 03a9 00       		.string	""
 4869 03aa 00       		.string	""
 4870 03ab 00       		.string	""
 4871 03ac 00       		.string	""
 4872 03ad 00       		.string	""
 4873 03ae 00       		.string	""
 4874 03af 00       		.string	""
 4875 03b0 B6680100 		.string	"\266h\001"
 4876 03b4 00       		.string	""
 4877 03b5 00       		.string	""
 4878 03b6 00       		.string	""
 4879 03b7 00       		.string	""
 4880 03b8 00       		.string	""
 4881 03b9 00       		.string	""
 4882 03ba 00       		.string	""
 4883 03bb 00       		.string	""
 4884 03bc 00       		.string	""
 4885 03bd 00       		.string	""
 4886 03be 00       		.string	""
 4887 03bf 00       		.string	""
 4888 03c0 00       		.string	""
 4889 03c1 00       		.string	""
 4890 03c2 00       		.string	""
 4891 03c3 00       		.string	""
 4892 03c4 00       		.string	""
 4893 03c5 00       		.string	""
 4894 03c6 00       		.string	""
 4895 03c7 0F00     		.string	"\017"
 4896 03c9 0103C8   		.ascii	"\001\003\310"
 4897              		.globl	VL53L8CX_DEFAULT_XTALK
 4898              		.section	.rodata.VL53L8CX_DEFAULT_XTALK,"a"
 4899              		.align 32
 4902              	VL53L8CX_DEFAULT_XTALK:
 4903 0000 9FD800   		.string	"\237\330"
 4904 0003 C0032009 		.string	"\300\003 \t`\013\b\b\027\b\b\b\003\237\344\001@"
 4904      600B0808 
 4904      17080808 
 4904      039FE401 
 4904      4000
 4905 0015 00       		.string	""
 4906 0016 00       		.string	""
 4907 0017 00       		.string	""
 4908 0018 00       		.string	""
 4909 0019 00       		.string	""
 4910 001a 00       		.string	""
 4911 001b 00       		.string	""
 4912 001c 00       		.string	""
 4913 001d 00       		.string	""
 4914 001e 00       		.string	""
 4915 001f 00       		.string	""
 4916 0020 01E000   		.string	"\001\340"
 4917 0023 2000     		.string	" "
 4918 0025 00       		.string	""
 4919 0026 00       		.string	""
 4920 0027 209FF800 		.string	" \237\370"
 4921 002b 40171717 		.string	"@\027\027\027\027\237\374\004\004"
 4921      179FFC04 
 4921      0400
 4922 0035 00       		.string	""
 4923 0036 46A400   		.string	"F\244"
 4924 0039 00       		.string	""
 4925 003a 376600   		.string	"7f"
 4926 003d 00       		.string	""
 4927 003e 266000   		.string	"&`"
 4928 0041 00       		.string	""
 4929 0042 1CBC00   		.string	"\034\274"
 4930 0045 00       		.string	""
 4931 0046 177300   		.string	"\027s"
 4932 0049 00       		.string	""
 4933 004a 112500   		.string	"\021%"
 4934 004d 00       		.string	""
 4935 004e 110700   		.string	"\021\007"
 4936 0051 00       		.string	""
 4937 0052 0E6300   		.string	"\016c"
 4938 0055 00       		.string	""
 4939 0056 8B4C00   		.string	"\213L"
 4940 0059 00       		.string	""
 4941 005a 60A200   		.string	"`\242"
 4942 005d 00       		.string	""
 4943 005e 3DC000   		.string	"=\300"
 4944 0061 00       		.string	""
 4945 0062 26AA00   		.string	"&\252"
 4946 0065 00       		.string	""
 4947 0066 1BC200   		.string	"\033\302"
 4948 0069 00       		.string	""
 4949 006a 180400   		.string	"\030\004"
 4950 006d 00       		.string	""
 4951 006e 149700   		.string	"\024\227"
 4952 0071 00       		.string	""
 4953 0072 10ED00   		.string	"\020\355"
 4954 0075 01281B00 		.string	"\001(\033"
 4955 0079 00       		.string	""
 4956 007a 93F000   		.string	"\223\360"
 4957 007d 00       		.string	""
 4958 007e 576100   		.string	"Wa"
 4959 0081 00       		.string	""
 4960 0082 302B00   		.string	"0+"
 4961 0085 00       		.string	""
 4962 0086 20AA00   		.string	" \252"
 4963 0089 00       		.string	""
 4964 008a 1AB600   		.string	"\032\266"
 4965 008d 00       		.string	""
 4966 008e 15C300   		.string	"\025\303"
 4967 0091 00       		.string	""
 4968 0092 160E00   		.string	"\026\016"
 4969 0095 017FBB00 		.string	"\001\177\273"
 4970 0099 00       		.string	""
 4971 009a AD5800   		.string	"\255X"
 4972 009d 00       		.string	""
 4973 009e 71AF00   		.string	"q\257"
 4974 00a1 00       		.string	""
 4975 00a2 36D900   		.string	"6\331"
 4976 00a5 00       		.string	""
 4977 00a6 22FB00   		.string	"\"\373"
 4978 00a9 00       		.string	""
 4979 00aa 1C9600   		.string	"\034\226"
 4980 00ad 00       		.string	""
 4981 00ae 188300   		.string	"\030\203"
 4982 00b1 00       		.string	""
 4983 00b2 179600   		.string	"\027\226"
 4984 00b5 019000   		.string	"\001\220"
 4985 00b8 00       		.string	""
 4986 00b9 00       		.string	""
 4987 00ba 97D600   		.string	"\227\326"
 4988 00bd 00       		.string	""
 4989 00be 663B00   		.string	"f;"
 4990 00c1 00       		.string	""
 4991 00c2 330A00   		.string	"3\n"
 4992 00c5 00       		.string	""
 4993 00c6 20CD00   		.string	" \315"
 4994 00c9 00       		.string	""
 4995 00ca 193800   		.string	"\0318"
 4996 00cd 00       		.string	""
 4997 00ce 16A500   		.string	"\026\245"
 4998 00d1 00       		.string	""
 4999 00d2 14BB00   		.string	"\024\273"
 5000 00d5 00       		.string	""
 5001 00d6 AFCF00   		.string	"\257\317"
 5002 00d9 00       		.string	""
 5003 00da 657D00   		.string	"e}"
 5004 00dd 00       		.string	""
 5005 00de 3D9300   		.string	"=\223"
 5006 00e1 00       		.string	""
 5007 00e2 29D100   		.string	")\321"
 5008 00e5 00       		.string	""
 5009 00e6 194E00   		.string	"\031N"
 5010 00e9 00       		.string	""
 5011 00ea 15BA00   		.string	"\025\272"
 5012 00ed 00       		.string	""
 5013 00ee 11C600   		.string	"\021\306"
 5014 00f1 00       		.string	""
 5015 00f2 127F00   		.string	"\022\177"
 5016 00f5 00       		.string	""
 5017 00f6 731D00   		.string	"s\035"
 5018 00f9 00       		.string	""
 5019 00fa 422C00   		.string	"B,"
 5020 00fd 00       		.string	""
 5021 00fe 2E8200   		.string	".\202"
 5022 0101 00       		.string	""
 5023 0102 1E8000   		.string	"\036\200"
 5024 0105 00       		.string	""
 5025 0106 181C00   		.string	"\030\034"
 5026 0109 00       		.string	""
 5027 010a 132D00   		.string	"\023-"
 5028 010d 00       		.string	""
 5029 010e 0FC600   		.string	"\017\306"
 5030 0111 00       		.string	""
 5031 0112 0F8500   		.string	"\017\205"
 5032 0115 00       		.string	""
 5033 0116 4F0400   		.string	"O\004"
 5034 0119 00       		.string	""
 5035 011a 33E900   		.string	"3\351"
 5036 011d 00       		.string	""
 5037 011e 1F0600   		.string	"\037\006"
 5038 0121 00       		.string	""
 5039 0122 184000   		.string	"\030@"
 5040 0125 00       		.string	""
 5041 0126 132C00   		.string	"\023,"
 5042 0129 00       		.string	""
 5043 012a 129700   		.string	"\022\227"
 5044 012d 00       		.string	""
 5045 012e 0E0100   		.string	"\016\001"
 5046 0131 00       		.string	""
 5047 0132 0DACA0FC 		.string	"\r\254\240\374\001"
 5047      0100
 5048 0138 00       		.string	""
 5049 0139 00       		.string	""
 5050 013a 00       		.string	""
 5051 013b 00       		.string	""
 5052 013c 00       		.string	""
 5053 013d 00       		.string	""
 5054 013e 00       		.string	""
 5055 013f 0300     		.string	"\003"
 5056 0141 00       		.string	""
 5057 0142 00       		.string	""
 5058 0143 00       		.string	""
 5059 0144 00       		.string	""
 5060 0145 00       		.string	""
 5061 0146 00       		.string	""
 5062 0147 00       		.string	""
 5063 0148 A10C0100 		.string	"\241\f\001"
 5064 014c 00       		.string	""
 5065 014d 00       		.string	""
 5066 014e 00       		.string	""
 5067 014f 8000     		.string	"\200"
 5068 0151 00       		.string	""
 5069 0152 00       		.string	""
 5070 0153 0300     		.string	"\003"
 5071 0155 00       		.string	""
 5072 0156 00       		.string	""
 5073 0157 00       		.string	""
 5074 0158 00       		.string	""
 5075 0159 00       		.string	""
 5076 015a 00       		.string	""
 5077 015b 00       		.string	""
 5078 015c A11C00   		.string	"\241\034"
 5079 015f C000     		.string	"\300"
 5080 0161 00       		.string	""
 5081 0162 70EB0C80 		.string	"p\353\f\200\001\340"
 5081      01E000
 5082 0169 00       		.string	""
 5083 016a 00       		.string	""
 5084 016b 26A12809 		.string	"&\241(\t\002"
 5084      0200
 5085 0171 00       		.string	""
 5086 0172 00       		.string	""
 5087 0173 00       		.string	""
 5088 0174 00       		.string	""
 5089 0175 00       		.string	""
 5090 0176 00       		.string	""
 5091 0177 00       		.string	""
 5092 0178 00       		.string	""
 5093 0179 00       		.string	""
 5094 017a 00       		.string	""
 5095 017b 00       		.string	""
 5096 017c 00       		.string	""
 5097 017d 0100     		.string	"\001"
 5098 017f 00       		.string	""
 5099 0180 00       		.string	""
 5100 0181 3600     		.string	"6"
 5101 0183 0301D901 		.string	"\003\001\331\001C\0023\002\027\002K\002A\001\027\002\""
 5101      43023302 
 5101      17024B02 
 5101      41011702 
 5101      2200
 5102 0195 2700     		.string	"'"
 5103 0197 5D00     		.string	"]"
 5104 0199 0500     		.string	"\005"
 5105 019b 1100     		.string	"\021"
 5106 019d 00       		.string	""
 5107 019e 00       		.string	""
 5108 019f 0100     		.string	"\001"
 5109 01a1 00       		.string	""
 5110 01a2 00       		.string	""
 5111 01a3 00       		.string	""
 5112 01a4 00       		.string	""
 5113 01a5 00       		.string	""
 5114 01a6 00       		.string	""
 5115 01a7 00       		.string	""
 5116 01a8 00       		.string	""
 5117 01a9 00       		.string	""
 5118 01aa 00       		.string	""
 5119 01ab 00       		.string	""
 5120 01ac 00       		.string	""
 5121 01ad 00       		.string	""
 5122 01ae 00       		.string	""
 5123 01af 00       		.string	""
 5124 01b0 00       		.string	""
 5125 01b1 00       		.string	""
 5126 01b2 00       		.string	""
 5127 01b3 00       		.string	""
 5128 01b4 00       		.string	""
 5129 01b5 00       		.string	""
 5130 01b6 00       		.string	""
 5131 01b7 00       		.string	""
 5132 01b8 00       		.string	""
 5133 01b9 00       		.string	""
 5134 01ba 00       		.string	""
 5135 01bb 00       		.string	""
 5136 01bc 00       		.string	""
 5137 01bd 00       		.string	""
 5138 01be 00       		.string	""
 5139 01bf 00       		.string	""
 5140 01c0 00       		.string	""
 5141 01c1 00       		.string	""
 5142 01c2 00       		.string	""
 5143 01c3 00       		.string	""
 5144 01c4 00       		.string	""
 5145 01c5 00       		.string	""
 5146 01c6 00       		.string	""
 5147 01c7 00       		.string	""
 5148 01c8 00       		.string	""
 5149 01c9 00       		.string	""
 5150 01ca 00       		.string	""
 5151 01cb 00       		.string	""
 5152 01cc 00       		.string	""
 5153 01cd 00       		.string	""
 5154 01ce 00       		.string	""
 5155 01cf 00       		.string	""
 5156 01d0 00       		.string	""
 5157 01d1 00       		.string	""
 5158 01d2 00       		.string	""
 5159 01d3 00       		.string	""
 5160 01d4 00       		.string	""
 5161 01d5 00       		.string	""
 5162 01d6 00       		.string	""
 5163 01d7 00       		.string	""
 5164 01d8 00       		.string	""
 5165 01d9 00       		.string	""
 5166 01da 00       		.string	""
 5167 01db 00       		.string	""
 5168 01dc 00       		.string	""
 5169 01dd 00       		.string	""
 5170 01de 00       		.string	""
 5171 01df 00       		.string	""
 5172 01e0 00       		.string	""
 5173 01e1 00       		.string	""
 5174 01e2 00       		.string	""
 5175 01e3 00       		.string	""
 5176 01e4 00       		.string	""
 5177 01e5 00       		.string	""
 5178 01e6 00       		.string	""
 5179 01e7 00       		.string	""
 5180 01e8 00       		.string	""
 5181 01e9 00       		.string	""
 5182 01ea 00       		.string	""
 5183 01eb 00       		.string	""
 5184 01ec 00       		.string	""
 5185 01ed 00       		.string	""
 5186 01ee 00       		.string	""
 5187 01ef 00       		.string	""
 5188 01f0 00       		.string	""
 5189 01f1 00       		.string	""
 5190 01f2 00       		.string	""
 5191 01f3 00       		.string	""
 5192 01f4 00       		.string	""
 5193 01f5 00       		.string	""
 5194 01f6 00       		.string	""
 5195 01f7 00       		.string	""
 5196 01f8 00       		.string	""
 5197 01f9 00       		.string	""
 5198 01fa 00       		.string	""
 5199 01fb 00       		.string	""
 5200 01fc 00       		.string	""
 5201 01fd 00       		.string	""
 5202 01fe 00       		.string	""
 5203 01ff 00       		.string	""
 5204 0200 00       		.string	""
 5205 0201 00       		.string	""
 5206 0202 00       		.string	""
 5207 0203 00       		.string	""
 5208 0204 00       		.string	""
 5209 0205 00       		.string	""
 5210 0206 00       		.string	""
 5211 0207 00       		.string	""
 5212 0208 00       		.string	""
 5213 0209 00       		.string	""
 5214 020a 00       		.string	""
 5215 020b 00       		.string	""
 5216 020c 00       		.string	""
 5217 020d 00       		.string	""
 5218 020e 00       		.string	""
 5219 020f 00       		.string	""
 5220 0210 00       		.string	""
 5221 0211 00       		.string	""
 5222 0212 00       		.string	""
 5223 0213 00       		.string	""
 5224 0214 00       		.string	""
 5225 0215 00       		.string	""
 5226 0216 00       		.string	""
 5227 0217 00       		.string	""
 5228 0218 00       		.string	""
 5229 0219 00       		.string	""
 5230 021a 00       		.string	""
 5231 021b 00       		.string	""
 5232 021c 00       		.string	""
 5233 021d 00       		.string	""
 5234 021e 00       		.string	""
 5235 021f 00       		.string	""
 5236 0220 00       		.string	""
 5237 0221 00       		.string	""
 5238 0222 00       		.string	""
 5239 0223 00       		.string	""
 5240 0224 00       		.string	""
 5241 0225 00       		.string	""
 5242 0226 00       		.string	""
 5243 0227 00       		.string	""
 5244 0228 00       		.string	""
 5245 0229 00       		.string	""
 5246 022a 00       		.string	""
 5247 022b 00       		.string	""
 5248 022c 00       		.string	""
 5249 022d 00       		.string	""
 5250 022e 00       		.string	""
 5251 022f 00       		.string	""
 5252 0230 00       		.string	""
 5253 0231 00       		.string	""
 5254 0232 00       		.string	""
 5255 0233 00       		.string	""
 5256 0234 00       		.string	""
 5257 0235 00       		.string	""
 5258 0236 00       		.string	""
 5259 0237 00       		.string	""
 5260 0238 00       		.string	""
 5261 0239 00       		.string	""
 5262 023a 00       		.string	""
 5263 023b 00       		.string	""
 5264 023c 00       		.string	""
 5265 023d 00       		.string	""
 5266 023e 00       		.string	""
 5267 023f 00       		.string	""
 5268 0240 00       		.string	""
 5269 0241 00       		.string	""
 5270 0242 00       		.string	""
 5271 0243 00       		.string	""
 5272 0244 00       		.string	""
 5273 0245 00       		.string	""
 5274 0246 00       		.string	""
 5275 0247 00       		.string	""
 5276 0248 00       		.string	""
 5277 0249 00       		.string	""
 5278 024a 00       		.string	""
 5279 024b 00       		.string	""
 5280 024c 00       		.string	""
 5281 024d 00       		.string	""
 5282 024e 00       		.string	""
 5283 024f 00       		.string	""
 5284 0250 00       		.string	""
 5285 0251 00       		.string	""
 5286 0252 00       		.string	""
 5287 0253 00       		.string	""
 5288 0254 00       		.string	""
 5289 0255 00       		.string	""
 5290 0256 00       		.string	""
 5291 0257 00       		.string	""
 5292 0258 00       		.string	""
 5293 0259 00       		.string	""
 5294 025a 00       		.string	""
 5295 025b 00       		.string	""
 5296 025c 00       		.string	""
 5297 025d 00       		.string	""
 5298 025e 00       		.string	""
 5299 025f 00       		.string	""
 5300 0260 00       		.string	""
 5301 0261 00       		.string	""
 5302 0262 00       		.string	""
 5303 0263 00       		.string	""
 5304 0264 00       		.string	""
 5305 0265 00       		.string	""
 5306 0266 00       		.string	""
 5307 0267 00       		.string	""
 5308 0268 00       		.string	""
 5309 0269 00       		.string	""
 5310 026a 00       		.string	""
 5311 026b 00       		.string	""
 5312 026c 00       		.string	""
 5313 026d 00       		.string	""
 5314 026e 00       		.string	""
 5315 026f 00       		.string	""
 5316 0270 00       		.string	""
 5317 0271 00       		.string	""
 5318 0272 00       		.string	""
 5319 0273 00       		.string	""
 5320 0274 00       		.string	""
 5321 0275 00       		.string	""
 5322 0276 00       		.string	""
 5323 0277 00       		.string	""
 5324 0278 00       		.string	""
 5325 0279 00       		.string	""
 5326 027a 00       		.string	""
 5327 027b 00       		.string	""
 5328 027c 00       		.string	""
 5329 027d 00       		.string	""
 5330 027e 00       		.string	""
 5331 027f 00       		.string	""
 5332 0280 00       		.string	""
 5333 0281 00       		.string	""
 5334 0282 00       		.string	""
 5335 0283 00       		.string	""
 5336 0284 00       		.string	""
 5337 0285 00       		.string	""
 5338 0286 00       		.string	""
 5339 0287 00       		.string	""
 5340 0288 00       		.string	""
 5341 0289 00       		.string	""
 5342 028a 00       		.string	""
 5343 028b 00       		.string	""
 5344 028c 00       		.string	""
 5345 028d 00       		.string	""
 5346 028e 00       		.string	""
 5347 028f 00       		.string	""
 5348 0290 A24800   		.string	"\242H"
 5349 0293 4000     		.string	"@"
 5350 0295 00       		.string	""
 5351 0296 00       		.string	""
 5352 0297 00       		.string	""
 5353 0298 A24C00   		.string	"\242L"
 5354 029b 8100     		.string	"\201"
 5355 029d 00       		.string	""
 5356 029e 00       		.string	""
 5357 029f 00       		.string	""
 5358 02a0 00       		.string	""
 5359 02a1 00       		.string	""
 5360 02a2 00       		.string	""
 5361 02a3 00       		.string	""
 5362 02a4 A25400   		.string	"\242T"
 5363 02a7 8100     		.string	"\201"
 5364 02a9 00       		.string	""
 5365 02aa 00       		.string	""
 5366 02ab 00       		.string	""
 5367 02ac 00       		.string	""
 5368 02ad 00       		.string	""
 5369 02ae 00       		.string	""
 5370 02af 00       		.string	""
 5371 02b0 A25C00   		.string	"\242\\"
 5372 02b3 8100     		.string	"\201"
 5373 02b5 00       		.string	""
 5374 02b6 00       		.string	""
 5375 02b7 00       		.string	""
 5376 02b8 00       		.string	""
 5377 02b9 00       		.string	""
 5378 02ba 00       		.string	""
 5379 02bb 00       		.string	""
 5380 02bc A26400   		.string	"\242d"
 5381 02bf 8100     		.string	"\201"
 5382 02c1 00       		.string	""
 5383 02c2 00       		.string	""
 5384 02c3 00       		.string	""
 5385 02c4 00       		.string	""
 5386 02c5 00       		.string	""
 5387 02c6 00       		.string	""
 5388 02c7 00       		.string	""
 5389 02c8 A26C00   		.string	"\242l"
 5390 02cb 8400     		.string	"\204"
 5391 02cd 00       		.string	""
 5392 02ce 00       		.string	""
 5393 02cf 00       		.string	""
 5394 02d0 00       		.string	""
 5395 02d1 00       		.string	""
 5396 02d2 00       		.string	""
 5397 02d3 00       		.string	""
 5398 02d4 00       		.string	""
 5399 02d5 00       		.string	""
 5400 02d6 00       		.string	""
 5401 02d7 00       		.string	""
 5402 02d8 00       		.string	""
 5403 02d9 00       		.string	""
 5404 02da 00       		.string	""
 5405 02db 00       		.string	""
 5406 02dc 00       		.string	""
 5407 02dd 00       		.string	""
 5408 02de 00       		.string	""
 5409 02df 00       		.string	""
 5410 02e0 00       		.string	""
 5411 02e1 00       		.string	""
 5412 02e2 00       		.string	""
 5413 02e3 00       		.string	""
 5414 02e4 00       		.string	""
 5415 02e5 00       		.string	""
 5416 02e6 00       		.string	""
 5417 02e7 00       		.string	""
 5418 02e8 00       		.string	""
 5419 02e9 00       		.string	""
 5420 02ea 00       		.string	""
 5421 02eb 00       		.string	""
 5422 02ec A28C00   		.string	"\242\214"
 5423 02ef 8200     		.string	"\202"
 5424 02f1 00       		.string	""
 5425 02f2 00       		.string	""
 5426 02f3 00       		.string	""
 5427 02f4 00       		.string	""
 5428 02f5 00       		.string	""
 5429 02f6 00       		.string	""
 5430 02f7 00       		.string	""
 5431 02f8 00       		.string	""
 5432 02f9 00       		.string	""
 5433 02fa 00       		.string	""
 5434 02fb 00       		.string	""
 5435 02fc 00       		.string	""
 5436 02fd 00       		.string	""
 5437 02fe 00       		.string	""
 5438 02ff 00       		.string	""
 5439 0300 00       		.string	""
 5440 0301 00       		.string	""
 5441 0302 00       		.string	""
 5442 0303 0F050103 		.ascii	"\017\005\001\003\004"
 5442      04
 5443              		.globl	VL53L8CX_GET_NVM_CMD
 5444              		.section	.rodata.VL53L8CX_GET_NVM_CMD,"a"
 5445              		.align 32
 5448              	VL53L8CX_GET_NVM_CMD:
 5449 0000 5400     		.string	"T"
 5450 0002 00       		.string	""
 5451 0003 409E1400 		.string	"@\236\024"
 5452 0007 C09E2001 		.string	"\300\236 \001@\2364"
 5452      409E3400 
 5453 000f 409E3804 		.string	"@\2368\004\004\2378\004\002\237\270\001"
 5453      049F3804 
 5453      029FB801 
 5453      00
 5454 001c 9FC80100 		.string	"\237\310\001"
 5455 0020 00       		.string	""
 5456 0021 00       		.string	""
 5457 0022 00       		.string	""
 5458 0023 0F020200 		.string	"\017\002\002"
 5459 0027 24       		.ascii	"$"
 5460              		.section	.text._vl53l8cx_poll_for_answer,"ax",@progbits
 5462              	_vl53l8cx_poll_for_answer:
 5463              	.LFB6:
   1:src/Flightlib/vl53l8cx_driver/Core/Src/vl53l8cx/vl53l8cx_api.c **** /**
   2:src/Flightlib/vl53l8cx_driver/Core/Src/vl53l8cx/vl53l8cx_api.c ****   *
   3:src/Flightlib/vl53l8cx_driver/Core/Src/vl53l8cx/vl53l8cx_api.c ****   * Copyright (c) 2021 STMicroelectronics.
   4:src/Flightlib/vl53l8cx_driver/Core/Src/vl53l8cx/vl53l8cx_api.c ****   * All rights reserved.
   5:src/Flightlib/vl53l8cx_driver/Core/Src/vl53l8cx/vl53l8cx_api.c ****   *
   6:src/Flightlib/vl53l8cx_driver/Core/Src/vl53l8cx/vl53l8cx_api.c ****   * This software is licensed under terms that can be found in the LICENSE file
   7:src/Flightlib/vl53l8cx_driver/Core/Src/vl53l8cx/vl53l8cx_api.c ****   * in the root directory of this software component.
   8:src/Flightlib/vl53l8cx_driver/Core/Src/vl53l8cx/vl53l8cx_api.c ****   * If no LICENSE file comes with this software, it is provided AS-IS.
   9:src/Flightlib/vl53l8cx_driver/Core/Src/vl53l8cx/vl53l8cx_api.c ****   *
  10:src/Flightlib/vl53l8cx_driver/Core/Src/vl53l8cx/vl53l8cx_api.c ****   ******************************************************************************
  11:src/Flightlib/vl53l8cx_driver/Core/Src/vl53l8cx/vl53l8cx_api.c ****   */
  12:src/Flightlib/vl53l8cx_driver/Core/Src/vl53l8cx/vl53l8cx_api.c **** 
  13:src/Flightlib/vl53l8cx_driver/Core/Src/vl53l8cx/vl53l8cx_api.c **** #include <stdlib.h>
  14:src/Flightlib/vl53l8cx_driver/Core/Src/vl53l8cx/vl53l8cx_api.c **** #include <string.h>
  15:src/Flightlib/vl53l8cx_driver/Core/Src/vl53l8cx/vl53l8cx_api.c **** #include "vl53l8cx_api.h"
  16:src/Flightlib/vl53l8cx_driver/Core/Src/vl53l8cx/vl53l8cx_api.c **** #include "vl53l8cx_buffers.h"
  17:src/Flightlib/vl53l8cx_driver/Core/Src/vl53l8cx/vl53l8cx_api.c **** 
  18:src/Flightlib/vl53l8cx_driver/Core/Src/vl53l8cx/vl53l8cx_api.c **** /**
  19:src/Flightlib/vl53l8cx_driver/Core/Src/vl53l8cx/vl53l8cx_api.c ****  * @brief Inner function, not available outside this file. This function is used
  20:src/Flightlib/vl53l8cx_driver/Core/Src/vl53l8cx/vl53l8cx_api.c ****  * to wait for an answer from VL53L8CX sensor.
  21:src/Flightlib/vl53l8cx_driver/Core/Src/vl53l8cx/vl53l8cx_api.c ****  */
  22:src/Flightlib/vl53l8cx_driver/Core/Src/vl53l8cx/vl53l8cx_api.c **** 
  23:src/Flightlib/vl53l8cx_driver/Core/Src/vl53l8cx/vl53l8cx_api.c **** static uint8_t _vl53l8cx_poll_for_answer(
  24:src/Flightlib/vl53l8cx_driver/Core/Src/vl53l8cx/vl53l8cx_api.c **** 		VL53L8CX_Configuration	*p_dev,
  25:src/Flightlib/vl53l8cx_driver/Core/Src/vl53l8cx/vl53l8cx_api.c **** 		uint8_t					size,
  26:src/Flightlib/vl53l8cx_driver/Core/Src/vl53l8cx/vl53l8cx_api.c **** 		uint8_t					pos,
  27:src/Flightlib/vl53l8cx_driver/Core/Src/vl53l8cx/vl53l8cx_api.c **** 		uint16_t				address,
  28:src/Flightlib/vl53l8cx_driver/Core/Src/vl53l8cx/vl53l8cx_api.c **** 		uint8_t					mask,
  29:src/Flightlib/vl53l8cx_driver/Core/Src/vl53l8cx/vl53l8cx_api.c **** 		uint8_t					expected_value)
  30:src/Flightlib/vl53l8cx_driver/Core/Src/vl53l8cx/vl53l8cx_api.c **** {
 5464              		.loc 1 30 1
 5465              		.cfi_startproc
 5466 0000 F30F1EFA 		endbr64
 5467 0004 55       		pushq	%rbp
 5468              	.LCFI0:
 5469              		.cfi_def_cfa_offset 16
 5470              		.cfi_offset 6, -16
 5471 0005 4889E5   		movq	%rsp, %rbp
 5472              	.LCFI1:
 5473              		.cfi_def_cfa_register 6
 5474 0008 4883EC30 		subq	$48, %rsp
 5475 000c 48897DE8 		movq	%rdi, -24(%rbp)
 5476 0010 89C8     		movl	%ecx, %eax
 5477 0012 4489CF   		movl	%r9d, %edi
 5478 0015 89F1     		movl	%esi, %ecx
 5479 0017 884DE4   		movb	%cl, -28(%rbp)
 5480 001a 8855E0   		movb	%dl, -32(%rbp)
 5481 001d 668945DC 		movw	%ax, -36(%rbp)
 5482 0021 4489C0   		movl	%r8d, %eax
 5483 0024 8845D8   		movb	%al, -40(%rbp)
 5484 0027 89F8     		movl	%edi, %eax
 5485 0029 8845D4   		movb	%al, -44(%rbp)
  31:src/Flightlib/vl53l8cx_driver/Core/Src/vl53l8cx/vl53l8cx_api.c **** 	uint8_t status = VL53L8CX_STATUS_OK;
 5486              		.loc 1 31 10
 5487 002c C645FE00 		movb	$0, -2(%rbp)
  32:src/Flightlib/vl53l8cx_driver/Core/Src/vl53l8cx/vl53l8cx_api.c **** 	uint8_t timeout = 0;
 5488              		.loc 1 32 10
 5489 0030 C645FF00 		movb	$0, -1(%rbp)
 5490              	.L5:
  33:src/Flightlib/vl53l8cx_driver/Core/Src/vl53l8cx/vl53l8cx_api.c **** 
  34:src/Flightlib/vl53l8cx_driver/Core/Src/vl53l8cx/vl53l8cx_api.c **** 	do {
  35:src/Flightlib/vl53l8cx_driver/Core/Src/vl53l8cx/vl53l8cx_api.c **** 		status |= VL53L8CX_RdMulti(&(p_dev->platform), address,
 5491              		.loc 1 35 13
 5492 0034 0FB655E4 		movzbl	-28(%rbp), %edx
  36:src/Flightlib/vl53l8cx_driver/Core/Src/vl53l8cx/vl53l8cx_api.c **** 				p_dev->temp_buffer, size);
 5493              		.loc 1 36 10
 5494 0038 488B45E8 		movq	-24(%rbp), %rax
 5495 003c 488DB818 		leaq	1304(%rax), %rdi
 5495      050000
  35:src/Flightlib/vl53l8cx_driver/Core/Src/vl53l8cx/vl53l8cx_api.c **** 				p_dev->temp_buffer, size);
 5496              		.loc 1 35 13
 5497 0043 0FB775DC 		movzwl	-36(%rbp), %esi
 5498 0047 488B45E8 		movq	-24(%rbp), %rax
 5499 004b 89D1     		movl	%edx, %ecx
 5500 004d 4889FA   		movq	%rdi, %rdx
 5501 0050 4889C7   		movq	%rax, %rdi
 5502 0053 E8000000 		call	VL53L8CX_RdMulti@PLT
 5502      00
  35:src/Flightlib/vl53l8cx_driver/Core/Src/vl53l8cx/vl53l8cx_api.c **** 				p_dev->temp_buffer, size);
 5503              		.loc 1 35 10 discriminator 1
 5504 0058 89C2     		movl	%eax, %edx
 5505 005a 0FB645FE 		movzbl	-2(%rbp), %eax
 5506 005e 09D0     		orl	%edx, %eax
 5507 0060 8845FE   		movb	%al, -2(%rbp)
  37:src/Flightlib/vl53l8cx_driver/Core/Src/vl53l8cx/vl53l8cx_api.c **** 		status |= VL53L8CX_WaitMs(&(p_dev->platform), 10);
 5508              		.loc 1 37 13
 5509 0063 488B45E8 		movq	-24(%rbp), %rax
 5510 0067 BE0A0000 		movl	$10, %esi
 5510      00
 5511 006c 4889C7   		movq	%rax, %rdi
 5512 006f E8000000 		call	VL53L8CX_WaitMs@PLT
 5512      00
 5513              		.loc 1 37 10 discriminator 1
 5514 0074 89C2     		movl	%eax, %edx
 5515 0076 0FB645FE 		movzbl	-2(%rbp), %eax
 5516 007a 09D0     		orl	%edx, %eax
 5517 007c 8845FE   		movb	%al, -2(%rbp)
  38:src/Flightlib/vl53l8cx_driver/Core/Src/vl53l8cx/vl53l8cx_api.c **** 
  39:src/Flightlib/vl53l8cx_driver/Core/Src/vl53l8cx/vl53l8cx_api.c **** 		if(timeout >= (uint8_t)200)	/* 2s timeout */
 5518              		.loc 1 39 5
 5519 007f 807DFFC7 		cmpb	$-57, -1(%rbp)
 5520 0083 7606     		jbe	.L2
  40:src/Flightlib/vl53l8cx_driver/Core/Src/vl53l8cx/vl53l8cx_api.c **** 		{
  41:src/Flightlib/vl53l8cx_driver/Core/Src/vl53l8cx/vl53l8cx_api.c **** 			status |= (uint8_t)VL53L8CX_STATUS_TIMEOUT_ERROR;
 5521              		.loc 1 41 11
 5522 0085 804DFE01 		orb	$1, -2(%rbp)
  42:src/Flightlib/vl53l8cx_driver/Core/Src/vl53l8cx/vl53l8cx_api.c **** 			break;
 5523              		.loc 1 42 4
 5524 0089 EB43     		jmp	.L3
 5525              	.L2:
  43:src/Flightlib/vl53l8cx_driver/Core/Src/vl53l8cx/vl53l8cx_api.c **** 		}else if((size >= (uint8_t)4) 
 5526              		.loc 1 43 11
 5527 008b 807DE403 		cmpb	$3, -28(%rbp)
 5528 008f 7615     		jbe	.L4
  44:src/Flightlib/vl53l8cx_driver/Core/Src/vl53l8cx/vl53l8cx_api.c ****                          && (p_dev->temp_buffer[2] >= (uint8_t)0x7f))
 5529              		.loc 1 44 48
 5530 0091 488B45E8 		movq	-24(%rbp), %rax
 5531 0095 0FB6801A 		movzbl	1306(%rax), %eax
 5531      050000
 5532              		.loc 1 44 26
 5533 009c 3C7E     		cmpb	$126, %al
 5534 009e 7606     		jbe	.L4
  45:src/Flightlib/vl53l8cx_driver/Core/Src/vl53l8cx/vl53l8cx_api.c **** 		{
  46:src/Flightlib/vl53l8cx_driver/Core/Src/vl53l8cx/vl53l8cx_api.c **** 			status |= VL53L8CX_MCU_ERROR;
 5535              		.loc 1 46 11
 5536 00a0 804DFE42 		orb	$66, -2(%rbp)
  47:src/Flightlib/vl53l8cx_driver/Core/Src/vl53l8cx/vl53l8cx_api.c **** 			break;
 5537              		.loc 1 47 4
 5538 00a4 EB28     		jmp	.L3
 5539              	.L4:
  48:src/Flightlib/vl53l8cx_driver/Core/Src/vl53l8cx/vl53l8cx_api.c **** 		}
  49:src/Flightlib/vl53l8cx_driver/Core/Src/vl53l8cx/vl53l8cx_api.c **** 		else
  50:src/Flightlib/vl53l8cx_driver/Core/Src/vl53l8cx/vl53l8cx_api.c **** 		{
  51:src/Flightlib/vl53l8cx_driver/Core/Src/vl53l8cx/vl53l8cx_api.c **** 			timeout++;
 5540              		.loc 1 51 11
 5541 00a6 0FB645FF 		movzbl	-1(%rbp), %eax
 5542 00aa 83C001   		addl	$1, %eax
 5543 00ad 8845FF   		movb	%al, -1(%rbp)
  52:src/Flightlib/vl53l8cx_driver/Core/Src/vl53l8cx/vl53l8cx_api.c **** 		}
  53:src/Flightlib/vl53l8cx_driver/Core/Src/vl53l8cx/vl53l8cx_api.c **** 	}while ((p_dev->temp_buffer[pos] & mask) != expected_value);
 5544              		.loc 1 53 29
 5545 00b0 0FB645E0 		movzbl	-32(%rbp), %eax
 5546 00b4 488B55E8 		movq	-24(%rbp), %rdx
 5547 00b8 4898     		cltq
 5548 00ba 0FB68402 		movzbl	1304(%rdx,%rax), %eax
 5548      18050000 
 5549              		.loc 1 53 43
 5550 00c2 2245D8   		andb	-40(%rbp), %al
 5551 00c5 3845D4   		cmpb	%al, -44(%rbp)
 5552 00c8 0F8566FF 		jne	.L5
 5552      FFFF
 5553              	.L3:
  54:src/Flightlib/vl53l8cx_driver/Core/Src/vl53l8cx/vl53l8cx_api.c **** 
  55:src/Flightlib/vl53l8cx_driver/Core/Src/vl53l8cx/vl53l8cx_api.c **** 	return status;
 5554              		.loc 1 55 9
 5555 00ce 0FB645FE 		movzbl	-2(%rbp), %eax
  56:src/Flightlib/vl53l8cx_driver/Core/Src/vl53l8cx/vl53l8cx_api.c **** }
 5556              		.loc 1 56 1
 5557 00d2 C9       		leave
 5558              	.LCFI2:
 5559              		.cfi_def_cfa 7, 8
 5560 00d3 C3       		ret
 5561              		.cfi_endproc
 5562              	.LFE6:
 5564              		.section	.text._vl53l8cx_poll_for_mcu_boot,"ax",@progbits
 5566              	_vl53l8cx_poll_for_mcu_boot:
 5567              	.LFB7:
  57:src/Flightlib/vl53l8cx_driver/Core/Src/vl53l8cx/vl53l8cx_api.c **** 
  58:src/Flightlib/vl53l8cx_driver/Core/Src/vl53l8cx/vl53l8cx_api.c **** /*
  59:src/Flightlib/vl53l8cx_driver/Core/Src/vl53l8cx/vl53l8cx_api.c ****  * Inner function, not available outside this file. This function is used to
  60:src/Flightlib/vl53l8cx_driver/Core/Src/vl53l8cx/vl53l8cx_api.c ****  * wait for the MCU to boot.
  61:src/Flightlib/vl53l8cx_driver/Core/Src/vl53l8cx/vl53l8cx_api.c ****  */
  62:src/Flightlib/vl53l8cx_driver/Core/Src/vl53l8cx/vl53l8cx_api.c **** static uint8_t _vl53l8cx_poll_for_mcu_boot(
  63:src/Flightlib/vl53l8cx_driver/Core/Src/vl53l8cx/vl53l8cx_api.c ****               VL53L8CX_Configuration      *p_dev)
  64:src/Flightlib/vl53l8cx_driver/Core/Src/vl53l8cx/vl53l8cx_api.c **** {
 5568              		.loc 1 64 1
 5569              		.cfi_startproc
 5570 0000 F30F1EFA 		endbr64
 5571 0004 55       		pushq	%rbp
 5572              	.LCFI3:
 5573              		.cfi_def_cfa_offset 16
 5574              		.cfi_offset 6, -16
 5575 0005 4889E5   		movq	%rsp, %rbp
 5576              	.LCFI4:
 5577              		.cfi_def_cfa_register 6
 5578 0008 4883EC20 		subq	$32, %rsp
 5579 000c 48897DE8 		movq	%rdi, -24(%rbp)
 5580              		.loc 1 64 1
 5581 0010 64488B04 		movq	%fs:40, %rax
 5581      25280000 
 5581      00
 5582 0019 488945F8 		movq	%rax, -8(%rbp)
 5583 001d 31C0     		xorl	%eax, %eax
  65:src/Flightlib/vl53l8cx_driver/Core/Src/vl53l8cx/vl53l8cx_api.c ****    uint8_t go2_status0, go2_status1, status = VL53L8CX_STATUS_OK;
 5584              		.loc 1 65 38
 5585 001f C645F500 		movb	$0, -11(%rbp)
  66:src/Flightlib/vl53l8cx_driver/Core/Src/vl53l8cx/vl53l8cx_api.c ****    uint16_t timeout = 0;
 5586              		.loc 1 66 13
 5587 0023 66C745F6 		movw	$0, -10(%rbp)
 5587      0000
 5588              	.L11:
  67:src/Flightlib/vl53l8cx_driver/Core/Src/vl53l8cx/vl53l8cx_api.c **** 
  68:src/Flightlib/vl53l8cx_driver/Core/Src/vl53l8cx/vl53l8cx_api.c ****    do {
  69:src/Flightlib/vl53l8cx_driver/Core/Src/vl53l8cx/vl53l8cx_api.c **** 		status |= VL53L8CX_RdByte(&(p_dev->platform), 0x06, &go2_status0);
 5589              		.loc 1 69 13
 5590 0029 488B45E8 		movq	-24(%rbp), %rax
 5591 002d 488D55F3 		leaq	-13(%rbp), %rdx
 5592 0031 BE060000 		movl	$6, %esi
 5592      00
 5593 0036 4889C7   		movq	%rax, %rdi
 5594 0039 E8000000 		call	VL53L8CX_RdByte@PLT
 5594      00
 5595              		.loc 1 69 10 discriminator 1
 5596 003e 89C2     		movl	%eax, %edx
 5597 0040 0FB645F5 		movzbl	-11(%rbp), %eax
 5598 0044 09D0     		orl	%edx, %eax
 5599 0046 8845F5   		movb	%al, -11(%rbp)
  70:src/Flightlib/vl53l8cx_driver/Core/Src/vl53l8cx/vl53l8cx_api.c **** 		if((go2_status0 & (uint8_t)0x80) != (uint8_t)0){
 5600              		.loc 1 70 36
 5601 0049 0FB645F3 		movzbl	-13(%rbp), %eax
 5602              		.loc 1 70 5
 5603 004d 84C0     		testb	%al, %al
 5604 004f 792E     		jns	.L8
  71:src/Flightlib/vl53l8cx_driver/Core/Src/vl53l8cx/vl53l8cx_api.c **** 			status |= VL53L8CX_RdByte(&(p_dev->platform), 0x07, &go2_status1);
 5605              		.loc 1 71 14
 5606 0051 488B45E8 		movq	-24(%rbp), %rax
 5607 0055 488D55F4 		leaq	-12(%rbp), %rdx
 5608 0059 BE070000 		movl	$7, %esi
 5608      00
 5609 005e 4889C7   		movq	%rax, %rdi
 5610 0061 E8000000 		call	VL53L8CX_RdByte@PLT
 5610      00
 5611              		.loc 1 71 11 discriminator 1
 5612 0066 89C2     		movl	%eax, %edx
 5613 0068 0FB645F5 		movzbl	-11(%rbp), %eax
 5614 006c 09D0     		orl	%edx, %eax
 5615 006e 8845F5   		movb	%al, -11(%rbp)
  72:src/Flightlib/vl53l8cx_driver/Core/Src/vl53l8cx/vl53l8cx_api.c ****             if(go2_status1 & (uint8_t)0x01)
 5616              		.loc 1 72 28
 5617 0071 0FB645F4 		movzbl	-12(%rbp), %eax
 5618 0075 0FB6C0   		movzbl	%al, %eax
 5619 0078 83E001   		andl	$1, %eax
 5620              		.loc 1 72 15
 5621 007b 85C0     		testl	%eax, %eax
 5622 007d 7538     		jne	.L14
 5623              	.L8:
  73:src/Flightlib/vl53l8cx_driver/Core/Src/vl53l8cx/vl53l8cx_api.c ****             {
  74:src/Flightlib/vl53l8cx_driver/Core/Src/vl53l8cx/vl53l8cx_api.c ****             	status |= VL53L8CX_STATUS_OK;
  75:src/Flightlib/vl53l8cx_driver/Core/Src/vl53l8cx/vl53l8cx_api.c ****     			break;
  76:src/Flightlib/vl53l8cx_driver/Core/Src/vl53l8cx/vl53l8cx_api.c ****             }
  77:src/Flightlib/vl53l8cx_driver/Core/Src/vl53l8cx/vl53l8cx_api.c **** 		}
  78:src/Flightlib/vl53l8cx_driver/Core/Src/vl53l8cx/vl53l8cx_api.c **** 		(void)VL53L8CX_WaitMs(&(p_dev->platform), 1);
 5624              		.loc 1 78 9
 5625 007f 488B45E8 		movq	-24(%rbp), %rax
 5626 0083 BE010000 		movl	$1, %esi
 5626      00
 5627 0088 4889C7   		movq	%rax, %rdi
 5628 008b E8000000 		call	VL53L8CX_WaitMs@PLT
 5628      00
  79:src/Flightlib/vl53l8cx_driver/Core/Src/vl53l8cx/vl53l8cx_api.c **** 		timeout++;
 5629              		.loc 1 79 10
 5630 0090 0FB745F6 		movzwl	-10(%rbp), %eax
 5631 0094 83C001   		addl	$1, %eax
 5632 0097 668945F6 		movw	%ax, -10(%rbp)
  80:src/Flightlib/vl53l8cx_driver/Core/Src/vl53l8cx/vl53l8cx_api.c **** 
  81:src/Flightlib/vl53l8cx_driver/Core/Src/vl53l8cx/vl53l8cx_api.c **** 		if((go2_status0 & (uint8_t)0x1) != (uint8_t)0){
 5633              		.loc 1 81 19
 5634 009b 0FB645F3 		movzbl	-13(%rbp), %eax
 5635 009f 0FB6C0   		movzbl	%al, %eax
 5636 00a2 83E001   		andl	$1, %eax
 5637              		.loc 1 81 5
 5638 00a5 85C0     		testl	%eax, %eax
 5639 00a7 7511     		jne	.L15
  82:src/Flightlib/vl53l8cx_driver/Core/Src/vl53l8cx/vl53l8cx_api.c **** 			break;
  83:src/Flightlib/vl53l8cx_driver/Core/Src/vl53l8cx/vl53l8cx_api.c **** 		}
  84:src/Flightlib/vl53l8cx_driver/Core/Src/vl53l8cx/vl53l8cx_api.c **** 	}while (timeout < (uint16_t)500);
 5640              		.loc 1 84 18
 5641 00a9 66817DF6 		cmpw	$499, -10(%rbp)
 5641      F301
 5642 00af 0F8674FF 		jbe	.L11
 5642      FFFF
 5643 00b5 EB04     		jmp	.L9
 5644              	.L14:
  75:src/Flightlib/vl53l8cx_driver/Core/Src/vl53l8cx/vl53l8cx_api.c ****             }
 5645              		.loc 1 75 8
 5646 00b7 90       		nop
 5647 00b8 EB01     		jmp	.L9
 5648              	.L15:
  82:src/Flightlib/vl53l8cx_driver/Core/Src/vl53l8cx/vl53l8cx_api.c **** 			break;
 5649              		.loc 1 82 4
 5650 00ba 90       		nop
 5651              	.L9:
  85:src/Flightlib/vl53l8cx_driver/Core/Src/vl53l8cx/vl53l8cx_api.c **** 
  86:src/Flightlib/vl53l8cx_driver/Core/Src/vl53l8cx/vl53l8cx_api.c ****    return status;
 5652              		.loc 1 86 11
 5653 00bb 0FB645F5 		movzbl	-11(%rbp), %eax
  87:src/Flightlib/vl53l8cx_driver/Core/Src/vl53l8cx/vl53l8cx_api.c **** }
 5654              		.loc 1 87 1
 5655 00bf 488B55F8 		movq	-8(%rbp), %rdx
 5656 00c3 64482B14 		subq	%fs:40, %rdx
 5656      25280000 
 5656      00
 5657 00cc 7405     		je	.L13
 5658 00ce E8000000 		call	__stack_chk_fail@PLT
 5658      00
 5659              	.L13:
 5660 00d3 C9       		leave
 5661              	.LCFI5:
 5662              		.cfi_def_cfa 7, 8
 5663 00d4 C3       		ret
 5664              		.cfi_endproc
 5665              	.LFE7:
 5667              		.section	.text._vl53l8cx_send_offset_data,"ax",@progbits
 5669              	_vl53l8cx_send_offset_data:
 5670              	.LFB8:
  88:src/Flightlib/vl53l8cx_driver/Core/Src/vl53l8cx/vl53l8cx_api.c **** 
  89:src/Flightlib/vl53l8cx_driver/Core/Src/vl53l8cx/vl53l8cx_api.c **** /**
  90:src/Flightlib/vl53l8cx_driver/Core/Src/vl53l8cx/vl53l8cx_api.c ****  * @brief Inner function, not available outside this file. This function is used
  91:src/Flightlib/vl53l8cx_driver/Core/Src/vl53l8cx/vl53l8cx_api.c ****  * to set the offset data gathered from NVM.
  92:src/Flightlib/vl53l8cx_driver/Core/Src/vl53l8cx/vl53l8cx_api.c ****  */
  93:src/Flightlib/vl53l8cx_driver/Core/Src/vl53l8cx/vl53l8cx_api.c **** 
  94:src/Flightlib/vl53l8cx_driver/Core/Src/vl53l8cx/vl53l8cx_api.c **** static uint8_t _vl53l8cx_send_offset_data(
  95:src/Flightlib/vl53l8cx_driver/Core/Src/vl53l8cx/vl53l8cx_api.c **** 		VL53L8CX_Configuration		*p_dev,
  96:src/Flightlib/vl53l8cx_driver/Core/Src/vl53l8cx/vl53l8cx_api.c **** 		uint8_t						resolution)
  97:src/Flightlib/vl53l8cx_driver/Core/Src/vl53l8cx/vl53l8cx_api.c **** {
 5671              		.loc 1 97 1
 5672              		.cfi_startproc
 5673 0000 F30F1EFA 		endbr64
 5674 0004 55       		pushq	%rbp
 5675              	.LCFI6:
 5676              		.cfi_def_cfa_offset 16
 5677              		.cfi_offset 6, -16
 5678 0005 4889E5   		movq	%rsp, %rbp
 5679              	.LCFI7:
 5680              		.cfi_def_cfa_register 6
 5681 0008 4881ECC0 		subq	$448, %rsp
 5681      010000
 5682 000f 4889BD48 		movq	%rdi, -440(%rbp)
 5682      FEFFFF
 5683 0016 89F0     		movl	%esi, %eax
 5684 0018 888544FE 		movb	%al, -444(%rbp)
 5684      FFFF
 5685              		.loc 1 97 1
 5686 001e 64488B04 		movq	%fs:40, %rax
 5686      25280000 
 5686      00
 5687 0027 488945F8 		movq	%rax, -8(%rbp)
 5688 002b 31C0     		xorl	%eax, %eax
  98:src/Flightlib/vl53l8cx_driver/Core/Src/vl53l8cx/vl53l8cx_api.c **** 	uint8_t status = VL53L8CX_STATUS_OK;
 5689              		.loc 1 98 10
 5690 002d C6855DFE 		movb	$0, -419(%rbp)
 5690      FFFF00
  99:src/Flightlib/vl53l8cx_driver/Core/Src/vl53l8cx/vl53l8cx_api.c **** 	uint32_t signal_grid[64];
 100:src/Flightlib/vl53l8cx_driver/Core/Src/vl53l8cx/vl53l8cx_api.c **** 	int16_t range_grid[64];
 101:src/Flightlib/vl53l8cx_driver/Core/Src/vl53l8cx/vl53l8cx_api.c **** 	uint8_t dss_4x4[] = {0x0F, 0x04, 0x04, 0x00, 0x08, 0x10, 0x10, 0x07};
 5691              		.loc 1 101 10
 5692 0034 48B80F04 		movabsq	$508924384438912015, %rax
 5692      04000810 
 5692      1007
 5693 003e 488945E8 		movq	%rax, -24(%rbp)
 102:src/Flightlib/vl53l8cx_driver/Core/Src/vl53l8cx/vl53l8cx_api.c **** 	uint8_t footer[] = {0x00, 0x00, 0x00, 0x0F, 0x03, 0x01, 0x01, 0xE4};
 5694              		.loc 1 102 10
 5695 0042 48B80000 		movabsq	$-2017330045437083648, %rax
 5695      000F0301 
 5695      01E4
 5696 004c 488945F0 		movq	%rax, -16(%rbp)
 103:src/Flightlib/vl53l8cx_driver/Core/Src/vl53l8cx/vl53l8cx_api.c **** 	int8_t i, j;
 104:src/Flightlib/vl53l8cx_driver/Core/Src/vl53l8cx/vl53l8cx_api.c **** 	uint16_t k;
 105:src/Flightlib/vl53l8cx_driver/Core/Src/vl53l8cx/vl53l8cx_api.c **** 
 106:src/Flightlib/vl53l8cx_driver/Core/Src/vl53l8cx/vl53l8cx_api.c **** 	(void)memcpy(p_dev->temp_buffer,
 107:src/Flightlib/vl53l8cx_driver/Core/Src/vl53l8cx/vl53l8cx_api.c ****                p_dev->offset_data, VL53L8CX_OFFSET_BUFFER_SIZE);
 5697              		.loc 1 107 21
 5698 0050 488B8548 		movq	-440(%rbp), %rax
 5698      FEFFFF
 5699 0057 488D4828 		leaq	40(%rax), %rcx
 106:src/Flightlib/vl53l8cx_driver/Core/Src/vl53l8cx/vl53l8cx_api.c ****                p_dev->offset_data, VL53L8CX_OFFSET_BUFFER_SIZE);
 5700              		.loc 1 106 20
 5701 005b 488B8548 		movq	-440(%rbp), %rax
 5701      FEFFFF
 5702 0062 48051805 		addq	$1304, %rax
 5702      0000
 106:src/Flightlib/vl53l8cx_driver/Core/Src/vl53l8cx/vl53l8cx_api.c ****                p_dev->offset_data, VL53L8CX_OFFSET_BUFFER_SIZE);
 5703              		.loc 1 106 8
 5704 0068 BAE80100 		movl	$488, %edx
 5704      00
 5705 006d 4889CE   		movq	%rcx, %rsi
 5706 0070 4889C7   		movq	%rax, %rdi
 5707 0073 E8000000 		call	memcpy@PLT
 5707      00
 108:src/Flightlib/vl53l8cx_driver/Core/Src/vl53l8cx/vl53l8cx_api.c **** 
 109:src/Flightlib/vl53l8cx_driver/Core/Src/vl53l8cx/vl53l8cx_api.c **** 	/* Data extrapolation is required for 4X4 offset */
 110:src/Flightlib/vl53l8cx_driver/Core/Src/vl53l8cx/vl53l8cx_api.c **** 	if(resolution == (uint8_t)VL53L8CX_RESOLUTION_4X4){
 5708              		.loc 1 110 4
 5709 0078 80BD44FE 		cmpb	$16, -444(%rbp)
 5709      FFFF10
 5710 007f 0F85D002 		jne	.L17
 5710      0000
 111:src/Flightlib/vl53l8cx_driver/Core/Src/vl53l8cx/vl53l8cx_api.c **** 		(void)memcpy(&(p_dev->temp_buffer[0x10]), dss_4x4, sizeof(dss_4x4));
 5711              		.loc 1 111 16
 5712 0085 488B8548 		movq	-440(%rbp), %rax
 5712      FEFFFF
 5713 008c 488D9028 		leaq	1320(%rax), %rdx
 5713      050000
 5714              		.loc 1 111 9
 5715 0093 488B45E8 		movq	-24(%rbp), %rax
 5716 0097 488902   		movq	%rax, (%rdx)
 112:src/Flightlib/vl53l8cx_driver/Core/Src/vl53l8cx/vl53l8cx_api.c **** 		VL53L8CX_SwapBuffer(p_dev->temp_buffer, VL53L8CX_OFFSET_BUFFER_SIZE);
 5717              		.loc 1 112 28
 5718 009a 488B8548 		movq	-440(%rbp), %rax
 5718      FEFFFF
 5719 00a1 48051805 		addq	$1304, %rax
 5719      0000
 5720              		.loc 1 112 3
 5721 00a7 BEE80100 		movl	$488, %esi
 5721      00
 5722 00ac 4889C7   		movq	%rax, %rdi
 5723 00af E8000000 		call	VL53L8CX_SwapBuffer@PLT
 5723      00
 113:src/Flightlib/vl53l8cx_driver/Core/Src/vl53l8cx/vl53l8cx_api.c **** 		(void)memcpy(signal_grid,&(p_dev->temp_buffer[0x3C]),
 5724              		.loc 1 113 28
 5725 00b4 488B8548 		movq	-440(%rbp), %rax
 5725      FEFFFF
 5726 00bb 488D8854 		leaq	1364(%rax), %rcx
 5726      050000
 5727              		.loc 1 113 9
 5728 00c2 488D85E0 		leaq	-288(%rbp), %rax
 5728      FEFFFF
 5729 00c9 BA000100 		movl	$256, %edx
 5729      00
 5730 00ce 4889CE   		movq	%rcx, %rsi
 5731 00d1 4889C7   		movq	%rax, %rdi
 5732 00d4 E8000000 		call	memcpy@PLT
 5732      00
 114:src/Flightlib/vl53l8cx_driver/Core/Src/vl53l8cx/vl53l8cx_api.c **** 			sizeof(signal_grid));
 115:src/Flightlib/vl53l8cx_driver/Core/Src/vl53l8cx/vl53l8cx_api.c **** 		(void)memcpy(range_grid,&(p_dev->temp_buffer[0x140]),
 5733              		.loc 1 115 27
 5734 00d9 488B8548 		movq	-440(%rbp), %rax
 5734      FEFFFF
 5735 00e0 488D8858 		leaq	1624(%rax), %rcx
 5735      060000
 5736              		.loc 1 115 9
 5737 00e7 488D8560 		leaq	-416(%rbp), %rax
 5737      FEFFFF
 5738 00ee BA800000 		movl	$128, %edx
 5738      00
 5739 00f3 4889CE   		movq	%rcx, %rsi
 5740 00f6 4889C7   		movq	%rax, %rdi
 5741 00f9 E8000000 		call	memcpy@PLT
 5741      00
 116:src/Flightlib/vl53l8cx_driver/Core/Src/vl53l8cx/vl53l8cx_api.c **** 			sizeof(range_grid));
 117:src/Flightlib/vl53l8cx_driver/Core/Src/vl53l8cx/vl53l8cx_api.c **** 
 118:src/Flightlib/vl53l8cx_driver/Core/Src/vl53l8cx/vl53l8cx_api.c **** 		for (j = 0; j < (int8_t)4; j++)
 5742              		.loc 1 118 10
 5743 00fe C6855CFE 		movb	$0, -420(%rbp)
 5743      FFFF00
 5744              		.loc 1 118 3
 5745 0105 E9A00100 		jmp	.L18
 5745      00
 5746              	.L21:
 119:src/Flightlib/vl53l8cx_driver/Core/Src/vl53l8cx/vl53l8cx_api.c **** 		{
 120:src/Flightlib/vl53l8cx_driver/Core/Src/vl53l8cx/vl53l8cx_api.c **** 			for (i = 0; i < (int8_t)4 ; i++)
 5747              		.loc 1 120 11
 5748 010a C6855BFE 		movb	$0, -421(%rbp)
 5748      FFFF00
 5749              		.loc 1 120 4
 5750 0111 E9770100 		jmp	.L19
 5750      00
 5751              	.L20:
 121:src/Flightlib/vl53l8cx_driver/Core/Src/vl53l8cx/vl53l8cx_api.c **** 			{
 122:src/Flightlib/vl53l8cx_driver/Core/Src/vl53l8cx/vl53l8cx_api.c **** 				signal_grid[i+(4*j)] =
 123:src/Flightlib/vl53l8cx_driver/Core/Src/vl53l8cx/vl53l8cx_api.c **** 				(signal_grid[(2*i)+(16*j)+ (int8_t)0]
 5752              		.loc 1 123 23
 5753 0116 0FBE855B 		movsbl	-421(%rbp), %eax
 5753      FEFFFF
 5754 011d 0FBE955C 		movsbl	-420(%rbp), %edx
 5754      FEFFFF
 5755 0124 C1E203   		sall	$3, %edx
 5756 0127 01D0     		addl	%edx, %eax
 5757              		.loc 1 123 30
 5758 0129 01C0     		addl	%eax, %eax
 5759              		.loc 1 123 17
 5760 012b 4898     		cltq
 5761 012d 8B9485E0 		movl	-288(%rbp,%rax,4), %edx
 5761      FEFFFF
 124:src/Flightlib/vl53l8cx_driver/Core/Src/vl53l8cx/vl53l8cx_api.c **** 				+ signal_grid[(2*i)+(16*j)+(int8_t)1]
 5762              		.loc 1 124 24
 5763 0134 0FBE855B 		movsbl	-421(%rbp), %eax
 5763      FEFFFF
 5764 013b 0FBE8D5C 		movsbl	-420(%rbp), %ecx
 5764      FEFFFF
 5765 0142 C1E103   		sall	$3, %ecx
 5766 0145 01C8     		addl	%ecx, %eax
 5767 0147 01C0     		addl	%eax, %eax
 5768              		.loc 1 124 31
 5769 0149 83C001   		addl	$1, %eax
 5770              		.loc 1 124 18
 5771 014c 4898     		cltq
 5772 014e 8B8485E0 		movl	-288(%rbp,%rax,4), %eax
 5772      FEFFFF
 5773              		.loc 1 124 5
 5774 0155 8D0C02   		leal	(%rdx,%rax), %ecx
 125:src/Flightlib/vl53l8cx_driver/Core/Src/vl53l8cx/vl53l8cx_api.c **** 				+ signal_grid[(2*i)+(16*j)+(int8_t)8]
 5775              		.loc 1 125 24
 5776 0158 0FBE855B 		movsbl	-421(%rbp), %eax
 5776      FEFFFF
 5777 015f 0FBE955C 		movsbl	-420(%rbp), %edx
 5777      FEFFFF
 5778 0166 C1E203   		sall	$3, %edx
 5779 0169 01D0     		addl	%edx, %eax
 5780              		.loc 1 125 31
 5781 016b 83C004   		addl	$4, %eax
 5782 016e 01C0     		addl	%eax, %eax
 5783              		.loc 1 125 18
 5784 0170 4898     		cltq
 5785 0172 8B8485E0 		movl	-288(%rbp,%rax,4), %eax
 5785      FEFFFF
 5786              		.loc 1 125 5
 5787 0179 01C1     		addl	%eax, %ecx
 126:src/Flightlib/vl53l8cx_driver/Core/Src/vl53l8cx/vl53l8cx_api.c **** 				+ signal_grid[(2*i)+(16*j)+(int8_t)9])
 5788              		.loc 1 126 24
 5789 017b 0FBE855B 		movsbl	-421(%rbp), %eax
 5789      FEFFFF
 5790 0182 0FBE955C 		movsbl	-420(%rbp), %edx
 5790      FEFFFF
 5791 0189 C1E203   		sall	$3, %edx
 5792 018c 01D0     		addl	%edx, %eax
 5793 018e 01C0     		addl	%eax, %eax
 5794              		.loc 1 126 31
 5795 0190 83C009   		addl	$9, %eax
 5796              		.loc 1 126 18
 5797 0193 4898     		cltq
 5798 0195 8B8485E0 		movl	-288(%rbp,%rax,4), %eax
 5798      FEFFFF
 5799              		.loc 1 126 5
 5800 019c 01C1     		addl	%eax, %ecx
 122:src/Flightlib/vl53l8cx_driver/Core/Src/vl53l8cx/vl53l8cx_api.c **** 				(signal_grid[(2*i)+(16*j)+ (int8_t)0]
 5801              		.loc 1 122 18
 5802 019e 0FBE855B 		movsbl	-421(%rbp), %eax
 5802      FEFFFF
 122:src/Flightlib/vl53l8cx_driver/Core/Src/vl53l8cx/vl53l8cx_api.c **** 				(signal_grid[(2*i)+(16*j)+ (int8_t)0]
 5803              		.loc 1 122 21
 5804 01a5 0FBE955C 		movsbl	-420(%rbp), %edx
 5804      FEFFFF
 5805 01ac C1E202   		sall	$2, %edx
 122:src/Flightlib/vl53l8cx_driver/Core/Src/vl53l8cx/vl53l8cx_api.c **** 				(signal_grid[(2*i)+(16*j)+ (int8_t)0]
 5806              		.loc 1 122 18
 5807 01af 01D0     		addl	%edx, %eax
 127:src/Flightlib/vl53l8cx_driver/Core/Src/vl53l8cx/vl53l8cx_api.c ****                                   /(uint32_t)4;
 5808              		.loc 1 127 35
 5809 01b1 C1E902   		shrl	$2, %ecx
 5810 01b4 89CA     		movl	%ecx, %edx
 122:src/Flightlib/vl53l8cx_driver/Core/Src/vl53l8cx/vl53l8cx_api.c **** 				(signal_grid[(2*i)+(16*j)+ (int8_t)0]
 5811              		.loc 1 122 26
 5812 01b6 4898     		cltq
 5813 01b8 899485E0 		movl	%edx, -288(%rbp,%rax,4)
 5813      FEFFFF
 128:src/Flightlib/vl53l8cx_driver/Core/Src/vl53l8cx/vl53l8cx_api.c **** 				range_grid[i+(4*j)] =
 129:src/Flightlib/vl53l8cx_driver/Core/Src/vl53l8cx/vl53l8cx_api.c **** 				(range_grid[(2*i)+(16*j)]
 5814              		.loc 1 129 22
 5815 01bf 0FBE855B 		movsbl	-421(%rbp), %eax
 5815      FEFFFF
 5816 01c6 0FBE955C 		movsbl	-420(%rbp), %edx
 5816      FEFFFF
 5817 01cd C1E203   		sall	$3, %edx
 5818 01d0 01D0     		addl	%edx, %eax
 5819 01d2 01C0     		addl	%eax, %eax
 5820              		.loc 1 129 16
 5821 01d4 4898     		cltq
 5822 01d6 0FB78445 		movzwl	-416(%rbp,%rax,2), %eax
 5822      60FEFFFF 
 5823 01de 0FBFD0   		movswl	%ax, %edx
 130:src/Flightlib/vl53l8cx_driver/Core/Src/vl53l8cx/vl53l8cx_api.c **** 				+ range_grid[(2*i)+(16*j)+1]
 5824              		.loc 1 130 23
 5825 01e1 0FBE855B 		movsbl	-421(%rbp), %eax
 5825      FEFFFF
 5826 01e8 0FBE8D5C 		movsbl	-420(%rbp), %ecx
 5826      FEFFFF
 5827 01ef C1E103   		sall	$3, %ecx
 5828 01f2 01C8     		addl	%ecx, %eax
 5829 01f4 01C0     		addl	%eax, %eax
 5830              		.loc 1 130 30
 5831 01f6 83C001   		addl	$1, %eax
 5832              		.loc 1 130 17
 5833 01f9 4898     		cltq
 5834 01fb 0FB78445 		movzwl	-416(%rbp,%rax,2), %eax
 5834      60FEFFFF 
 5835 0203 98       		cwtl
 5836              		.loc 1 130 5
 5837 0204 8D0C02   		leal	(%rdx,%rax), %ecx
 131:src/Flightlib/vl53l8cx_driver/Core/Src/vl53l8cx/vl53l8cx_api.c **** 				+ range_grid[(2*i)+(16*j)+8]
 5838              		.loc 1 131 23
 5839 0207 0FBE855B 		movsbl	-421(%rbp), %eax
 5839      FEFFFF
 5840 020e 0FBE955C 		movsbl	-420(%rbp), %edx
 5840      FEFFFF
 5841 0215 C1E203   		sall	$3, %edx
 5842 0218 01D0     		addl	%edx, %eax
 5843              		.loc 1 131 30
 5844 021a 83C004   		addl	$4, %eax
 5845 021d 01C0     		addl	%eax, %eax
 5846              		.loc 1 131 17
 5847 021f 4898     		cltq
 5848 0221 0FB78445 		movzwl	-416(%rbp,%rax,2), %eax
 5848      60FEFFFF 
 5849 0229 98       		cwtl
 5850              		.loc 1 131 5
 5851 022a 01C1     		addl	%eax, %ecx
 132:src/Flightlib/vl53l8cx_driver/Core/Src/vl53l8cx/vl53l8cx_api.c **** 				+ range_grid[(2*i)+(16*j)+9])
 5852              		.loc 1 132 23
 5853 022c 0FBE855B 		movsbl	-421(%rbp), %eax
 5853      FEFFFF
 5854 0233 0FBE955C 		movsbl	-420(%rbp), %edx
 5854      FEFFFF
 5855 023a C1E203   		sall	$3, %edx
 5856 023d 01D0     		addl	%edx, %eax
 5857 023f 01C0     		addl	%eax, %eax
 5858              		.loc 1 132 30
 5859 0241 83C009   		addl	$9, %eax
 5860              		.loc 1 132 17
 5861 0244 4898     		cltq
 5862 0246 0FB78445 		movzwl	-416(%rbp,%rax,2), %eax
 5862      60FEFFFF 
 5863 024e 98       		cwtl
 5864              		.loc 1 132 5
 5865 024f 01C8     		addl	%ecx, %eax
 133:src/Flightlib/vl53l8cx_driver/Core/Src/vl53l8cx/vl53l8cx_api.c ****                                   /(int16_t)4;
 5866              		.loc 1 133 35
 5867 0251 8D5003   		leal	3(%rax), %edx
 5868 0254 85C0     		testl	%eax, %eax
 5869 0256 0F48C2   		cmovs	%edx, %eax
 5870 0259 C1F802   		sarl	$2, %eax
 5871 025c 89C1     		movl	%eax, %ecx
 128:src/Flightlib/vl53l8cx_driver/Core/Src/vl53l8cx/vl53l8cx_api.c **** 				(range_grid[(2*i)+(16*j)]
 5872              		.loc 1 128 17
 5873 025e 0FBE855B 		movsbl	-421(%rbp), %eax
 5873      FEFFFF
 128:src/Flightlib/vl53l8cx_driver/Core/Src/vl53l8cx/vl53l8cx_api.c **** 				(range_grid[(2*i)+(16*j)]
 5874              		.loc 1 128 20
 5875 0265 0FBE955C 		movsbl	-420(%rbp), %edx
 5875      FEFFFF
 5876 026c C1E202   		sall	$2, %edx
 128:src/Flightlib/vl53l8cx_driver/Core/Src/vl53l8cx/vl53l8cx_api.c **** 				(range_grid[(2*i)+(16*j)]
 5877              		.loc 1 128 17
 5878 026f 01D0     		addl	%edx, %eax
 128:src/Flightlib/vl53l8cx_driver/Core/Src/vl53l8cx/vl53l8cx_api.c **** 				(range_grid[(2*i)+(16*j)]
 5879              		.loc 1 128 25
 5880 0271 89CA     		movl	%ecx, %edx
 5881 0273 4898     		cltq
 5882 0275 66899445 		movw	%dx, -416(%rbp,%rax,2)
 5882      60FEFFFF 
 120:src/Flightlib/vl53l8cx_driver/Core/Src/vl53l8cx/vl53l8cx_api.c **** 			{
 5883              		.loc 1 120 33 discriminator 3
 5884 027d 0FB6855B 		movzbl	-421(%rbp), %eax
 5884      FEFFFF
 5885 0284 83C001   		addl	$1, %eax
 5886 0287 88855BFE 		movb	%al, -421(%rbp)
 5886      FFFF
 5887              	.L19:
 120:src/Flightlib/vl53l8cx_driver/Core/Src/vl53l8cx/vl53l8cx_api.c **** 			{
 5888              		.loc 1 120 18 discriminator 1
 5889 028d 80BD5BFE 		cmpb	$3, -421(%rbp)
 5889      FFFF03
 5890 0294 0F8E7CFE 		jle	.L20
 5890      FFFF
 118:src/Flightlib/vl53l8cx_driver/Core/Src/vl53l8cx/vl53l8cx_api.c **** 		{
 5891              		.loc 1 118 31 discriminator 2
 5892 029a 0FB6855C 		movzbl	-420(%rbp), %eax
 5892      FEFFFF
 5893 02a1 83C001   		addl	$1, %eax
 5894 02a4 88855CFE 		movb	%al, -420(%rbp)
 5894      FFFF
 5895              	.L18:
 118:src/Flightlib/vl53l8cx_driver/Core/Src/vl53l8cx/vl53l8cx_api.c **** 		{
 5896              		.loc 1 118 17 discriminator 1
 5897 02aa 80BD5CFE 		cmpb	$3, -420(%rbp)
 5897      FFFF03
 5898 02b1 0F8E53FE 		jle	.L21
 5898      FFFF
 134:src/Flightlib/vl53l8cx_driver/Core/Src/vl53l8cx/vl53l8cx_api.c **** 			}
 135:src/Flightlib/vl53l8cx_driver/Core/Src/vl53l8cx/vl53l8cx_api.c **** 		}
 136:src/Flightlib/vl53l8cx_driver/Core/Src/vl53l8cx/vl53l8cx_api.c **** 	    (void)memset(&range_grid[0x10], 0, (uint16_t)96);
 5899              		.loc 1 136 12
 5900 02b7 488D8560 		leaq	-416(%rbp), %rax
 5900      FEFFFF
 5901 02be 4883C020 		addq	$32, %rax
 5902 02c2 BA600000 		movl	$96, %edx
 5902      00
 5903 02c7 BE000000 		movl	$0, %esi
 5903      00
 5904 02cc 4889C7   		movq	%rax, %rdi
 5905 02cf E8000000 		call	memset@PLT
 5905      00
 137:src/Flightlib/vl53l8cx_driver/Core/Src/vl53l8cx/vl53l8cx_api.c **** 	    (void)memset(&signal_grid[0x10], 0, (uint16_t)192);
 5906              		.loc 1 137 12
 5907 02d4 488D85E0 		leaq	-288(%rbp), %rax
 5907      FEFFFF
 5908 02db 4883C040 		addq	$64, %rax
 5909 02df BAC00000 		movl	$192, %edx
 5909      00
 5910 02e4 BE000000 		movl	$0, %esi
 5910      00
 5911 02e9 4889C7   		movq	%rax, %rdi
 5912 02ec E8000000 		call	memset@PLT
 5912      00
 138:src/Flightlib/vl53l8cx_driver/Core/Src/vl53l8cx/vl53l8cx_api.c ****             (void)memcpy(&(p_dev->temp_buffer[0x3C]),
 5913              		.loc 1 138 26
 5914 02f1 488B8548 		movq	-440(%rbp), %rax
 5914      FEFFFF
 5915 02f8 488D8854 		leaq	1364(%rax), %rcx
 5915      050000
 5916              		.loc 1 138 19
 5917 02ff 488D85E0 		leaq	-288(%rbp), %rax
 5917      FEFFFF
 5918 0306 BA000100 		movl	$256, %edx
 5918      00
 5919 030b 4889C6   		movq	%rax, %rsi
 5920 030e 4889CF   		movq	%rcx, %rdi
 5921 0311 E8000000 		call	memcpy@PLT
 5921      00
 139:src/Flightlib/vl53l8cx_driver/Core/Src/vl53l8cx/vl53l8cx_api.c **** 		signal_grid, sizeof(signal_grid));
 140:src/Flightlib/vl53l8cx_driver/Core/Src/vl53l8cx/vl53l8cx_api.c ****             (void)memcpy(&(p_dev->temp_buffer[0x140]),
 5922              		.loc 1 140 26
 5923 0316 488B8548 		movq	-440(%rbp), %rax
 5923      FEFFFF
 5924 031d 488D8858 		leaq	1624(%rax), %rcx
 5924      060000
 5925              		.loc 1 140 19
 5926 0324 488D8560 		leaq	-416(%rbp), %rax
 5926      FEFFFF
 5927 032b BA800000 		movl	$128, %edx
 5927      00
 5928 0330 4889C6   		movq	%rax, %rsi
 5929 0333 4889CF   		movq	%rcx, %rdi
 5930 0336 E8000000 		call	memcpy@PLT
 5930      00
 141:src/Flightlib/vl53l8cx_driver/Core/Src/vl53l8cx/vl53l8cx_api.c **** 		range_grid, sizeof(range_grid));
 142:src/Flightlib/vl53l8cx_driver/Core/Src/vl53l8cx/vl53l8cx_api.c ****             VL53L8CX_SwapBuffer(p_dev->temp_buffer, VL53L8CX_OFFSET_BUFFER_SIZE);
 5931              		.loc 1 142 38
 5932 033b 488B8548 		movq	-440(%rbp), %rax
 5932      FEFFFF
 5933 0342 48051805 		addq	$1304, %rax
 5933      0000
 5934              		.loc 1 142 13
 5935 0348 BEE80100 		movl	$488, %esi
 5935      00
 5936 034d 4889C7   		movq	%rax, %rdi
 5937 0350 E8000000 		call	VL53L8CX_SwapBuffer@PLT
 5937      00
 5938              	.L17:
 143:src/Flightlib/vl53l8cx_driver/Core/Src/vl53l8cx/vl53l8cx_api.c **** 	}
 144:src/Flightlib/vl53l8cx_driver/Core/Src/vl53l8cx/vl53l8cx_api.c **** 
 145:src/Flightlib/vl53l8cx_driver/Core/Src/vl53l8cx/vl53l8cx_api.c **** 	for(k = 0; k < (VL53L8CX_OFFSET_BUFFER_SIZE - (uint16_t)4); k++)
 5939              		.loc 1 145 8
 5940 0355 66C7855E 		movw	$0, -418(%rbp)
 5940      FEFFFF00 
 5940      00
 5941              		.loc 1 145 2
 5942 035e EB44     		jmp	.L22
 5943              	.L23:
 146:src/Flightlib/vl53l8cx_driver/Core/Src/vl53l8cx/vl53l8cx_api.c **** 	{
 147:src/Flightlib/vl53l8cx_driver/Core/Src/vl53l8cx/vl53l8cx_api.c **** 		p_dev->temp_buffer[k] = p_dev->temp_buffer[k + (uint16_t)8];
 5944              		.loc 1 147 48
 5945 0360 0FB7855E 		movzwl	-418(%rbp), %eax
 5945      FEFFFF
 5946 0367 83C008   		addl	$8, %eax
 5947              		.loc 1 147 21
 5948 036a 0FB7B55E 		movzwl	-418(%rbp), %esi
 5948      FEFFFF
 5949              		.loc 1 147 45
 5950 0371 488B9548 		movq	-440(%rbp), %rdx
 5950      FEFFFF
 5951 0378 4898     		cltq
 5952 037a 0FB68C02 		movzbl	1304(%rdx,%rax), %ecx
 5952      18050000 
 5953              		.loc 1 147 25
 5954 0382 488B9548 		movq	-440(%rbp), %rdx
 5954      FEFFFF
 5955 0389 4863C6   		movslq	%esi, %rax
 5956 038c 888C0218 		movb	%cl, 1304(%rdx,%rax)
 5956      050000
 145:src/Flightlib/vl53l8cx_driver/Core/Src/vl53l8cx/vl53l8cx_api.c **** 	{
 5957              		.loc 1 145 63 discriminator 3
 5958 0393 0FB7855E 		movzwl	-418(%rbp), %eax
 5958      FEFFFF
 5959 039a 83C001   		addl	$1, %eax
 5960 039d 6689855E 		movw	%ax, -418(%rbp)
 5960      FEFFFF
 5961              	.L22:
 145:src/Flightlib/vl53l8cx_driver/Core/Src/vl53l8cx/vl53l8cx_api.c **** 	{
 5962              		.loc 1 145 15 discriminator 1
 5963 03a4 6681BD5E 		cmpw	$483, -418(%rbp)
 5963      FEFFFFE3 
 5963      01
 5964 03ad 76B1     		jbe	.L23
 148:src/Flightlib/vl53l8cx_driver/Core/Src/vl53l8cx/vl53l8cx_api.c **** 	}
 149:src/Flightlib/vl53l8cx_driver/Core/Src/vl53l8cx/vl53l8cx_api.c **** 
 150:src/Flightlib/vl53l8cx_driver/Core/Src/vl53l8cx/vl53l8cx_api.c **** 	(void)memcpy(&(p_dev->temp_buffer[0x1E0]), footer, 8);
 5965              		.loc 1 150 15
 5966 03af 488B8548 		movq	-440(%rbp), %rax
 5966      FEFFFF
 5967 03b6 488D90F8 		leaq	1784(%rax), %rdx
 5967      060000
 5968              		.loc 1 150 8
 5969 03bd 488B45F0 		movq	-16(%rbp), %rax
 5970 03c1 488902   		movq	%rax, (%rdx)
 151:src/Flightlib/vl53l8cx_driver/Core/Src/vl53l8cx/vl53l8cx_api.c **** 	status |= VL53L8CX_WrMulti(&(p_dev->platform), 0x2e18, p_dev->temp_buffer,
 5971              		.loc 1 151 62
 5972 03c4 488B8548 		movq	-440(%rbp), %rax
 5972      FEFFFF
 5973 03cb 488D9018 		leaq	1304(%rax), %rdx
 5973      050000
 5974              		.loc 1 151 12
 5975 03d2 488B8548 		movq	-440(%rbp), %rax
 5975      FEFFFF
 5976 03d9 B9E80100 		movl	$488, %ecx
 5976      00
 5977 03de BE182E00 		movl	$11800, %esi
 5977      00
 5978 03e3 4889C7   		movq	%rax, %rdi
 5979 03e6 E8000000 		call	VL53L8CX_WrMulti@PLT
 5979      00
 5980              		.loc 1 151 9 discriminator 1
 5981 03eb 89C2     		movl	%eax, %edx
 5982 03ed 0FB6855D 		movzbl	-419(%rbp), %eax
 5982      FEFFFF
 5983 03f4 09D0     		orl	%edx, %eax
 5984 03f6 88855DFE 		movb	%al, -419(%rbp)
 5984      FFFF
 152:src/Flightlib/vl53l8cx_driver/Core/Src/vl53l8cx/vl53l8cx_api.c **** 		VL53L8CX_OFFSET_BUFFER_SIZE);
 153:src/Flightlib/vl53l8cx_driver/Core/Src/vl53l8cx/vl53l8cx_api.c **** 	status |=_vl53l8cx_poll_for_answer(p_dev, 4, 1,
 5985              		.loc 1 153 11
 5986 03fc 488B8548 		movq	-440(%rbp), %rax
 5986      FEFFFF
 5987 0403 41B90300 		movl	$3, %r9d
 5987      0000
 5988 0409 41B8FF00 		movl	$255, %r8d
 5988      0000
 5989 040f B9002C00 		movl	$11264, %ecx
 5989      00
 5990 0414 BA010000 		movl	$1, %edx
 5990      00
 5991 0419 BE040000 		movl	$4, %esi
 5991      00
 5992 041e 4889C7   		movq	%rax, %rdi
 5993 0421 E8000000 		call	_vl53l8cx_poll_for_answer
 5993      00
 5994              		.loc 1 153 9 discriminator 1
 5995 0426 08855DFE 		orb	%al, -419(%rbp)
 5995      FFFF
 154:src/Flightlib/vl53l8cx_driver/Core/Src/vl53l8cx/vl53l8cx_api.c **** 		VL53L8CX_UI_CMD_STATUS, 0xff, 0x03);
 155:src/Flightlib/vl53l8cx_driver/Core/Src/vl53l8cx/vl53l8cx_api.c **** 
 156:src/Flightlib/vl53l8cx_driver/Core/Src/vl53l8cx/vl53l8cx_api.c **** 	return status;
 5996              		.loc 1 156 9
 5997 042c 0FB6855D 		movzbl	-419(%rbp), %eax
 5997      FEFFFF
 157:src/Flightlib/vl53l8cx_driver/Core/Src/vl53l8cx/vl53l8cx_api.c **** }
 5998              		.loc 1 157 1
 5999 0433 488B55F8 		movq	-8(%rbp), %rdx
 6000 0437 64482B14 		subq	%fs:40, %rdx
 6000      25280000 
 6000      00
 6001 0440 7405     		je	.L25
 6002 0442 E8000000 		call	__stack_chk_fail@PLT
 6002      00
 6003              	.L25:
 6004 0447 C9       		leave
 6005              	.LCFI8:
 6006              		.cfi_def_cfa 7, 8
 6007 0448 C3       		ret
 6008              		.cfi_endproc
 6009              	.LFE8:
 6011              		.section	.text._vl53l8cx_send_xtalk_data,"ax",@progbits
 6013              	_vl53l8cx_send_xtalk_data:
 6014              	.LFB9:
 158:src/Flightlib/vl53l8cx_driver/Core/Src/vl53l8cx/vl53l8cx_api.c **** 
 159:src/Flightlib/vl53l8cx_driver/Core/Src/vl53l8cx/vl53l8cx_api.c **** /**
 160:src/Flightlib/vl53l8cx_driver/Core/Src/vl53l8cx/vl53l8cx_api.c ****  * @brief Inner function, not available outside this file. This function is used
 161:src/Flightlib/vl53l8cx_driver/Core/Src/vl53l8cx/vl53l8cx_api.c ****  * to set the Xtalk data from generic configuration, or user's calibration.
 162:src/Flightlib/vl53l8cx_driver/Core/Src/vl53l8cx/vl53l8cx_api.c ****  */
 163:src/Flightlib/vl53l8cx_driver/Core/Src/vl53l8cx/vl53l8cx_api.c **** 
 164:src/Flightlib/vl53l8cx_driver/Core/Src/vl53l8cx/vl53l8cx_api.c **** static uint8_t _vl53l8cx_send_xtalk_data(
 165:src/Flightlib/vl53l8cx_driver/Core/Src/vl53l8cx/vl53l8cx_api.c **** 		VL53L8CX_Configuration		*p_dev,
 166:src/Flightlib/vl53l8cx_driver/Core/Src/vl53l8cx/vl53l8cx_api.c **** 		uint8_t				resolution)
 167:src/Flightlib/vl53l8cx_driver/Core/Src/vl53l8cx/vl53l8cx_api.c **** {
 6015              		.loc 1 167 1
 6016              		.cfi_startproc
 6017 0000 F30F1EFA 		endbr64
 6018 0004 55       		pushq	%rbp
 6019              	.LCFI9:
 6020              		.cfi_def_cfa_offset 16
 6021              		.cfi_offset 6, -16
 6022 0005 4889E5   		movq	%rsp, %rbp
 6023              	.LCFI10:
 6024              		.cfi_def_cfa_register 6
 6025 0008 4881EC40 		subq	$320, %rsp
 6025      010000
 6026 000f 4889BDC8 		movq	%rdi, -312(%rbp)
 6026      FEFFFF
 6027 0016 89F0     		movl	%esi, %eax
 6028 0018 8885C4FE 		movb	%al, -316(%rbp)
 6028      FFFF
 6029              		.loc 1 167 1
 6030 001e 64488B04 		movq	%fs:40, %rax
 6030      25280000 
 6030      00
 6031 0027 488945F8 		movq	%rax, -8(%rbp)
 6032 002b 31C0     		xorl	%eax, %eax
 168:src/Flightlib/vl53l8cx_driver/Core/Src/vl53l8cx/vl53l8cx_api.c **** 	uint8_t status = VL53L8CX_STATUS_OK;
 6033              		.loc 1 168 10
 6034 002d C685DFFE 		movb	$0, -289(%rbp)
 6034      FFFF00
 169:src/Flightlib/vl53l8cx_driver/Core/Src/vl53l8cx/vl53l8cx_api.c **** 	uint8_t res4x4[] = {0x0F, 0x04, 0x04, 0x17, 0x08, 0x10, 0x10, 0x07};
 6035              		.loc 1 169 10
 6036 0034 48B80F04 		movabsq	$508924384824787983, %rax
 6036      04170810 
 6036      1007
 6037 003e 488945E8 		movq	%rax, -24(%rbp)
 170:src/Flightlib/vl53l8cx_driver/Core/Src/vl53l8cx/vl53l8cx_api.c **** 	uint8_t dss_4x4[] = {0x00, 0x78, 0x00, 0x08, 0x00, 0x00, 0x00, 0x08};
 6038              		.loc 1 170 10
 6039 0042 48B80078 		movabsq	$576460752437671936, %rax
 6039      00080000 
 6039      0008
 6040 004c 488945F0 		movq	%rax, -16(%rbp)
 171:src/Flightlib/vl53l8cx_driver/Core/Src/vl53l8cx/vl53l8cx_api.c **** 	uint8_t profile_4x4[] = {0xA0, 0xFC, 0x01, 0x00};
 6041              		.loc 1 171 10
 6042 0050 C745E4A0 		movl	$130208, -28(%rbp)
 6042      FC0100
 172:src/Flightlib/vl53l8cx_driver/Core/Src/vl53l8cx/vl53l8cx_api.c **** 	uint32_t signal_grid[64];
 173:src/Flightlib/vl53l8cx_driver/Core/Src/vl53l8cx/vl53l8cx_api.c **** 	int8_t i, j;
 174:src/Flightlib/vl53l8cx_driver/Core/Src/vl53l8cx/vl53l8cx_api.c **** 
 175:src/Flightlib/vl53l8cx_driver/Core/Src/vl53l8cx/vl53l8cx_api.c **** 	(void)memcpy(p_dev->temp_buffer, &(p_dev->xtalk_data[0]),
 6043              		.loc 1 175 35
 6044 0057 488B85C8 		movq	-312(%rbp), %rax
 6044      FEFFFF
 6045 005e 488D8810 		leaq	528(%rax), %rcx
 6045      020000
 6046              		.loc 1 175 20
 6047 0065 488B85C8 		movq	-312(%rbp), %rax
 6047      FEFFFF
 6048 006c 48051805 		addq	$1304, %rax
 6048      0000
 6049              		.loc 1 175 8
 6050 0072 BA080300 		movl	$776, %edx
 6050      00
 6051 0077 4889CE   		movq	%rcx, %rsi
 6052 007a 4889C7   		movq	%rax, %rdi
 6053 007d E8000000 		call	memcpy@PLT
 6053      00
 176:src/Flightlib/vl53l8cx_driver/Core/Src/vl53l8cx/vl53l8cx_api.c **** 		VL53L8CX_XTALK_BUFFER_SIZE);
 177:src/Flightlib/vl53l8cx_driver/Core/Src/vl53l8cx/vl53l8cx_api.c **** 
 178:src/Flightlib/vl53l8cx_driver/Core/Src/vl53l8cx/vl53l8cx_api.c **** 	/* Data extrapolation is required for 4X4 Xtalk */
 179:src/Flightlib/vl53l8cx_driver/Core/Src/vl53l8cx/vl53l8cx_api.c **** 	if(resolution == (uint8_t)VL53L8CX_RESOLUTION_4X4)
 6054              		.loc 1 179 4
 6055 0082 80BDC4FE 		cmpb	$16, -316(%rbp)
 6055      FFFF10
 6056 0089 0F85F201 		jne	.L27
 6056      0000
 180:src/Flightlib/vl53l8cx_driver/Core/Src/vl53l8cx/vl53l8cx_api.c **** 	{
 181:src/Flightlib/vl53l8cx_driver/Core/Src/vl53l8cx/vl53l8cx_api.c **** 		(void)memcpy(&(p_dev->temp_buffer[0x8]),
 6057              		.loc 1 181 16
 6058 008f 488B85C8 		movq	-312(%rbp), %rax
 6058      FEFFFF
 6059 0096 488D9020 		leaq	1312(%rax), %rdx
 6059      050000
 6060              		.loc 1 181 9
 6061 009d 488B45E8 		movq	-24(%rbp), %rax
 6062 00a1 488902   		movq	%rax, (%rdx)
 182:src/Flightlib/vl53l8cx_driver/Core/Src/vl53l8cx/vl53l8cx_api.c **** 			res4x4, sizeof(res4x4));
 183:src/Flightlib/vl53l8cx_driver/Core/Src/vl53l8cx/vl53l8cx_api.c **** 		(void)memcpy(&(p_dev->temp_buffer[0x020]),
 6063              		.loc 1 183 16
 6064 00a4 488B85C8 		movq	-312(%rbp), %rax
 6064      FEFFFF
 6065 00ab 488D9038 		leaq	1336(%rax), %rdx
 6065      050000
 6066              		.loc 1 183 9
 6067 00b2 488B45F0 		movq	-16(%rbp), %rax
 6068 00b6 488902   		movq	%rax, (%rdx)
 184:src/Flightlib/vl53l8cx_driver/Core/Src/vl53l8cx/vl53l8cx_api.c **** 			dss_4x4, sizeof(dss_4x4));
 185:src/Flightlib/vl53l8cx_driver/Core/Src/vl53l8cx/vl53l8cx_api.c **** 
 186:src/Flightlib/vl53l8cx_driver/Core/Src/vl53l8cx/vl53l8cx_api.c **** 		VL53L8CX_SwapBuffer(p_dev->temp_buffer, VL53L8CX_XTALK_BUFFER_SIZE);
 6069              		.loc 1 186 28
 6070 00b9 488B85C8 		movq	-312(%rbp), %rax
 6070      FEFFFF
 6071 00c0 48051805 		addq	$1304, %rax
 6071      0000
 6072              		.loc 1 186 3
 6073 00c6 BE080300 		movl	$776, %esi
 6073      00
 6074 00cb 4889C7   		movq	%rax, %rdi
 6075 00ce E8000000 		call	VL53L8CX_SwapBuffer@PLT
 6075      00
 187:src/Flightlib/vl53l8cx_driver/Core/Src/vl53l8cx/vl53l8cx_api.c **** 		(void)memcpy(signal_grid, &(p_dev->temp_buffer[0x34]),
 6076              		.loc 1 187 29
 6077 00d3 488B85C8 		movq	-312(%rbp), %rax
 6077      FEFFFF
 6078 00da 488D884C 		leaq	1356(%rax), %rcx
 6078      050000
 6079              		.loc 1 187 9
 6080 00e1 488D85E0 		leaq	-288(%rbp), %rax
 6080      FEFFFF
 6081 00e8 BA000100 		movl	$256, %edx
 6081      00
 6082 00ed 4889CE   		movq	%rcx, %rsi
 6083 00f0 4889C7   		movq	%rax, %rdi
 6084 00f3 E8000000 		call	memcpy@PLT
 6084      00
 188:src/Flightlib/vl53l8cx_driver/Core/Src/vl53l8cx/vl53l8cx_api.c **** 			sizeof(signal_grid));
 189:src/Flightlib/vl53l8cx_driver/Core/Src/vl53l8cx/vl53l8cx_api.c **** 
 190:src/Flightlib/vl53l8cx_driver/Core/Src/vl53l8cx/vl53l8cx_api.c **** 		for (j = 0; j < (int8_t)4; j++)
 6085              		.loc 1 190 10
 6086 00f8 C685DEFE 		movb	$0, -290(%rbp)
 6086      FFFF00
 6087              		.loc 1 190 3
 6088 00ff E9E20000 		jmp	.L28
 6088      00
 6089              	.L31:
 191:src/Flightlib/vl53l8cx_driver/Core/Src/vl53l8cx/vl53l8cx_api.c **** 		{
 192:src/Flightlib/vl53l8cx_driver/Core/Src/vl53l8cx/vl53l8cx_api.c **** 			for (i = 0; i < (int8_t)4 ; i++)
 6090              		.loc 1 192 11
 6091 0104 C685DDFE 		movb	$0, -291(%rbp)
 6091      FFFF00
 6092              		.loc 1 192 4
 6093 010b E9B90000 		jmp	.L29
 6093      00
 6094              	.L30:
 193:src/Flightlib/vl53l8cx_driver/Core/Src/vl53l8cx/vl53l8cx_api.c **** 			{
 194:src/Flightlib/vl53l8cx_driver/Core/Src/vl53l8cx/vl53l8cx_api.c **** 				signal_grid[i+(4*j)] =
 195:src/Flightlib/vl53l8cx_driver/Core/Src/vl53l8cx/vl53l8cx_api.c **** 				(signal_grid[(2*i)+(16*j)+0]
 6095              		.loc 1 195 23
 6096 0110 0FBE85DD 		movsbl	-291(%rbp), %eax
 6096      FEFFFF
 6097 0117 0FBE95DE 		movsbl	-290(%rbp), %edx
 6097      FEFFFF
 6098 011e C1E203   		sall	$3, %edx
 6099 0121 01D0     		addl	%edx, %eax
 6100              		.loc 1 195 30
 6101 0123 01C0     		addl	%eax, %eax
 6102              		.loc 1 195 17
 6103 0125 4898     		cltq
 6104 0127 8B9485E0 		movl	-288(%rbp,%rax,4), %edx
 6104      FEFFFF
 196:src/Flightlib/vl53l8cx_driver/Core/Src/vl53l8cx/vl53l8cx_api.c **** 				+ signal_grid[(2*i)+(16*j)+1]
 6105              		.loc 1 196 24
 6106 012e 0FBE85DD 		movsbl	-291(%rbp), %eax
 6106      FEFFFF
 6107 0135 0FBE8DDE 		movsbl	-290(%rbp), %ecx
 6107      FEFFFF
 6108 013c C1E103   		sall	$3, %ecx
 6109 013f 01C8     		addl	%ecx, %eax
 6110 0141 01C0     		addl	%eax, %eax
 6111              		.loc 1 196 31
 6112 0143 83C001   		addl	$1, %eax
 6113              		.loc 1 196 18
 6114 0146 4898     		cltq
 6115 0148 8B8485E0 		movl	-288(%rbp,%rax,4), %eax
 6115      FEFFFF
 6116              		.loc 1 196 5
 6117 014f 8D0C02   		leal	(%rdx,%rax), %ecx
 197:src/Flightlib/vl53l8cx_driver/Core/Src/vl53l8cx/vl53l8cx_api.c **** 				+ signal_grid[(2*i)+(16*j)+8]
 6118              		.loc 1 197 24
 6119 0152 0FBE85DD 		movsbl	-291(%rbp), %eax
 6119      FEFFFF
 6120 0159 0FBE95DE 		movsbl	-290(%rbp), %edx
 6120      FEFFFF
 6121 0160 C1E203   		sall	$3, %edx
 6122 0163 01D0     		addl	%edx, %eax
 6123              		.loc 1 197 31
 6124 0165 83C004   		addl	$4, %eax
 6125 0168 01C0     		addl	%eax, %eax
 6126              		.loc 1 197 18
 6127 016a 4898     		cltq
 6128 016c 8B8485E0 		movl	-288(%rbp,%rax,4), %eax
 6128      FEFFFF
 6129              		.loc 1 197 5
 6130 0173 01C1     		addl	%eax, %ecx
 198:src/Flightlib/vl53l8cx_driver/Core/Src/vl53l8cx/vl53l8cx_api.c **** 				+ signal_grid[(2*i)+(16*j)+9])/(uint32_t)4;
 6131              		.loc 1 198 24
 6132 0175 0FBE85DD 		movsbl	-291(%rbp), %eax
 6132      FEFFFF
 6133 017c 0FBE95DE 		movsbl	-290(%rbp), %edx
 6133      FEFFFF
 6134 0183 C1E203   		sall	$3, %edx
 6135 0186 01D0     		addl	%edx, %eax
 6136 0188 01C0     		addl	%eax, %eax
 6137              		.loc 1 198 31
 6138 018a 83C009   		addl	$9, %eax
 6139              		.loc 1 198 18
 6140 018d 4898     		cltq
 6141 018f 8B8485E0 		movl	-288(%rbp,%rax,4), %eax
 6141      FEFFFF
 6142              		.loc 1 198 5
 6143 0196 01C1     		addl	%eax, %ecx
 194:src/Flightlib/vl53l8cx_driver/Core/Src/vl53l8cx/vl53l8cx_api.c **** 				(signal_grid[(2*i)+(16*j)+0]
 6144              		.loc 1 194 18
 6145 0198 0FBE85DD 		movsbl	-291(%rbp), %eax
 6145      FEFFFF
 194:src/Flightlib/vl53l8cx_driver/Core/Src/vl53l8cx/vl53l8cx_api.c **** 				(signal_grid[(2*i)+(16*j)+0]
 6146              		.loc 1 194 21
 6147 019f 0FBE95DE 		movsbl	-290(%rbp), %edx
 6147      FEFFFF
 6148 01a6 C1E202   		sall	$2, %edx
 194:src/Flightlib/vl53l8cx_driver/Core/Src/vl53l8cx/vl53l8cx_api.c **** 				(signal_grid[(2*i)+(16*j)+0]
 6149              		.loc 1 194 18
 6150 01a9 01D0     		addl	%edx, %eax
 6151              		.loc 1 198 35
 6152 01ab C1E902   		shrl	$2, %ecx
 6153 01ae 89CA     		movl	%ecx, %edx
 194:src/Flightlib/vl53l8cx_driver/Core/Src/vl53l8cx/vl53l8cx_api.c **** 				(signal_grid[(2*i)+(16*j)+0]
 6154              		.loc 1 194 26
 6155 01b0 4898     		cltq
 6156 01b2 899485E0 		movl	%edx, -288(%rbp,%rax,4)
 6156      FEFFFF
 192:src/Flightlib/vl53l8cx_driver/Core/Src/vl53l8cx/vl53l8cx_api.c **** 			{
 6157              		.loc 1 192 33 discriminator 3
 6158 01b9 0FB685DD 		movzbl	-291(%rbp), %eax
 6158      FEFFFF
 6159 01c0 83C001   		addl	$1, %eax
 6160 01c3 8885DDFE 		movb	%al, -291(%rbp)
 6160      FFFF
 6161              	.L29:
 192:src/Flightlib/vl53l8cx_driver/Core/Src/vl53l8cx/vl53l8cx_api.c **** 			{
 6162              		.loc 1 192 18 discriminator 1
 6163 01c9 80BDDDFE 		cmpb	$3, -291(%rbp)
 6163      FFFF03
 6164 01d0 0F8E3AFF 		jle	.L30
 6164      FFFF
 190:src/Flightlib/vl53l8cx_driver/Core/Src/vl53l8cx/vl53l8cx_api.c **** 		{
 6165              		.loc 1 190 31 discriminator 2
 6166 01d6 0FB685DE 		movzbl	-290(%rbp), %eax
 6166      FEFFFF
 6167 01dd 83C001   		addl	$1, %eax
 6168 01e0 8885DEFE 		movb	%al, -290(%rbp)
 6168      FFFF
 6169              	.L28:
 190:src/Flightlib/vl53l8cx_driver/Core/Src/vl53l8cx/vl53l8cx_api.c **** 		{
 6170              		.loc 1 190 17 discriminator 1
 6171 01e6 80BDDEFE 		cmpb	$3, -290(%rbp)
 6171      FFFF03
 6172 01ed 0F8E11FF 		jle	.L31
 6172      FFFF
 199:src/Flightlib/vl53l8cx_driver/Core/Src/vl53l8cx/vl53l8cx_api.c **** 			}
 200:src/Flightlib/vl53l8cx_driver/Core/Src/vl53l8cx/vl53l8cx_api.c **** 		}
 201:src/Flightlib/vl53l8cx_driver/Core/Src/vl53l8cx/vl53l8cx_api.c **** 	    (void)memset(&signal_grid[0x10], 0, (uint32_t)192);
 6173              		.loc 1 201 12
 6174 01f3 488D85E0 		leaq	-288(%rbp), %rax
 6174      FEFFFF
 6175 01fa 4883C040 		addq	$64, %rax
 6176 01fe BAC00000 		movl	$192, %edx
 6176      00
 6177 0203 BE000000 		movl	$0, %esi
 6177      00
 6178 0208 4889C7   		movq	%rax, %rdi
 6179 020b E8000000 		call	memset@PLT
 6179      00
 202:src/Flightlib/vl53l8cx_driver/Core/Src/vl53l8cx/vl53l8cx_api.c **** 	    (void)memcpy(&(p_dev->temp_buffer[0x34]),
 6180              		.loc 1 202 19
 6181 0210 488B85C8 		movq	-312(%rbp), %rax
 6181      FEFFFF
 6182 0217 488D884C 		leaq	1356(%rax), %rcx
 6182      050000
 6183              		.loc 1 202 12
 6184 021e 488D85E0 		leaq	-288(%rbp), %rax
 6184      FEFFFF
 6185 0225 BA000100 		movl	$256, %edx
 6185      00
 6186 022a 4889C6   		movq	%rax, %rsi
 6187 022d 4889CF   		movq	%rcx, %rdi
 6188 0230 E8000000 		call	memcpy@PLT
 6188      00
 203:src/Flightlib/vl53l8cx_driver/Core/Src/vl53l8cx/vl53l8cx_api.c ****                   signal_grid, sizeof(signal_grid));
 204:src/Flightlib/vl53l8cx_driver/Core/Src/vl53l8cx/vl53l8cx_api.c **** 	    VL53L8CX_SwapBuffer(p_dev->temp_buffer, VL53L8CX_XTALK_BUFFER_SIZE);
 6189              		.loc 1 204 31
 6190 0235 488B85C8 		movq	-312(%rbp), %rax
 6190      FEFFFF
 6191 023c 48051805 		addq	$1304, %rax
 6191      0000
 6192              		.loc 1 204 6
 6193 0242 BE080300 		movl	$776, %esi
 6193      00
 6194 0247 4889C7   		movq	%rax, %rdi
 6195 024a E8000000 		call	VL53L8CX_SwapBuffer@PLT
 6195      00
 205:src/Flightlib/vl53l8cx_driver/Core/Src/vl53l8cx/vl53l8cx_api.c **** 	    (void)memcpy(&(p_dev->temp_buffer[0x134]),
 6196              		.loc 1 205 19
 6197 024f 488B85C8 		movq	-312(%rbp), %rax
 6197      FEFFFF
 6198 0256 488D904C 		leaq	1612(%rax), %rdx
 6198      060000
 6199              		.loc 1 205 12
 6200 025d 8B45E4   		movl	-28(%rbp), %eax
 6201 0260 8902     		movl	%eax, (%rdx)
 206:src/Flightlib/vl53l8cx_driver/Core/Src/vl53l8cx/vl53l8cx_api.c **** 	    profile_4x4, sizeof(profile_4x4));
 207:src/Flightlib/vl53l8cx_driver/Core/Src/vl53l8cx/vl53l8cx_api.c **** 	    (void)memset(&(p_dev->temp_buffer[0x078]),0 ,
 6202              		.loc 1 207 19
 6203 0262 488B85C8 		movq	-312(%rbp), %rax
 6203      FEFFFF
 6204 0269 48059005 		addq	$1424, %rax
 6204      0000
 6205              		.loc 1 207 12
 6206 026f BA040000 		movl	$4, %edx
 6206      00
 6207 0274 BE000000 		movl	$0, %esi
 6207      00
 6208 0279 4889C7   		movq	%rax, %rdi
 6209 027c E8000000 		call	memset@PLT
 6209      00
 6210              	.L27:
 208:src/Flightlib/vl53l8cx_driver/Core/Src/vl53l8cx/vl53l8cx_api.c ****                          (uint32_t)4*sizeof(uint8_t));
 209:src/Flightlib/vl53l8cx_driver/Core/Src/vl53l8cx/vl53l8cx_api.c **** 	}
 210:src/Flightlib/vl53l8cx_driver/Core/Src/vl53l8cx/vl53l8cx_api.c **** 
 211:src/Flightlib/vl53l8cx_driver/Core/Src/vl53l8cx/vl53l8cx_api.c **** 	status |= VL53L8CX_WrMulti(&(p_dev->platform), 0x2cf8,
 212:src/Flightlib/vl53l8cx_driver/Core/Src/vl53l8cx/vl53l8cx_api.c **** 			p_dev->temp_buffer, VL53L8CX_XTALK_BUFFER_SIZE);
 6211              		.loc 1 212 9
 6212 0281 488B85C8 		movq	-312(%rbp), %rax
 6212      FEFFFF
 6213 0288 488D9018 		leaq	1304(%rax), %rdx
 6213      050000
 211:src/Flightlib/vl53l8cx_driver/Core/Src/vl53l8cx/vl53l8cx_api.c **** 			p_dev->temp_buffer, VL53L8CX_XTALK_BUFFER_SIZE);
 6214              		.loc 1 211 12
 6215 028f 488B85C8 		movq	-312(%rbp), %rax
 6215      FEFFFF
 6216 0296 B9080300 		movl	$776, %ecx
 6216      00
 6217 029b BEF82C00 		movl	$11512, %esi
 6217      00
 6218 02a0 4889C7   		movq	%rax, %rdi
 6219 02a3 E8000000 		call	VL53L8CX_WrMulti@PLT
 6219      00
 211:src/Flightlib/vl53l8cx_driver/Core/Src/vl53l8cx/vl53l8cx_api.c **** 			p_dev->temp_buffer, VL53L8CX_XTALK_BUFFER_SIZE);
 6220              		.loc 1 211 9 discriminator 1
 6221 02a8 89C2     		movl	%eax, %edx
 6222 02aa 0FB685DF 		movzbl	-289(%rbp), %eax
 6222      FEFFFF
 6223 02b1 09D0     		orl	%edx, %eax
 6224 02b3 8885DFFE 		movb	%al, -289(%rbp)
 6224      FFFF
 213:src/Flightlib/vl53l8cx_driver/Core/Src/vl53l8cx/vl53l8cx_api.c **** 	status |=_vl53l8cx_poll_for_answer(p_dev, 4, 1,
 6225              		.loc 1 213 11
 6226 02b9 488B85C8 		movq	-312(%rbp), %rax
 6226      FEFFFF
 6227 02c0 41B90300 		movl	$3, %r9d
 6227      0000
 6228 02c6 41B8FF00 		movl	$255, %r8d
 6228      0000
 6229 02cc B9002C00 		movl	$11264, %ecx
 6229      00
 6230 02d1 BA010000 		movl	$1, %edx
 6230      00
 6231 02d6 BE040000 		movl	$4, %esi
 6231      00
 6232 02db 4889C7   		movq	%rax, %rdi
 6233 02de E8000000 		call	_vl53l8cx_poll_for_answer
 6233      00
 6234              		.loc 1 213 9 discriminator 1
 6235 02e3 0885DFFE 		orb	%al, -289(%rbp)
 6235      FFFF
 214:src/Flightlib/vl53l8cx_driver/Core/Src/vl53l8cx/vl53l8cx_api.c **** 			VL53L8CX_UI_CMD_STATUS, 0xff, 0x03);
 215:src/Flightlib/vl53l8cx_driver/Core/Src/vl53l8cx/vl53l8cx_api.c **** 
 216:src/Flightlib/vl53l8cx_driver/Core/Src/vl53l8cx/vl53l8cx_api.c **** 	return status;
 6236              		.loc 1 216 9
 6237 02e9 0FB685DF 		movzbl	-289(%rbp), %eax
 6237      FEFFFF
 217:src/Flightlib/vl53l8cx_driver/Core/Src/vl53l8cx/vl53l8cx_api.c **** }
 6238              		.loc 1 217 1
 6239 02f0 488B55F8 		movq	-8(%rbp), %rdx
 6240 02f4 64482B14 		subq	%fs:40, %rdx
 6240      25280000 
 6240      00
 6241 02fd 7405     		je	.L33
 6242 02ff E8000000 		call	__stack_chk_fail@PLT
 6242      00
 6243              	.L33:
 6244 0304 C9       		leave
 6245              	.LCFI11:
 6246              		.cfi_def_cfa 7, 8
 6247 0305 C3       		ret
 6248              		.cfi_endproc
 6249              	.LFE9:
 6251              		.section	.text.vl53l8cx_is_alive,"ax",@progbits
 6252              		.globl	vl53l8cx_is_alive
 6254              	vl53l8cx_is_alive:
 6255              	.LFB10:
 218:src/Flightlib/vl53l8cx_driver/Core/Src/vl53l8cx/vl53l8cx_api.c **** 
 219:src/Flightlib/vl53l8cx_driver/Core/Src/vl53l8cx/vl53l8cx_api.c **** uint8_t vl53l8cx_is_alive(
 220:src/Flightlib/vl53l8cx_driver/Core/Src/vl53l8cx/vl53l8cx_api.c **** 		VL53L8CX_Configuration		*p_dev,
 221:src/Flightlib/vl53l8cx_driver/Core/Src/vl53l8cx/vl53l8cx_api.c **** 		uint8_t				*p_is_alive)
 222:src/Flightlib/vl53l8cx_driver/Core/Src/vl53l8cx/vl53l8cx_api.c **** {
 6256              		.loc 1 222 1
 6257              		.cfi_startproc
 6258 0000 F30F1EFA 		endbr64
 6259 0004 55       		pushq	%rbp
 6260              	.LCFI12:
 6261              		.cfi_def_cfa_offset 16
 6262              		.cfi_offset 6, -16
 6263 0005 4889E5   		movq	%rsp, %rbp
 6264              	.LCFI13:
 6265              		.cfi_def_cfa_register 6
 6266 0008 4883EC20 		subq	$32, %rsp
 6267 000c 48897DE8 		movq	%rdi, -24(%rbp)
 6268 0010 488975E0 		movq	%rsi, -32(%rbp)
 6269              		.loc 1 222 1
 6270 0014 64488B04 		movq	%fs:40, %rax
 6270      25280000 
 6270      00
 6271 001d 488945F8 		movq	%rax, -8(%rbp)
 6272 0021 31C0     		xorl	%eax, %eax
 223:src/Flightlib/vl53l8cx_driver/Core/Src/vl53l8cx/vl53l8cx_api.c **** 	uint8_t status = VL53L8CX_STATUS_OK;
 6273              		.loc 1 223 10
 6274 0023 C645F700 		movb	$0, -9(%rbp)
 224:src/Flightlib/vl53l8cx_driver/Core/Src/vl53l8cx/vl53l8cx_api.c **** 	uint8_t device_id, revision_id;
 225:src/Flightlib/vl53l8cx_driver/Core/Src/vl53l8cx/vl53l8cx_api.c **** 
 226:src/Flightlib/vl53l8cx_driver/Core/Src/vl53l8cx/vl53l8cx_api.c **** 	status |= VL53L8CX_WrByte(&(p_dev->platform), 0x7fff, 0x00);
 6275              		.loc 1 226 12
 6276 0027 488B45E8 		movq	-24(%rbp), %rax
 6277 002b BA000000 		movl	$0, %edx
 6277      00
 6278 0030 BEFF7F00 		movl	$32767, %esi
 6278      00
 6279 0035 4889C7   		movq	%rax, %rdi
 6280 0038 E8000000 		call	VL53L8CX_WrByte@PLT
 6280      00
 6281              		.loc 1 226 9 discriminator 1
 6282 003d 89C2     		movl	%eax, %edx
 6283 003f 0FB645F7 		movzbl	-9(%rbp), %eax
 6284 0043 09D0     		orl	%edx, %eax
 6285 0045 8845F7   		movb	%al, -9(%rbp)
 227:src/Flightlib/vl53l8cx_driver/Core/Src/vl53l8cx/vl53l8cx_api.c **** 	status |= VL53L8CX_RdByte(&(p_dev->platform), 0, &device_id);
 6286              		.loc 1 227 12
 6287 0048 488B45E8 		movq	-24(%rbp), %rax
 6288 004c 488D55F5 		leaq	-11(%rbp), %rdx
 6289 0050 BE000000 		movl	$0, %esi
 6289      00
 6290 0055 4889C7   		movq	%rax, %rdi
 6291 0058 E8000000 		call	VL53L8CX_RdByte@PLT
 6291      00
 6292              		.loc 1 227 9 discriminator 1
 6293 005d 89C2     		movl	%eax, %edx
 6294 005f 0FB645F7 		movzbl	-9(%rbp), %eax
 6295 0063 09D0     		orl	%edx, %eax
 6296 0065 8845F7   		movb	%al, -9(%rbp)
 228:src/Flightlib/vl53l8cx_driver/Core/Src/vl53l8cx/vl53l8cx_api.c **** 	status |= VL53L8CX_RdByte(&(p_dev->platform), 1, &revision_id);
 6297              		.loc 1 228 12
 6298 0068 488B45E8 		movq	-24(%rbp), %rax
 6299 006c 488D55F6 		leaq	-10(%rbp), %rdx
 6300 0070 BE010000 		movl	$1, %esi
 6300      00
 6301 0075 4889C7   		movq	%rax, %rdi
 6302 0078 E8000000 		call	VL53L8CX_RdByte@PLT
 6302      00
 6303              		.loc 1 228 9 discriminator 1
 6304 007d 89C2     		movl	%eax, %edx
 6305 007f 0FB645F7 		movzbl	-9(%rbp), %eax
 6306 0083 09D0     		orl	%edx, %eax
 6307 0085 8845F7   		movb	%al, -9(%rbp)
 229:src/Flightlib/vl53l8cx_driver/Core/Src/vl53l8cx/vl53l8cx_api.c **** 	status |= VL53L8CX_WrByte(&(p_dev->platform), 0x7fff, 0x02);
 6308              		.loc 1 229 12
 6309 0088 488B45E8 		movq	-24(%rbp), %rax
 6310 008c BA020000 		movl	$2, %edx
 6310      00
 6311 0091 BEFF7F00 		movl	$32767, %esi
 6311      00
 6312 0096 4889C7   		movq	%rax, %rdi
 6313 0099 E8000000 		call	VL53L8CX_WrByte@PLT
 6313      00
 6314              		.loc 1 229 9 discriminator 1
 6315 009e 89C2     		movl	%eax, %edx
 6316 00a0 0FB645F7 		movzbl	-9(%rbp), %eax
 6317 00a4 09D0     		orl	%edx, %eax
 6318 00a6 8845F7   		movb	%al, -9(%rbp)
 230:src/Flightlib/vl53l8cx_driver/Core/Src/vl53l8cx/vl53l8cx_api.c **** 
 231:src/Flightlib/vl53l8cx_driver/Core/Src/vl53l8cx/vl53l8cx_api.c **** 	if((device_id == (uint8_t)0xF0) && (revision_id == (uint8_t)0x0C))
 6319              		.loc 1 231 16
 6320 00a9 0FB645F5 		movzbl	-11(%rbp), %eax
 6321              		.loc 1 231 4
 6322 00ad 3CF0     		cmpb	$-16, %al
 6323 00af 7511     		jne	.L35
 6324              		.loc 1 231 50 discriminator 1
 6325 00b1 0FB645F6 		movzbl	-10(%rbp), %eax
 6326              		.loc 1 231 34 discriminator 1
 6327 00b5 3C0C     		cmpb	$12, %al
 6328 00b7 7509     		jne	.L35
 232:src/Flightlib/vl53l8cx_driver/Core/Src/vl53l8cx/vl53l8cx_api.c **** 	{
 233:src/Flightlib/vl53l8cx_driver/Core/Src/vl53l8cx/vl53l8cx_api.c **** 		*p_is_alive = 1;
 6329              		.loc 1 233 15
 6330 00b9 488B45E0 		movq	-32(%rbp), %rax
 6331 00bd C60001   		movb	$1, (%rax)
 6332 00c0 EB07     		jmp	.L36
 6333              	.L35:
 234:src/Flightlib/vl53l8cx_driver/Core/Src/vl53l8cx/vl53l8cx_api.c **** 	}
 235:src/Flightlib/vl53l8cx_driver/Core/Src/vl53l8cx/vl53l8cx_api.c **** 	else
 236:src/Flightlib/vl53l8cx_driver/Core/Src/vl53l8cx/vl53l8cx_api.c **** 	{
 237:src/Flightlib/vl53l8cx_driver/Core/Src/vl53l8cx/vl53l8cx_api.c **** 		*p_is_alive = 0;
 6334              		.loc 1 237 15
 6335 00c2 488B45E0 		movq	-32(%rbp), %rax
 6336 00c6 C60000   		movb	$0, (%rax)
 6337              	.L36:
 238:src/Flightlib/vl53l8cx_driver/Core/Src/vl53l8cx/vl53l8cx_api.c **** 	}
 239:src/Flightlib/vl53l8cx_driver/Core/Src/vl53l8cx/vl53l8cx_api.c **** 
 240:src/Flightlib/vl53l8cx_driver/Core/Src/vl53l8cx/vl53l8cx_api.c **** 	return status;
 6338              		.loc 1 240 9
 6339 00c9 0FB645F7 		movzbl	-9(%rbp), %eax
 241:src/Flightlib/vl53l8cx_driver/Core/Src/vl53l8cx/vl53l8cx_api.c **** }
 6340              		.loc 1 241 1
 6341 00cd 488B55F8 		movq	-8(%rbp), %rdx
 6342 00d1 64482B14 		subq	%fs:40, %rdx
 6342      25280000 
 6342      00
 6343 00da 7405     		je	.L38
 6344 00dc E8000000 		call	__stack_chk_fail@PLT
 6344      00
 6345              	.L38:
 6346 00e1 C9       		leave
 6347              	.LCFI14:
 6348              		.cfi_def_cfa 7, 8
 6349 00e2 C3       		ret
 6350              		.cfi_endproc
 6351              	.LFE10:
 6353              		.section	.text.vl53l8cx_init,"ax",@progbits
 6354              		.globl	vl53l8cx_init
 6356              	vl53l8cx_init:
 6357              	.LFB11:
 242:src/Flightlib/vl53l8cx_driver/Core/Src/vl53l8cx/vl53l8cx_api.c **** 
 243:src/Flightlib/vl53l8cx_driver/Core/Src/vl53l8cx/vl53l8cx_api.c **** uint8_t vl53l8cx_init(
 244:src/Flightlib/vl53l8cx_driver/Core/Src/vl53l8cx/vl53l8cx_api.c **** 		VL53L8CX_Configuration		*p_dev)
 245:src/Flightlib/vl53l8cx_driver/Core/Src/vl53l8cx/vl53l8cx_api.c **** {
 6358              		.loc 1 245 1
 6359              		.cfi_startproc
 6360 0000 F30F1EFA 		endbr64
 6361 0004 55       		pushq	%rbp
 6362              	.LCFI15:
 6363              		.cfi_def_cfa_offset 16
 6364              		.cfi_offset 6, -16
 6365 0005 4889E5   		movq	%rsp, %rbp
 6366              	.LCFI16:
 6367              		.cfi_def_cfa_register 6
 6368 0008 4883EC30 		subq	$48, %rsp
 6369 000c 48897DD8 		movq	%rdi, -40(%rbp)
 6370              		.loc 1 245 1
 6371 0010 64488B04 		movq	%fs:40, %rax
 6371      25280000 
 6371      00
 6372 0019 488945F8 		movq	%rax, -8(%rbp)
 6373 001d 31C0     		xorl	%eax, %eax
 246:src/Flightlib/vl53l8cx_driver/Core/Src/vl53l8cx/vl53l8cx_api.c **** 	uint8_t tmp, status = VL53L8CX_STATUS_OK;
 6374              		.loc 1 246 15
 6375 001f C645EB00 		movb	$0, -21(%rbp)
 247:src/Flightlib/vl53l8cx_driver/Core/Src/vl53l8cx/vl53l8cx_api.c **** 	uint8_t pipe_ctrl[] = {VL53L8CX_NB_TARGET_PER_ZONE, 0x00, 0x01, 0x00};
 6376              		.loc 1 247 10
 6377 0023 C745F401 		movl	$65537, -12(%rbp)
 6377      000100
 248:src/Flightlib/vl53l8cx_driver/Core/Src/vl53l8cx/vl53l8cx_api.c **** 	uint32_t single_range = 0x01;
 6378              		.loc 1 248 11
 6379 002a C745EC01 		movl	$1, -20(%rbp)
 6379      000000
 249:src/Flightlib/vl53l8cx_driver/Core/Src/vl53l8cx/vl53l8cx_api.c **** 	uint32_t crc_checksum = 0x00;
 6380              		.loc 1 249 11
 6381 0031 C745F000 		movl	$0, -16(%rbp)
 6381      000000
 250:src/Flightlib/vl53l8cx_driver/Core/Src/vl53l8cx/vl53l8cx_api.c **** 
 251:src/Flightlib/vl53l8cx_driver/Core/Src/vl53l8cx/vl53l8cx_api.c **** 	p_dev->default_xtalk = (uint8_t*)VL53L8CX_DEFAULT_XTALK;
 6382              		.loc 1 251 23
 6383 0038 488B45D8 		movq	-40(%rbp), %rax
 6384 003c 488D1500 		leaq	VL53L8CX_DEFAULT_XTALK(%rip), %rdx
 6384      000000
 6385 0043 48895020 		movq	%rdx, 32(%rax)
 252:src/Flightlib/vl53l8cx_driver/Core/Src/vl53l8cx/vl53l8cx_api.c **** 	p_dev->default_configuration = (uint8_t*)VL53L8CX_DEFAULT_CONFIGURATION;
 6386              		.loc 1 252 31
 6387 0047 488B45D8 		movq	-40(%rbp), %rax
 6388 004b 488D1500 		leaq	VL53L8CX_DEFAULT_CONFIGURATION(%rip), %rdx
 6388      000000
 6389 0052 48895018 		movq	%rdx, 24(%rax)
 253:src/Flightlib/vl53l8cx_driver/Core/Src/vl53l8cx/vl53l8cx_api.c **** 	p_dev->is_auto_stop_enabled = (uint8_t)0x0;
 6390              		.loc 1 253 30
 6391 0056 488B45D8 		movq	-40(%rbp), %rax
 6392 005a C680C40A 		movb	$0, 2756(%rax)
 6392      000000
 254:src/Flightlib/vl53l8cx_driver/Core/Src/vl53l8cx/vl53l8cx_api.c **** 
 255:src/Flightlib/vl53l8cx_driver/Core/Src/vl53l8cx/vl53l8cx_api.c **** 	/* SW reboot sequence */
 256:src/Flightlib/vl53l8cx_driver/Core/Src/vl53l8cx/vl53l8cx_api.c **** 	status |= VL53L8CX_WrByte(&(p_dev->platform), 0x7fff, 0x00);
 6393              		.loc 1 256 12
 6394 0061 488B45D8 		movq	-40(%rbp), %rax
 6395 0065 BA000000 		movl	$0, %edx
 6395      00
 6396 006a BEFF7F00 		movl	$32767, %esi
 6396      00
 6397 006f 4889C7   		movq	%rax, %rdi
 6398 0072 E8000000 		call	VL53L8CX_WrByte@PLT
 6398      00
 6399              		.loc 1 256 9 discriminator 1
 6400 0077 89C2     		movl	%eax, %edx
 6401 0079 0FB645EB 		movzbl	-21(%rbp), %eax
 6402 007d 09D0     		orl	%edx, %eax
 6403 007f 8845EB   		movb	%al, -21(%rbp)
 257:src/Flightlib/vl53l8cx_driver/Core/Src/vl53l8cx/vl53l8cx_api.c **** 	status |= VL53L8CX_WrByte(&(p_dev->platform), 0x0009, 0x04);
 6404              		.loc 1 257 12
 6405 0082 488B45D8 		movq	-40(%rbp), %rax
 6406 0086 BA040000 		movl	$4, %edx
 6406      00
 6407 008b BE090000 		movl	$9, %esi
 6407      00
 6408 0090 4889C7   		movq	%rax, %rdi
 6409 0093 E8000000 		call	VL53L8CX_WrByte@PLT
 6409      00
 6410              		.loc 1 257 9 discriminator 1
 6411 0098 89C2     		movl	%eax, %edx
 6412 009a 0FB645EB 		movzbl	-21(%rbp), %eax
 6413 009e 09D0     		orl	%edx, %eax
 6414 00a0 8845EB   		movb	%al, -21(%rbp)
 258:src/Flightlib/vl53l8cx_driver/Core/Src/vl53l8cx/vl53l8cx_api.c **** 	status |= VL53L8CX_WrByte(&(p_dev->platform), 0x000F, 0x40);
 6415              		.loc 1 258 12
 6416 00a3 488B45D8 		movq	-40(%rbp), %rax
 6417 00a7 BA400000 		movl	$64, %edx
 6417      00
 6418 00ac BE0F0000 		movl	$15, %esi
 6418      00
 6419 00b1 4889C7   		movq	%rax, %rdi
 6420 00b4 E8000000 		call	VL53L8CX_WrByte@PLT
 6420      00
 6421              		.loc 1 258 9 discriminator 1
 6422 00b9 89C2     		movl	%eax, %edx
 6423 00bb 0FB645EB 		movzbl	-21(%rbp), %eax
 6424 00bf 09D0     		orl	%edx, %eax
 6425 00c1 8845EB   		movb	%al, -21(%rbp)
 259:src/Flightlib/vl53l8cx_driver/Core/Src/vl53l8cx/vl53l8cx_api.c **** 	status |= VL53L8CX_WrByte(&(p_dev->platform), 0x000A, 0x03);
 6426              		.loc 1 259 12
 6427 00c4 488B45D8 		movq	-40(%rbp), %rax
 6428 00c8 BA030000 		movl	$3, %edx
 6428      00
 6429 00cd BE0A0000 		movl	$10, %esi
 6429      00
 6430 00d2 4889C7   		movq	%rax, %rdi
 6431 00d5 E8000000 		call	VL53L8CX_WrByte@PLT
 6431      00
 6432              		.loc 1 259 9 discriminator 1
 6433 00da 89C2     		movl	%eax, %edx
 6434 00dc 0FB645EB 		movzbl	-21(%rbp), %eax
 6435 00e0 09D0     		orl	%edx, %eax
 6436 00e2 8845EB   		movb	%al, -21(%rbp)
 260:src/Flightlib/vl53l8cx_driver/Core/Src/vl53l8cx/vl53l8cx_api.c **** 	status |= VL53L8CX_RdByte(&(p_dev->platform), 0x7FFF, &tmp);
 6437              		.loc 1 260 12
 6438 00e5 488B45D8 		movq	-40(%rbp), %rax
 6439 00e9 488D55EA 		leaq	-22(%rbp), %rdx
 6440 00ed BEFF7F00 		movl	$32767, %esi
 6440      00
 6441 00f2 4889C7   		movq	%rax, %rdi
 6442 00f5 E8000000 		call	VL53L8CX_RdByte@PLT
 6442      00
 6443              		.loc 1 260 9 discriminator 1
 6444 00fa 89C2     		movl	%eax, %edx
 6445 00fc 0FB645EB 		movzbl	-21(%rbp), %eax
 6446 0100 09D0     		orl	%edx, %eax
 6447 0102 8845EB   		movb	%al, -21(%rbp)
 261:src/Flightlib/vl53l8cx_driver/Core/Src/vl53l8cx/vl53l8cx_api.c **** 	status |= VL53L8CX_WrByte(&(p_dev->platform), 0x000C, 0x01);
 6448              		.loc 1 261 12
 6449 0105 488B45D8 		movq	-40(%rbp), %rax
 6450 0109 BA010000 		movl	$1, %edx
 6450      00
 6451 010e BE0C0000 		movl	$12, %esi
 6451      00
 6452 0113 4889C7   		movq	%rax, %rdi
 6453 0116 E8000000 		call	VL53L8CX_WrByte@PLT
 6453      00
 6454              		.loc 1 261 9 discriminator 1
 6455 011b 89C2     		movl	%eax, %edx
 6456 011d 0FB645EB 		movzbl	-21(%rbp), %eax
 6457 0121 09D0     		orl	%edx, %eax
 6458 0123 8845EB   		movb	%al, -21(%rbp)
 262:src/Flightlib/vl53l8cx_driver/Core/Src/vl53l8cx/vl53l8cx_api.c **** 
 263:src/Flightlib/vl53l8cx_driver/Core/Src/vl53l8cx/vl53l8cx_api.c **** 	status |= VL53L8CX_WrByte(&(p_dev->platform), 0x0101, 0x00);
 6459              		.loc 1 263 12
 6460 0126 488B45D8 		movq	-40(%rbp), %rax
 6461 012a BA000000 		movl	$0, %edx
 6461      00
 6462 012f BE010100 		movl	$257, %esi
 6462      00
 6463 0134 4889C7   		movq	%rax, %rdi
 6464 0137 E8000000 		call	VL53L8CX_WrByte@PLT
 6464      00
 6465              		.loc 1 263 9 discriminator 1
 6466 013c 89C2     		movl	%eax, %edx
 6467 013e 0FB645EB 		movzbl	-21(%rbp), %eax
 6468 0142 09D0     		orl	%edx, %eax
 6469 0144 8845EB   		movb	%al, -21(%rbp)
 264:src/Flightlib/vl53l8cx_driver/Core/Src/vl53l8cx/vl53l8cx_api.c **** 	status |= VL53L8CX_WrByte(&(p_dev->platform), 0x0102, 0x00);
 6470              		.loc 1 264 12
 6471 0147 488B45D8 		movq	-40(%rbp), %rax
 6472 014b BA000000 		movl	$0, %edx
 6472      00
 6473 0150 BE020100 		movl	$258, %esi
 6473      00
 6474 0155 4889C7   		movq	%rax, %rdi
 6475 0158 E8000000 		call	VL53L8CX_WrByte@PLT
 6475      00
 6476              		.loc 1 264 9 discriminator 1
 6477 015d 89C2     		movl	%eax, %edx
 6478 015f 0FB645EB 		movzbl	-21(%rbp), %eax
 6479 0163 09D0     		orl	%edx, %eax
 6480 0165 8845EB   		movb	%al, -21(%rbp)
 265:src/Flightlib/vl53l8cx_driver/Core/Src/vl53l8cx/vl53l8cx_api.c **** 	status |= VL53L8CX_WrByte(&(p_dev->platform), 0x010A, 0x01);
 6481              		.loc 1 265 12
 6482 0168 488B45D8 		movq	-40(%rbp), %rax
 6483 016c BA010000 		movl	$1, %edx
 6483      00
 6484 0171 BE0A0100 		movl	$266, %esi
 6484      00
 6485 0176 4889C7   		movq	%rax, %rdi
 6486 0179 E8000000 		call	VL53L8CX_WrByte@PLT
 6486      00
 6487              		.loc 1 265 9 discriminator 1
 6488 017e 89C2     		movl	%eax, %edx
 6489 0180 0FB645EB 		movzbl	-21(%rbp), %eax
 6490 0184 09D0     		orl	%edx, %eax
 6491 0186 8845EB   		movb	%al, -21(%rbp)
 266:src/Flightlib/vl53l8cx_driver/Core/Src/vl53l8cx/vl53l8cx_api.c **** 	status |= VL53L8CX_WrByte(&(p_dev->platform), 0x4002, 0x01);
 6492              		.loc 1 266 12
 6493 0189 488B45D8 		movq	-40(%rbp), %rax
 6494 018d BA010000 		movl	$1, %edx
 6494      00
 6495 0192 BE024000 		movl	$16386, %esi
 6495      00
 6496 0197 4889C7   		movq	%rax, %rdi
 6497 019a E8000000 		call	VL53L8CX_WrByte@PLT
 6497      00
 6498              		.loc 1 266 9 discriminator 1
 6499 019f 89C2     		movl	%eax, %edx
 6500 01a1 0FB645EB 		movzbl	-21(%rbp), %eax
 6501 01a5 09D0     		orl	%edx, %eax
 6502 01a7 8845EB   		movb	%al, -21(%rbp)
 267:src/Flightlib/vl53l8cx_driver/Core/Src/vl53l8cx/vl53l8cx_api.c **** 	status |= VL53L8CX_WrByte(&(p_dev->platform), 0x4002, 0x00);
 6503              		.loc 1 267 12
 6504 01aa 488B45D8 		movq	-40(%rbp), %rax
 6505 01ae BA000000 		movl	$0, %edx
 6505      00
 6506 01b3 BE024000 		movl	$16386, %esi
 6506      00
 6507 01b8 4889C7   		movq	%rax, %rdi
 6508 01bb E8000000 		call	VL53L8CX_WrByte@PLT
 6508      00
 6509              		.loc 1 267 9 discriminator 1
 6510 01c0 89C2     		movl	%eax, %edx
 6511 01c2 0FB645EB 		movzbl	-21(%rbp), %eax
 6512 01c6 09D0     		orl	%edx, %eax
 6513 01c8 8845EB   		movb	%al, -21(%rbp)
 268:src/Flightlib/vl53l8cx_driver/Core/Src/vl53l8cx/vl53l8cx_api.c **** 	status |= VL53L8CX_WrByte(&(p_dev->platform), 0x010A, 0x03);
 6514              		.loc 1 268 12
 6515 01cb 488B45D8 		movq	-40(%rbp), %rax
 6516 01cf BA030000 		movl	$3, %edx
 6516      00
 6517 01d4 BE0A0100 		movl	$266, %esi
 6517      00
 6518 01d9 4889C7   		movq	%rax, %rdi
 6519 01dc E8000000 		call	VL53L8CX_WrByte@PLT
 6519      00
 6520              		.loc 1 268 9 discriminator 1
 6521 01e1 89C2     		movl	%eax, %edx
 6522 01e3 0FB645EB 		movzbl	-21(%rbp), %eax
 6523 01e7 09D0     		orl	%edx, %eax
 6524 01e9 8845EB   		movb	%al, -21(%rbp)
 269:src/Flightlib/vl53l8cx_driver/Core/Src/vl53l8cx/vl53l8cx_api.c **** 	status |= VL53L8CX_WrByte(&(p_dev->platform), 0x0103, 0x01);
 6525              		.loc 1 269 12
 6526 01ec 488B45D8 		movq	-40(%rbp), %rax
 6527 01f0 BA010000 		movl	$1, %edx
 6527      00
 6528 01f5 BE030100 		movl	$259, %esi
 6528      00
 6529 01fa 4889C7   		movq	%rax, %rdi
 6530 01fd E8000000 		call	VL53L8CX_WrByte@PLT
 6530      00
 6531              		.loc 1 269 9 discriminator 1
 6532 0202 89C2     		movl	%eax, %edx
 6533 0204 0FB645EB 		movzbl	-21(%rbp), %eax
 6534 0208 09D0     		orl	%edx, %eax
 6535 020a 8845EB   		movb	%al, -21(%rbp)
 270:src/Flightlib/vl53l8cx_driver/Core/Src/vl53l8cx/vl53l8cx_api.c **** 	status |= VL53L8CX_WrByte(&(p_dev->platform), 0x000C, 0x00);
 6536              		.loc 1 270 12
 6537 020d 488B45D8 		movq	-40(%rbp), %rax
 6538 0211 BA000000 		movl	$0, %edx
 6538      00
 6539 0216 BE0C0000 		movl	$12, %esi
 6539      00
 6540 021b 4889C7   		movq	%rax, %rdi
 6541 021e E8000000 		call	VL53L8CX_WrByte@PLT
 6541      00
 6542              		.loc 1 270 9 discriminator 1
 6543 0223 89C2     		movl	%eax, %edx
 6544 0225 0FB645EB 		movzbl	-21(%rbp), %eax
 6545 0229 09D0     		orl	%edx, %eax
 6546 022b 8845EB   		movb	%al, -21(%rbp)
 271:src/Flightlib/vl53l8cx_driver/Core/Src/vl53l8cx/vl53l8cx_api.c **** 	status |= VL53L8CX_WrByte(&(p_dev->platform), 0x000F, 0x43);
 6547              		.loc 1 271 12
 6548 022e 488B45D8 		movq	-40(%rbp), %rax
 6549 0232 BA430000 		movl	$67, %edx
 6549      00
 6550 0237 BE0F0000 		movl	$15, %esi
 6550      00
 6551 023c 4889C7   		movq	%rax, %rdi
 6552 023f E8000000 		call	VL53L8CX_WrByte@PLT
 6552      00
 6553              		.loc 1 271 9 discriminator 1
 6554 0244 89C2     		movl	%eax, %edx
 6555 0246 0FB645EB 		movzbl	-21(%rbp), %eax
 6556 024a 09D0     		orl	%edx, %eax
 6557 024c 8845EB   		movb	%al, -21(%rbp)
 272:src/Flightlib/vl53l8cx_driver/Core/Src/vl53l8cx/vl53l8cx_api.c **** 	status |= VL53L8CX_WaitMs(&(p_dev->platform), 1);
 6558              		.loc 1 272 12
 6559 024f 488B45D8 		movq	-40(%rbp), %rax
 6560 0253 BE010000 		movl	$1, %esi
 6560      00
 6561 0258 4889C7   		movq	%rax, %rdi
 6562 025b E8000000 		call	VL53L8CX_WaitMs@PLT
 6562      00
 6563              		.loc 1 272 9 discriminator 1
 6564 0260 89C2     		movl	%eax, %edx
 6565 0262 0FB645EB 		movzbl	-21(%rbp), %eax
 6566 0266 09D0     		orl	%edx, %eax
 6567 0268 8845EB   		movb	%al, -21(%rbp)
 273:src/Flightlib/vl53l8cx_driver/Core/Src/vl53l8cx/vl53l8cx_api.c **** 
 274:src/Flightlib/vl53l8cx_driver/Core/Src/vl53l8cx/vl53l8cx_api.c **** 	status |= VL53L8CX_WrByte(&(p_dev->platform), 0x000F, 0x40);
 6568              		.loc 1 274 12
 6569 026b 488B45D8 		movq	-40(%rbp), %rax
 6570 026f BA400000 		movl	$64, %edx
 6570      00
 6571 0274 BE0F0000 		movl	$15, %esi
 6571      00
 6572 0279 4889C7   		movq	%rax, %rdi
 6573 027c E8000000 		call	VL53L8CX_WrByte@PLT
 6573      00
 6574              		.loc 1 274 9 discriminator 1
 6575 0281 89C2     		movl	%eax, %edx
 6576 0283 0FB645EB 		movzbl	-21(%rbp), %eax
 6577 0287 09D0     		orl	%edx, %eax
 6578 0289 8845EB   		movb	%al, -21(%rbp)
 275:src/Flightlib/vl53l8cx_driver/Core/Src/vl53l8cx/vl53l8cx_api.c **** 	status |= VL53L8CX_WrByte(&(p_dev->platform), 0x000A, 0x01);
 6579              		.loc 1 275 12
 6580 028c 488B45D8 		movq	-40(%rbp), %rax
 6581 0290 BA010000 		movl	$1, %edx
 6581      00
 6582 0295 BE0A0000 		movl	$10, %esi
 6582      00
 6583 029a 4889C7   		movq	%rax, %rdi
 6584 029d E8000000 		call	VL53L8CX_WrByte@PLT
 6584      00
 6585              		.loc 1 275 9 discriminator 1
 6586 02a2 89C2     		movl	%eax, %edx
 6587 02a4 0FB645EB 		movzbl	-21(%rbp), %eax
 6588 02a8 09D0     		orl	%edx, %eax
 6589 02aa 8845EB   		movb	%al, -21(%rbp)
 276:src/Flightlib/vl53l8cx_driver/Core/Src/vl53l8cx/vl53l8cx_api.c **** 	status |= VL53L8CX_WaitMs(&(p_dev->platform), 100);
 6590              		.loc 1 276 12
 6591 02ad 488B45D8 		movq	-40(%rbp), %rax
 6592 02b1 BE640000 		movl	$100, %esi
 6592      00
 6593 02b6 4889C7   		movq	%rax, %rdi
 6594 02b9 E8000000 		call	VL53L8CX_WaitMs@PLT
 6594      00
 6595              		.loc 1 276 9 discriminator 1
 6596 02be 89C2     		movl	%eax, %edx
 6597 02c0 0FB645EB 		movzbl	-21(%rbp), %eax
 6598 02c4 09D0     		orl	%edx, %eax
 6599 02c6 8845EB   		movb	%al, -21(%rbp)
 277:src/Flightlib/vl53l8cx_driver/Core/Src/vl53l8cx/vl53l8cx_api.c **** 
 278:src/Flightlib/vl53l8cx_driver/Core/Src/vl53l8cx/vl53l8cx_api.c **** 	/* Wait for sensor booted (several ms required to get sensor ready ) */
 279:src/Flightlib/vl53l8cx_driver/Core/Src/vl53l8cx/vl53l8cx_api.c **** 	status |= VL53L8CX_WrByte(&(p_dev->platform), 0x7fff, 0x00);
 6600              		.loc 1 279 12
 6601 02c9 488B45D8 		movq	-40(%rbp), %rax
 6602 02cd BA000000 		movl	$0, %edx
 6602      00
 6603 02d2 BEFF7F00 		movl	$32767, %esi
 6603      00
 6604 02d7 4889C7   		movq	%rax, %rdi
 6605 02da E8000000 		call	VL53L8CX_WrByte@PLT
 6605      00
 6606              		.loc 1 279 9 discriminator 1
 6607 02df 89C2     		movl	%eax, %edx
 6608 02e1 0FB645EB 		movzbl	-21(%rbp), %eax
 6609 02e5 09D0     		orl	%edx, %eax
 6610 02e7 8845EB   		movb	%al, -21(%rbp)
 280:src/Flightlib/vl53l8cx_driver/Core/Src/vl53l8cx/vl53l8cx_api.c **** 	status |= _vl53l8cx_poll_for_answer(p_dev, 1, 0, 0x06, 0xff, 1);
 6611              		.loc 1 280 12
 6612 02ea 488B45D8 		movq	-40(%rbp), %rax
 6613 02ee 41B90100 		movl	$1, %r9d
 6613      0000
 6614 02f4 41B8FF00 		movl	$255, %r8d
 6614      0000
 6615 02fa B9060000 		movl	$6, %ecx
 6615      00
 6616 02ff BA000000 		movl	$0, %edx
 6616      00
 6617 0304 BE010000 		movl	$1, %esi
 6617      00
 6618 0309 4889C7   		movq	%rax, %rdi
 6619 030c E8000000 		call	_vl53l8cx_poll_for_answer
 6619      00
 6620              		.loc 1 280 9 discriminator 1
 6621 0311 0845EB   		orb	%al, -21(%rbp)
 281:src/Flightlib/vl53l8cx_driver/Core/Src/vl53l8cx/vl53l8cx_api.c **** 	if(status != (uint8_t)0){
 6622              		.loc 1 281 4
 6623 0314 807DEB00 		cmpb	$0, -21(%rbp)
 6624 0318 0F859508 		jne	.L46
 6624      0000
 282:src/Flightlib/vl53l8cx_driver/Core/Src/vl53l8cx/vl53l8cx_api.c **** 		goto exit;
 283:src/Flightlib/vl53l8cx_driver/Core/Src/vl53l8cx/vl53l8cx_api.c **** 	}
 284:src/Flightlib/vl53l8cx_driver/Core/Src/vl53l8cx/vl53l8cx_api.c **** 
 285:src/Flightlib/vl53l8cx_driver/Core/Src/vl53l8cx/vl53l8cx_api.c **** 	status |= VL53L8CX_WrByte(&(p_dev->platform), 0x000E, 0x01);
 6625              		.loc 1 285 12
 6626 031e 488B45D8 		movq	-40(%rbp), %rax
 6627 0322 BA010000 		movl	$1, %edx
 6627      00
 6628 0327 BE0E0000 		movl	$14, %esi
 6628      00
 6629 032c 4889C7   		movq	%rax, %rdi
 6630 032f E8000000 		call	VL53L8CX_WrByte@PLT
 6630      00
 6631              		.loc 1 285 9 discriminator 1
 6632 0334 89C2     		movl	%eax, %edx
 6633 0336 0FB645EB 		movzbl	-21(%rbp), %eax
 6634 033a 09D0     		orl	%edx, %eax
 6635 033c 8845EB   		movb	%al, -21(%rbp)
 286:src/Flightlib/vl53l8cx_driver/Core/Src/vl53l8cx/vl53l8cx_api.c **** 	status |= VL53L8CX_WrByte(&(p_dev->platform), 0x7fff, 0x02);
 6636              		.loc 1 286 12
 6637 033f 488B45D8 		movq	-40(%rbp), %rax
 6638 0343 BA020000 		movl	$2, %edx
 6638      00
 6639 0348 BEFF7F00 		movl	$32767, %esi
 6639      00
 6640 034d 4889C7   		movq	%rax, %rdi
 6641 0350 E8000000 		call	VL53L8CX_WrByte@PLT
 6641      00
 6642              		.loc 1 286 9 discriminator 1
 6643 0355 89C2     		movl	%eax, %edx
 6644 0357 0FB645EB 		movzbl	-21(%rbp), %eax
 6645 035b 09D0     		orl	%edx, %eax
 6646 035d 8845EB   		movb	%al, -21(%rbp)
 287:src/Flightlib/vl53l8cx_driver/Core/Src/vl53l8cx/vl53l8cx_api.c **** 
 288:src/Flightlib/vl53l8cx_driver/Core/Src/vl53l8cx/vl53l8cx_api.c **** 	/* Enable FW access */
 289:src/Flightlib/vl53l8cx_driver/Core/Src/vl53l8cx/vl53l8cx_api.c **** 	status |= VL53L8CX_WrByte(&(p_dev->platform), 0x7fff, 0x01);
 6647              		.loc 1 289 12
 6648 0360 488B45D8 		movq	-40(%rbp), %rax
 6649 0364 BA010000 		movl	$1, %edx
 6649      00
 6650 0369 BEFF7F00 		movl	$32767, %esi
 6650      00
 6651 036e 4889C7   		movq	%rax, %rdi
 6652 0371 E8000000 		call	VL53L8CX_WrByte@PLT
 6652      00
 6653              		.loc 1 289 9 discriminator 1
 6654 0376 89C2     		movl	%eax, %edx
 6655 0378 0FB645EB 		movzbl	-21(%rbp), %eax
 6656 037c 09D0     		orl	%edx, %eax
 6657 037e 8845EB   		movb	%al, -21(%rbp)
 290:src/Flightlib/vl53l8cx_driver/Core/Src/vl53l8cx/vl53l8cx_api.c **** 	status |= VL53L8CX_WrByte(&(p_dev->platform), 0x06, 0x01);
 6658              		.loc 1 290 12
 6659 0381 488B45D8 		movq	-40(%rbp), %rax
 6660 0385 BA010000 		movl	$1, %edx
 6660      00
 6661 038a BE060000 		movl	$6, %esi
 6661      00
 6662 038f 4889C7   		movq	%rax, %rdi
 6663 0392 E8000000 		call	VL53L8CX_WrByte@PLT
 6663      00
 6664              		.loc 1 290 9 discriminator 1
 6665 0397 89C2     		movl	%eax, %edx
 6666 0399 0FB645EB 		movzbl	-21(%rbp), %eax
 6667 039d 09D0     		orl	%edx, %eax
 6668 039f 8845EB   		movb	%al, -21(%rbp)
 291:src/Flightlib/vl53l8cx_driver/Core/Src/vl53l8cx/vl53l8cx_api.c **** 	status |= _vl53l8cx_poll_for_answer(p_dev, 1, 0, 0x21, 0xFF, 0x4);
 6669              		.loc 1 291 12
 6670 03a2 488B45D8 		movq	-40(%rbp), %rax
 6671 03a6 41B90400 		movl	$4, %r9d
 6671      0000
 6672 03ac 41B8FF00 		movl	$255, %r8d
 6672      0000
 6673 03b2 B9210000 		movl	$33, %ecx
 6673      00
 6674 03b7 BA000000 		movl	$0, %edx
 6674      00
 6675 03bc BE010000 		movl	$1, %esi
 6675      00
 6676 03c1 4889C7   		movq	%rax, %rdi
 6677 03c4 E8000000 		call	_vl53l8cx_poll_for_answer
 6677      00
 6678              		.loc 1 291 9 discriminator 1
 6679 03c9 0845EB   		orb	%al, -21(%rbp)
 292:src/Flightlib/vl53l8cx_driver/Core/Src/vl53l8cx/vl53l8cx_api.c **** 
 293:src/Flightlib/vl53l8cx_driver/Core/Src/vl53l8cx/vl53l8cx_api.c **** 	status |= VL53L8CX_WrByte(&(p_dev->platform), 0x7fff, 0x00);
 6680              		.loc 1 293 12
 6681 03cc 488B45D8 		movq	-40(%rbp), %rax
 6682 03d0 BA000000 		movl	$0, %edx
 6682      00
 6683 03d5 BEFF7F00 		movl	$32767, %esi
 6683      00
 6684 03da 4889C7   		movq	%rax, %rdi
 6685 03dd E8000000 		call	VL53L8CX_WrByte@PLT
 6685      00
 6686              		.loc 1 293 9 discriminator 1
 6687 03e2 89C2     		movl	%eax, %edx
 6688 03e4 0FB645EB 		movzbl	-21(%rbp), %eax
 6689 03e8 09D0     		orl	%edx, %eax
 6690 03ea 8845EB   		movb	%al, -21(%rbp)
 294:src/Flightlib/vl53l8cx_driver/Core/Src/vl53l8cx/vl53l8cx_api.c **** 
 295:src/Flightlib/vl53l8cx_driver/Core/Src/vl53l8cx/vl53l8cx_api.c **** 	/* Enable host access to GO1 */
 296:src/Flightlib/vl53l8cx_driver/Core/Src/vl53l8cx/vl53l8cx_api.c **** 	status |= VL53L8CX_RdByte(&(p_dev->platform), 0x7fff, &tmp);
 6691              		.loc 1 296 12
 6692 03ed 488B45D8 		movq	-40(%rbp), %rax
 6693 03f1 488D55EA 		leaq	-22(%rbp), %rdx
 6694 03f5 BEFF7F00 		movl	$32767, %esi
 6694      00
 6695 03fa 4889C7   		movq	%rax, %rdi
 6696 03fd E8000000 		call	VL53L8CX_RdByte@PLT
 6696      00
 6697              		.loc 1 296 9 discriminator 1
 6698 0402 89C2     		movl	%eax, %edx
 6699 0404 0FB645EB 		movzbl	-21(%rbp), %eax
 6700 0408 09D0     		orl	%edx, %eax
 6701 040a 8845EB   		movb	%al, -21(%rbp)
 297:src/Flightlib/vl53l8cx_driver/Core/Src/vl53l8cx/vl53l8cx_api.c **** 	status |= VL53L8CX_WrByte(&(p_dev->platform), 0x0C, 0x01);
 6702              		.loc 1 297 12
 6703 040d 488B45D8 		movq	-40(%rbp), %rax
 6704 0411 BA010000 		movl	$1, %edx
 6704      00
 6705 0416 BE0C0000 		movl	$12, %esi
 6705      00
 6706 041b 4889C7   		movq	%rax, %rdi
 6707 041e E8000000 		call	VL53L8CX_WrByte@PLT
 6707      00
 6708              		.loc 1 297 9 discriminator 1
 6709 0423 89C2     		movl	%eax, %edx
 6710 0425 0FB645EB 		movzbl	-21(%rbp), %eax
 6711 0429 09D0     		orl	%edx, %eax
 6712 042b 8845EB   		movb	%al, -21(%rbp)
 298:src/Flightlib/vl53l8cx_driver/Core/Src/vl53l8cx/vl53l8cx_api.c **** 
 299:src/Flightlib/vl53l8cx_driver/Core/Src/vl53l8cx/vl53l8cx_api.c **** 	/* Power ON status */
 300:src/Flightlib/vl53l8cx_driver/Core/Src/vl53l8cx/vl53l8cx_api.c **** 	status |= VL53L8CX_WrByte(&(p_dev->platform), 0x7fff, 0x00);
 6713              		.loc 1 300 12
 6714 042e 488B45D8 		movq	-40(%rbp), %rax
 6715 0432 BA000000 		movl	$0, %edx
 6715      00
 6716 0437 BEFF7F00 		movl	$32767, %esi
 6716      00
 6717 043c 4889C7   		movq	%rax, %rdi
 6718 043f E8000000 		call	VL53L8CX_WrByte@PLT
 6718      00
 6719              		.loc 1 300 9 discriminator 1
 6720 0444 89C2     		movl	%eax, %edx
 6721 0446 0FB645EB 		movzbl	-21(%rbp), %eax
 6722 044a 09D0     		orl	%edx, %eax
 6723 044c 8845EB   		movb	%al, -21(%rbp)
 301:src/Flightlib/vl53l8cx_driver/Core/Src/vl53l8cx/vl53l8cx_api.c **** 	status |= VL53L8CX_WrByte(&(p_dev->platform), 0x101, 0x00);
 6724              		.loc 1 301 12
 6725 044f 488B45D8 		movq	-40(%rbp), %rax
 6726 0453 BA000000 		movl	$0, %edx
 6726      00
 6727 0458 BE010100 		movl	$257, %esi
 6727      00
 6728 045d 4889C7   		movq	%rax, %rdi
 6729 0460 E8000000 		call	VL53L8CX_WrByte@PLT
 6729      00
 6730              		.loc 1 301 9 discriminator 1
 6731 0465 89C2     		movl	%eax, %edx
 6732 0467 0FB645EB 		movzbl	-21(%rbp), %eax
 6733 046b 09D0     		orl	%edx, %eax
 6734 046d 8845EB   		movb	%al, -21(%rbp)
 302:src/Flightlib/vl53l8cx_driver/Core/Src/vl53l8cx/vl53l8cx_api.c **** 	status |= VL53L8CX_WrByte(&(p_dev->platform), 0x102, 0x00);
 6735              		.loc 1 302 12
 6736 0470 488B45D8 		movq	-40(%rbp), %rax
 6737 0474 BA000000 		movl	$0, %edx
 6737      00
 6738 0479 BE020100 		movl	$258, %esi
 6738      00
 6739 047e 4889C7   		movq	%rax, %rdi
 6740 0481 E8000000 		call	VL53L8CX_WrByte@PLT
 6740      00
 6741              		.loc 1 302 9 discriminator 1
 6742 0486 89C2     		movl	%eax, %edx
 6743 0488 0FB645EB 		movzbl	-21(%rbp), %eax
 6744 048c 09D0     		orl	%edx, %eax
 6745 048e 8845EB   		movb	%al, -21(%rbp)
 303:src/Flightlib/vl53l8cx_driver/Core/Src/vl53l8cx/vl53l8cx_api.c **** 	status |= VL53L8CX_WrByte(&(p_dev->platform), 0x010A, 0x01);
 6746              		.loc 1 303 12
 6747 0491 488B45D8 		movq	-40(%rbp), %rax
 6748 0495 BA010000 		movl	$1, %edx
 6748      00
 6749 049a BE0A0100 		movl	$266, %esi
 6749      00
 6750 049f 4889C7   		movq	%rax, %rdi
 6751 04a2 E8000000 		call	VL53L8CX_WrByte@PLT
 6751      00
 6752              		.loc 1 303 9 discriminator 1
 6753 04a7 89C2     		movl	%eax, %edx
 6754 04a9 0FB645EB 		movzbl	-21(%rbp), %eax
 6755 04ad 09D0     		orl	%edx, %eax
 6756 04af 8845EB   		movb	%al, -21(%rbp)
 304:src/Flightlib/vl53l8cx_driver/Core/Src/vl53l8cx/vl53l8cx_api.c **** 	status |= VL53L8CX_WrByte(&(p_dev->platform), 0x4002, 0x01);
 6757              		.loc 1 304 12
 6758 04b2 488B45D8 		movq	-40(%rbp), %rax
 6759 04b6 BA010000 		movl	$1, %edx
 6759      00
 6760 04bb BE024000 		movl	$16386, %esi
 6760      00
 6761 04c0 4889C7   		movq	%rax, %rdi
 6762 04c3 E8000000 		call	VL53L8CX_WrByte@PLT
 6762      00
 6763              		.loc 1 304 9 discriminator 1
 6764 04c8 89C2     		movl	%eax, %edx
 6765 04ca 0FB645EB 		movzbl	-21(%rbp), %eax
 6766 04ce 09D0     		orl	%edx, %eax
 6767 04d0 8845EB   		movb	%al, -21(%rbp)
 305:src/Flightlib/vl53l8cx_driver/Core/Src/vl53l8cx/vl53l8cx_api.c **** 	status |= VL53L8CX_WrByte(&(p_dev->platform), 0x4002, 0x00);
 6768              		.loc 1 305 12
 6769 04d3 488B45D8 		movq	-40(%rbp), %rax
 6770 04d7 BA000000 		movl	$0, %edx
 6770      00
 6771 04dc BE024000 		movl	$16386, %esi
 6771      00
 6772 04e1 4889C7   		movq	%rax, %rdi
 6773 04e4 E8000000 		call	VL53L8CX_WrByte@PLT
 6773      00
 6774              		.loc 1 305 9 discriminator 1
 6775 04e9 89C2     		movl	%eax, %edx
 6776 04eb 0FB645EB 		movzbl	-21(%rbp), %eax
 6777 04ef 09D0     		orl	%edx, %eax
 6778 04f1 8845EB   		movb	%al, -21(%rbp)
 306:src/Flightlib/vl53l8cx_driver/Core/Src/vl53l8cx/vl53l8cx_api.c **** 	status |= VL53L8CX_WrByte(&(p_dev->platform), 0x010A, 0x03);
 6779              		.loc 1 306 12
 6780 04f4 488B45D8 		movq	-40(%rbp), %rax
 6781 04f8 BA030000 		movl	$3, %edx
 6781      00
 6782 04fd BE0A0100 		movl	$266, %esi
 6782      00
 6783 0502 4889C7   		movq	%rax, %rdi
 6784 0505 E8000000 		call	VL53L8CX_WrByte@PLT
 6784      00
 6785              		.loc 1 306 9 discriminator 1
 6786 050a 89C2     		movl	%eax, %edx
 6787 050c 0FB645EB 		movzbl	-21(%rbp), %eax
 6788 0510 09D0     		orl	%edx, %eax
 6789 0512 8845EB   		movb	%al, -21(%rbp)
 307:src/Flightlib/vl53l8cx_driver/Core/Src/vl53l8cx/vl53l8cx_api.c **** 	status |= VL53L8CX_WrByte(&(p_dev->platform), 0x103, 0x01);
 6790              		.loc 1 307 12
 6791 0515 488B45D8 		movq	-40(%rbp), %rax
 6792 0519 BA010000 		movl	$1, %edx
 6792      00
 6793 051e BE030100 		movl	$259, %esi
 6793      00
 6794 0523 4889C7   		movq	%rax, %rdi
 6795 0526 E8000000 		call	VL53L8CX_WrByte@PLT
 6795      00
 6796              		.loc 1 307 9 discriminator 1
 6797 052b 89C2     		movl	%eax, %edx
 6798 052d 0FB645EB 		movzbl	-21(%rbp), %eax
 6799 0531 09D0     		orl	%edx, %eax
 6800 0533 8845EB   		movb	%al, -21(%rbp)
 308:src/Flightlib/vl53l8cx_driver/Core/Src/vl53l8cx/vl53l8cx_api.c **** 	status |= VL53L8CX_WrByte(&(p_dev->platform), 0x400F, 0x00);
 6801              		.loc 1 308 12
 6802 0536 488B45D8 		movq	-40(%rbp), %rax
 6803 053a BA000000 		movl	$0, %edx
 6803      00
 6804 053f BE0F4000 		movl	$16399, %esi
 6804      00
 6805 0544 4889C7   		movq	%rax, %rdi
 6806 0547 E8000000 		call	VL53L8CX_WrByte@PLT
 6806      00
 6807              		.loc 1 308 9 discriminator 1
 6808 054c 89C2     		movl	%eax, %edx
 6809 054e 0FB645EB 		movzbl	-21(%rbp), %eax
 6810 0552 09D0     		orl	%edx, %eax
 6811 0554 8845EB   		movb	%al, -21(%rbp)
 309:src/Flightlib/vl53l8cx_driver/Core/Src/vl53l8cx/vl53l8cx_api.c **** 	status |= VL53L8CX_WrByte(&(p_dev->platform), 0x21A, 0x43);
 6812              		.loc 1 309 12
 6813 0557 488B45D8 		movq	-40(%rbp), %rax
 6814 055b BA430000 		movl	$67, %edx
 6814      00
 6815 0560 BE1A0200 		movl	$538, %esi
 6815      00
 6816 0565 4889C7   		movq	%rax, %rdi
 6817 0568 E8000000 		call	VL53L8CX_WrByte@PLT
 6817      00
 6818              		.loc 1 309 9 discriminator 1
 6819 056d 89C2     		movl	%eax, %edx
 6820 056f 0FB645EB 		movzbl	-21(%rbp), %eax
 6821 0573 09D0     		orl	%edx, %eax
 6822 0575 8845EB   		movb	%al, -21(%rbp)
 310:src/Flightlib/vl53l8cx_driver/Core/Src/vl53l8cx/vl53l8cx_api.c **** 	status |= VL53L8CX_WrByte(&(p_dev->platform), 0x21A, 0x03);
 6823              		.loc 1 310 12
 6824 0578 488B45D8 		movq	-40(%rbp), %rax
 6825 057c BA030000 		movl	$3, %edx
 6825      00
 6826 0581 BE1A0200 		movl	$538, %esi
 6826      00
 6827 0586 4889C7   		movq	%rax, %rdi
 6828 0589 E8000000 		call	VL53L8CX_WrByte@PLT
 6828      00
 6829              		.loc 1 310 9 discriminator 1
 6830 058e 89C2     		movl	%eax, %edx
 6831 0590 0FB645EB 		movzbl	-21(%rbp), %eax
 6832 0594 09D0     		orl	%edx, %eax
 6833 0596 8845EB   		movb	%al, -21(%rbp)
 311:src/Flightlib/vl53l8cx_driver/Core/Src/vl53l8cx/vl53l8cx_api.c **** 	status |= VL53L8CX_WrByte(&(p_dev->platform), 0x21A, 0x01);
 6834              		.loc 1 311 12
 6835 0599 488B45D8 		movq	-40(%rbp), %rax
 6836 059d BA010000 		movl	$1, %edx
 6836      00
 6837 05a2 BE1A0200 		movl	$538, %esi
 6837      00
 6838 05a7 4889C7   		movq	%rax, %rdi
 6839 05aa E8000000 		call	VL53L8CX_WrByte@PLT
 6839      00
 6840              		.loc 1 311 9 discriminator 1
 6841 05af 89C2     		movl	%eax, %edx
 6842 05b1 0FB645EB 		movzbl	-21(%rbp), %eax
 6843 05b5 09D0     		orl	%edx, %eax
 6844 05b7 8845EB   		movb	%al, -21(%rbp)
 312:src/Flightlib/vl53l8cx_driver/Core/Src/vl53l8cx/vl53l8cx_api.c **** 	status |= VL53L8CX_WrByte(&(p_dev->platform), 0x21A, 0x00);
 6845              		.loc 1 312 12
 6846 05ba 488B45D8 		movq	-40(%rbp), %rax
 6847 05be BA000000 		movl	$0, %edx
 6847      00
 6848 05c3 BE1A0200 		movl	$538, %esi
 6848      00
 6849 05c8 4889C7   		movq	%rax, %rdi
 6850 05cb E8000000 		call	VL53L8CX_WrByte@PLT
 6850      00
 6851              		.loc 1 312 9 discriminator 1
 6852 05d0 89C2     		movl	%eax, %edx
 6853 05d2 0FB645EB 		movzbl	-21(%rbp), %eax
 6854 05d6 09D0     		orl	%edx, %eax
 6855 05d8 8845EB   		movb	%al, -21(%rbp)
 313:src/Flightlib/vl53l8cx_driver/Core/Src/vl53l8cx/vl53l8cx_api.c **** 	status |= VL53L8CX_WrByte(&(p_dev->platform), 0x219, 0x00);
 6856              		.loc 1 313 12
 6857 05db 488B45D8 		movq	-40(%rbp), %rax
 6858 05df BA000000 		movl	$0, %edx
 6858      00
 6859 05e4 BE190200 		movl	$537, %esi
 6859      00
 6860 05e9 4889C7   		movq	%rax, %rdi
 6861 05ec E8000000 		call	VL53L8CX_WrByte@PLT
 6861      00
 6862              		.loc 1 313 9 discriminator 1
 6863 05f1 89C2     		movl	%eax, %edx
 6864 05f3 0FB645EB 		movzbl	-21(%rbp), %eax
 6865 05f7 09D0     		orl	%edx, %eax
 6866 05f9 8845EB   		movb	%al, -21(%rbp)
 314:src/Flightlib/vl53l8cx_driver/Core/Src/vl53l8cx/vl53l8cx_api.c **** 	status |= VL53L8CX_WrByte(&(p_dev->platform), 0x21B, 0x00);
 6867              		.loc 1 314 12
 6868 05fc 488B45D8 		movq	-40(%rbp), %rax
 6869 0600 BA000000 		movl	$0, %edx
 6869      00
 6870 0605 BE1B0200 		movl	$539, %esi
 6870      00
 6871 060a 4889C7   		movq	%rax, %rdi
 6872 060d E8000000 		call	VL53L8CX_WrByte@PLT
 6872      00
 6873              		.loc 1 314 9 discriminator 1
 6874 0612 89C2     		movl	%eax, %edx
 6875 0614 0FB645EB 		movzbl	-21(%rbp), %eax
 6876 0618 09D0     		orl	%edx, %eax
 6877 061a 8845EB   		movb	%al, -21(%rbp)
 315:src/Flightlib/vl53l8cx_driver/Core/Src/vl53l8cx/vl53l8cx_api.c **** 
 316:src/Flightlib/vl53l8cx_driver/Core/Src/vl53l8cx/vl53l8cx_api.c **** 	/* Wake up MCU */
 317:src/Flightlib/vl53l8cx_driver/Core/Src/vl53l8cx/vl53l8cx_api.c **** 	status |= VL53L8CX_WrByte(&(p_dev->platform), 0x7fff, 0x00);
 6878              		.loc 1 317 12
 6879 061d 488B45D8 		movq	-40(%rbp), %rax
 6880 0621 BA000000 		movl	$0, %edx
 6880      00
 6881 0626 BEFF7F00 		movl	$32767, %esi
 6881      00
 6882 062b 4889C7   		movq	%rax, %rdi
 6883 062e E8000000 		call	VL53L8CX_WrByte@PLT
 6883      00
 6884              		.loc 1 317 9 discriminator 1
 6885 0633 89C2     		movl	%eax, %edx
 6886 0635 0FB645EB 		movzbl	-21(%rbp), %eax
 6887 0639 09D0     		orl	%edx, %eax
 6888 063b 8845EB   		movb	%al, -21(%rbp)
 318:src/Flightlib/vl53l8cx_driver/Core/Src/vl53l8cx/vl53l8cx_api.c **** 	status |= VL53L8CX_RdByte(&(p_dev->platform), 0x7fff, &tmp);
 6889              		.loc 1 318 12
 6890 063e 488B45D8 		movq	-40(%rbp), %rax
 6891 0642 488D55EA 		leaq	-22(%rbp), %rdx
 6892 0646 BEFF7F00 		movl	$32767, %esi
 6892      00
 6893 064b 4889C7   		movq	%rax, %rdi
 6894 064e E8000000 		call	VL53L8CX_RdByte@PLT
 6894      00
 6895              		.loc 1 318 9 discriminator 1
 6896 0653 89C2     		movl	%eax, %edx
 6897 0655 0FB645EB 		movzbl	-21(%rbp), %eax
 6898 0659 09D0     		orl	%edx, %eax
 6899 065b 8845EB   		movb	%al, -21(%rbp)
 319:src/Flightlib/vl53l8cx_driver/Core/Src/vl53l8cx/vl53l8cx_api.c **** 	status |= VL53L8CX_WrByte(&(p_dev->platform), 0x7fff, 0x01);
 6900              		.loc 1 319 12
 6901 065e 488B45D8 		movq	-40(%rbp), %rax
 6902 0662 BA010000 		movl	$1, %edx
 6902      00
 6903 0667 BEFF7F00 		movl	$32767, %esi
 6903      00
 6904 066c 4889C7   		movq	%rax, %rdi
 6905 066f E8000000 		call	VL53L8CX_WrByte@PLT
 6905      00
 6906              		.loc 1 319 9 discriminator 1
 6907 0674 89C2     		movl	%eax, %edx
 6908 0676 0FB645EB 		movzbl	-21(%rbp), %eax
 6909 067a 09D0     		orl	%edx, %eax
 6910 067c 8845EB   		movb	%al, -21(%rbp)
 320:src/Flightlib/vl53l8cx_driver/Core/Src/vl53l8cx/vl53l8cx_api.c **** 
 321:src/Flightlib/vl53l8cx_driver/Core/Src/vl53l8cx/vl53l8cx_api.c **** 	/* Download FW into VL53L8CX */
 322:src/Flightlib/vl53l8cx_driver/Core/Src/vl53l8cx/vl53l8cx_api.c **** 	status |= VL53L8CX_WrByte(&(p_dev->platform), 0x7fff, 0x09);
 6911              		.loc 1 322 12
 6912 067f 488B45D8 		movq	-40(%rbp), %rax
 6913 0683 BA090000 		movl	$9, %edx
 6913      00
 6914 0688 BEFF7F00 		movl	$32767, %esi
 6914      00
 6915 068d 4889C7   		movq	%rax, %rdi
 6916 0690 E8000000 		call	VL53L8CX_WrByte@PLT
 6916      00
 6917              		.loc 1 322 9 discriminator 1
 6918 0695 89C2     		movl	%eax, %edx
 6919 0697 0FB645EB 		movzbl	-21(%rbp), %eax
 6920 069b 09D0     		orl	%edx, %eax
 6921 069d 8845EB   		movb	%al, -21(%rbp)
 323:src/Flightlib/vl53l8cx_driver/Core/Src/vl53l8cx/vl53l8cx_api.c **** 	status |= VL53L8CX_WrMulti(&(p_dev->platform),0,
 6922              		.loc 1 323 12
 6923 06a0 488B45D8 		movq	-40(%rbp), %rax
 6924 06a4 B9008000 		movl	$32768, %ecx
 6924      00
 6925 06a9 488D1500 		leaq	VL53L8CX_FIRMWARE(%rip), %rdx
 6925      000000
 6926 06b0 BE000000 		movl	$0, %esi
 6926      00
 6927 06b5 4889C7   		movq	%rax, %rdi
 6928 06b8 E8000000 		call	VL53L8CX_WrMulti@PLT
 6928      00
 6929              		.loc 1 323 9 discriminator 1
 6930 06bd 89C2     		movl	%eax, %edx
 6931 06bf 0FB645EB 		movzbl	-21(%rbp), %eax
 6932 06c3 09D0     		orl	%edx, %eax
 6933 06c5 8845EB   		movb	%al, -21(%rbp)
 324:src/Flightlib/vl53l8cx_driver/Core/Src/vl53l8cx/vl53l8cx_api.c **** 		(uint8_t*)&VL53L8CX_FIRMWARE[0],0x8000);
 325:src/Flightlib/vl53l8cx_driver/Core/Src/vl53l8cx/vl53l8cx_api.c **** 	status |= VL53L8CX_WrByte(&(p_dev->platform), 0x7fff, 0x0a);
 6934              		.loc 1 325 12
 6935 06c8 488B45D8 		movq	-40(%rbp), %rax
 6936 06cc BA0A0000 		movl	$10, %edx
 6936      00
 6937 06d1 BEFF7F00 		movl	$32767, %esi
 6937      00
 6938 06d6 4889C7   		movq	%rax, %rdi
 6939 06d9 E8000000 		call	VL53L8CX_WrByte@PLT
 6939      00
 6940              		.loc 1 325 9 discriminator 1
 6941 06de 89C2     		movl	%eax, %edx
 6942 06e0 0FB645EB 		movzbl	-21(%rbp), %eax
 6943 06e4 09D0     		orl	%edx, %eax
 6944 06e6 8845EB   		movb	%al, -21(%rbp)
 326:src/Flightlib/vl53l8cx_driver/Core/Src/vl53l8cx/vl53l8cx_api.c **** 	status |= VL53L8CX_WrMulti(&(p_dev->platform),0, (uint8_t*)&VL53L8CX_FIRMWARE[0x8000],0x8000);
 6945              		.loc 1 326 12
 6946 06e9 488B45D8 		movq	-40(%rbp), %rax
 6947 06ed B9008000 		movl	$32768, %ecx
 6947      00
 6948 06f2 488D1500 		leaq	32768+VL53L8CX_FIRMWARE(%rip), %rdx
 6948      000000
 6949 06f9 BE000000 		movl	$0, %esi
 6949      00
 6950 06fe 4889C7   		movq	%rax, %rdi
 6951 0701 E8000000 		call	VL53L8CX_WrMulti@PLT
 6951      00
 6952              		.loc 1 326 9 discriminator 1
 6953 0706 89C2     		movl	%eax, %edx
 6954 0708 0FB645EB 		movzbl	-21(%rbp), %eax
 6955 070c 09D0     		orl	%edx, %eax
 6956 070e 8845EB   		movb	%al, -21(%rbp)
 327:src/Flightlib/vl53l8cx_driver/Core/Src/vl53l8cx/vl53l8cx_api.c **** 	status |= VL53L8CX_WrByte(&(p_dev->platform), 0x7fff, 0x0b);
 6957              		.loc 1 327 12
 6958 0711 488B45D8 		movq	-40(%rbp), %rax
 6959 0715 BA0B0000 		movl	$11, %edx
 6959      00
 6960 071a BEFF7F00 		movl	$32767, %esi
 6960      00
 6961 071f 4889C7   		movq	%rax, %rdi
 6962 0722 E8000000 		call	VL53L8CX_WrByte@PLT
 6962      00
 6963              		.loc 1 327 9 discriminator 1
 6964 0727 89C2     		movl	%eax, %edx
 6965 0729 0FB645EB 		movzbl	-21(%rbp), %eax
 6966 072d 09D0     		orl	%edx, %eax
 6967 072f 8845EB   		movb	%al, -21(%rbp)
 328:src/Flightlib/vl53l8cx_driver/Core/Src/vl53l8cx/vl53l8cx_api.c **** 	status |= VL53L8CX_WrMulti(&(p_dev->platform),0,
 6968              		.loc 1 328 12
 6969 0732 488B45D8 		movq	-40(%rbp), %rax
 6970 0736 B9005000 		movl	$20480, %ecx
 6970      00
 6971 073b 488D1500 		leaq	65536+VL53L8CX_FIRMWARE(%rip), %rdx
 6971      000000
 6972 0742 BE000000 		movl	$0, %esi
 6972      00
 6973 0747 4889C7   		movq	%rax, %rdi
 6974 074a E8000000 		call	VL53L8CX_WrMulti@PLT
 6974      00
 6975              		.loc 1 328 9 discriminator 1
 6976 074f 89C2     		movl	%eax, %edx
 6977 0751 0FB645EB 		movzbl	-21(%rbp), %eax
 6978 0755 09D0     		orl	%edx, %eax
 6979 0757 8845EB   		movb	%al, -21(%rbp)
 329:src/Flightlib/vl53l8cx_driver/Core/Src/vl53l8cx/vl53l8cx_api.c **** 		(uint8_t*)&VL53L8CX_FIRMWARE[0x10000],0x5000);
 330:src/Flightlib/vl53l8cx_driver/Core/Src/vl53l8cx/vl53l8cx_api.c **** 	status |= VL53L8CX_WrByte(&(p_dev->platform), 0x7fff, 0x01);
 6980              		.loc 1 330 12
 6981 075a 488B45D8 		movq	-40(%rbp), %rax
 6982 075e BA010000 		movl	$1, %edx
 6982      00
 6983 0763 BEFF7F00 		movl	$32767, %esi
 6983      00
 6984 0768 4889C7   		movq	%rax, %rdi
 6985 076b E8000000 		call	VL53L8CX_WrByte@PLT
 6985      00
 6986              		.loc 1 330 9 discriminator 1
 6987 0770 89C2     		movl	%eax, %edx
 6988 0772 0FB645EB 		movzbl	-21(%rbp), %eax
 6989 0776 09D0     		orl	%edx, %eax
 6990 0778 8845EB   		movb	%al, -21(%rbp)
 331:src/Flightlib/vl53l8cx_driver/Core/Src/vl53l8cx/vl53l8cx_api.c **** 
 332:src/Flightlib/vl53l8cx_driver/Core/Src/vl53l8cx/vl53l8cx_api.c **** 	/* Check if FW correctly downloaded */
 333:src/Flightlib/vl53l8cx_driver/Core/Src/vl53l8cx/vl53l8cx_api.c **** 	status |= VL53L8CX_WrByte(&(p_dev->platform), 0x7fff, 0x01);
 6991              		.loc 1 333 12
 6992 077b 488B45D8 		movq	-40(%rbp), %rax
 6993 077f BA010000 		movl	$1, %edx
 6993      00
 6994 0784 BEFF7F00 		movl	$32767, %esi
 6994      00
 6995 0789 4889C7   		movq	%rax, %rdi
 6996 078c E8000000 		call	VL53L8CX_WrByte@PLT
 6996      00
 6997              		.loc 1 333 9 discriminator 1
 6998 0791 89C2     		movl	%eax, %edx
 6999 0793 0FB645EB 		movzbl	-21(%rbp), %eax
 7000 0797 09D0     		orl	%edx, %eax
 7001 0799 8845EB   		movb	%al, -21(%rbp)
 334:src/Flightlib/vl53l8cx_driver/Core/Src/vl53l8cx/vl53l8cx_api.c **** 	status |= VL53L8CX_WrByte(&(p_dev->platform), 0x06, 0x03);
 7002              		.loc 1 334 12
 7003 079c 488B45D8 		movq	-40(%rbp), %rax
 7004 07a0 BA030000 		movl	$3, %edx
 7004      00
 7005 07a5 BE060000 		movl	$6, %esi
 7005      00
 7006 07aa 4889C7   		movq	%rax, %rdi
 7007 07ad E8000000 		call	VL53L8CX_WrByte@PLT
 7007      00
 7008              		.loc 1 334 9 discriminator 1
 7009 07b2 89C2     		movl	%eax, %edx
 7010 07b4 0FB645EB 		movzbl	-21(%rbp), %eax
 7011 07b8 09D0     		orl	%edx, %eax
 7012 07ba 8845EB   		movb	%al, -21(%rbp)
 335:src/Flightlib/vl53l8cx_driver/Core/Src/vl53l8cx/vl53l8cx_api.c **** 
 336:src/Flightlib/vl53l8cx_driver/Core/Src/vl53l8cx/vl53l8cx_api.c **** 	status |= VL53L8CX_WaitMs(&(p_dev->platform), 5);
 7013              		.loc 1 336 12
 7014 07bd 488B45D8 		movq	-40(%rbp), %rax
 7015 07c1 BE050000 		movl	$5, %esi
 7015      00
 7016 07c6 4889C7   		movq	%rax, %rdi
 7017 07c9 E8000000 		call	VL53L8CX_WaitMs@PLT
 7017      00
 7018              		.loc 1 336 9 discriminator 1
 7019 07ce 89C2     		movl	%eax, %edx
 7020 07d0 0FB645EB 		movzbl	-21(%rbp), %eax
 7021 07d4 09D0     		orl	%edx, %eax
 7022 07d6 8845EB   		movb	%al, -21(%rbp)
 337:src/Flightlib/vl53l8cx_driver/Core/Src/vl53l8cx/vl53l8cx_api.c **** 	status |= VL53L8CX_WrByte(&(p_dev->platform), 0x7fff, 0x00);
 7023              		.loc 1 337 12
 7024 07d9 488B45D8 		movq	-40(%rbp), %rax
 7025 07dd BA000000 		movl	$0, %edx
 7025      00
 7026 07e2 BEFF7F00 		movl	$32767, %esi
 7026      00
 7027 07e7 4889C7   		movq	%rax, %rdi
 7028 07ea E8000000 		call	VL53L8CX_WrByte@PLT
 7028      00
 7029              		.loc 1 337 9 discriminator 1
 7030 07ef 89C2     		movl	%eax, %edx
 7031 07f1 0FB645EB 		movzbl	-21(%rbp), %eax
 7032 07f5 09D0     		orl	%edx, %eax
 7033 07f7 8845EB   		movb	%al, -21(%rbp)
 338:src/Flightlib/vl53l8cx_driver/Core/Src/vl53l8cx/vl53l8cx_api.c **** 	status |= VL53L8CX_RdByte(&(p_dev->platform), 0x7fff, &tmp);
 7034              		.loc 1 338 12
 7035 07fa 488B45D8 		movq	-40(%rbp), %rax
 7036 07fe 488D55EA 		leaq	-22(%rbp), %rdx
 7037 0802 BEFF7F00 		movl	$32767, %esi
 7037      00
 7038 0807 4889C7   		movq	%rax, %rdi
 7039 080a E8000000 		call	VL53L8CX_RdByte@PLT
 7039      00
 7040              		.loc 1 338 9 discriminator 1
 7041 080f 89C2     		movl	%eax, %edx
 7042 0811 0FB645EB 		movzbl	-21(%rbp), %eax
 7043 0815 09D0     		orl	%edx, %eax
 7044 0817 8845EB   		movb	%al, -21(%rbp)
 339:src/Flightlib/vl53l8cx_driver/Core/Src/vl53l8cx/vl53l8cx_api.c **** 	status |= VL53L8CX_WrByte(&(p_dev->platform), 0x0C, 0x01);
 7045              		.loc 1 339 12
 7046 081a 488B45D8 		movq	-40(%rbp), %rax
 7047 081e BA010000 		movl	$1, %edx
 7047      00
 7048 0823 BE0C0000 		movl	$12, %esi
 7048      00
 7049 0828 4889C7   		movq	%rax, %rdi
 7050 082b E8000000 		call	VL53L8CX_WrByte@PLT
 7050      00
 7051              		.loc 1 339 9 discriminator 1
 7052 0830 89C2     		movl	%eax, %edx
 7053 0832 0FB645EB 		movzbl	-21(%rbp), %eax
 7054 0836 09D0     		orl	%edx, %eax
 7055 0838 8845EB   		movb	%al, -21(%rbp)
 340:src/Flightlib/vl53l8cx_driver/Core/Src/vl53l8cx/vl53l8cx_api.c **** 
 341:src/Flightlib/vl53l8cx_driver/Core/Src/vl53l8cx/vl53l8cx_api.c **** 	/* Reset MCU and wait boot */
 342:src/Flightlib/vl53l8cx_driver/Core/Src/vl53l8cx/vl53l8cx_api.c **** 	status |= VL53L8CX_WrByte(&(p_dev->platform), 0x7FFF, 0x00);
 7056              		.loc 1 342 12
 7057 083b 488B45D8 		movq	-40(%rbp), %rax
 7058 083f BA000000 		movl	$0, %edx
 7058      00
 7059 0844 BEFF7F00 		movl	$32767, %esi
 7059      00
 7060 0849 4889C7   		movq	%rax, %rdi
 7061 084c E8000000 		call	VL53L8CX_WrByte@PLT
 7061      00
 7062              		.loc 1 342 9 discriminator 1
 7063 0851 89C2     		movl	%eax, %edx
 7064 0853 0FB645EB 		movzbl	-21(%rbp), %eax
 7065 0857 09D0     		orl	%edx, %eax
 7066 0859 8845EB   		movb	%al, -21(%rbp)
 343:src/Flightlib/vl53l8cx_driver/Core/Src/vl53l8cx/vl53l8cx_api.c **** 	status |= VL53L8CX_WrByte(&(p_dev->platform), 0x114, 0x00);
 7067              		.loc 1 343 12
 7068 085c 488B45D8 		movq	-40(%rbp), %rax
 7069 0860 BA000000 		movl	$0, %edx
 7069      00
 7070 0865 BE140100 		movl	$276, %esi
 7070      00
 7071 086a 4889C7   		movq	%rax, %rdi
 7072 086d E8000000 		call	VL53L8CX_WrByte@PLT
 7072      00
 7073              		.loc 1 343 9 discriminator 1
 7074 0872 89C2     		movl	%eax, %edx
 7075 0874 0FB645EB 		movzbl	-21(%rbp), %eax
 7076 0878 09D0     		orl	%edx, %eax
 7077 087a 8845EB   		movb	%al, -21(%rbp)
 344:src/Flightlib/vl53l8cx_driver/Core/Src/vl53l8cx/vl53l8cx_api.c **** 	status |= VL53L8CX_WrByte(&(p_dev->platform), 0x115, 0x00);
 7078              		.loc 1 344 12
 7079 087d 488B45D8 		movq	-40(%rbp), %rax
 7080 0881 BA000000 		movl	$0, %edx
 7080      00
 7081 0886 BE150100 		movl	$277, %esi
 7081      00
 7082 088b 4889C7   		movq	%rax, %rdi
 7083 088e E8000000 		call	VL53L8CX_WrByte@PLT
 7083      00
 7084              		.loc 1 344 9 discriminator 1
 7085 0893 89C2     		movl	%eax, %edx
 7086 0895 0FB645EB 		movzbl	-21(%rbp), %eax
 7087 0899 09D0     		orl	%edx, %eax
 7088 089b 8845EB   		movb	%al, -21(%rbp)
 345:src/Flightlib/vl53l8cx_driver/Core/Src/vl53l8cx/vl53l8cx_api.c **** 	status |= VL53L8CX_WrByte(&(p_dev->platform), 0x116, 0x42);
 7089              		.loc 1 345 12
 7090 089e 488B45D8 		movq	-40(%rbp), %rax
 7091 08a2 BA420000 		movl	$66, %edx
 7091      00
 7092 08a7 BE160100 		movl	$278, %esi
 7092      00
 7093 08ac 4889C7   		movq	%rax, %rdi
 7094 08af E8000000 		call	VL53L8CX_WrByte@PLT
 7094      00
 7095              		.loc 1 345 9 discriminator 1
 7096 08b4 89C2     		movl	%eax, %edx
 7097 08b6 0FB645EB 		movzbl	-21(%rbp), %eax
 7098 08ba 09D0     		orl	%edx, %eax
 7099 08bc 8845EB   		movb	%al, -21(%rbp)
 346:src/Flightlib/vl53l8cx_driver/Core/Src/vl53l8cx/vl53l8cx_api.c **** 	status |= VL53L8CX_WrByte(&(p_dev->platform), 0x117, 0x00);
 7100              		.loc 1 346 12
 7101 08bf 488B45D8 		movq	-40(%rbp), %rax
 7102 08c3 BA000000 		movl	$0, %edx
 7102      00
 7103 08c8 BE170100 		movl	$279, %esi
 7103      00
 7104 08cd 4889C7   		movq	%rax, %rdi
 7105 08d0 E8000000 		call	VL53L8CX_WrByte@PLT
 7105      00
 7106              		.loc 1 346 9 discriminator 1
 7107 08d5 89C2     		movl	%eax, %edx
 7108 08d7 0FB645EB 		movzbl	-21(%rbp), %eax
 7109 08db 09D0     		orl	%edx, %eax
 7110 08dd 8845EB   		movb	%al, -21(%rbp)
 347:src/Flightlib/vl53l8cx_driver/Core/Src/vl53l8cx/vl53l8cx_api.c **** 	status |= VL53L8CX_WrByte(&(p_dev->platform), 0x0B, 0x00);
 7111              		.loc 1 347 12
 7112 08e0 488B45D8 		movq	-40(%rbp), %rax
 7113 08e4 BA000000 		movl	$0, %edx
 7113      00
 7114 08e9 BE0B0000 		movl	$11, %esi
 7114      00
 7115 08ee 4889C7   		movq	%rax, %rdi
 7116 08f1 E8000000 		call	VL53L8CX_WrByte@PLT
 7116      00
 7117              		.loc 1 347 9 discriminator 1
 7118 08f6 89C2     		movl	%eax, %edx
 7119 08f8 0FB645EB 		movzbl	-21(%rbp), %eax
 7120 08fc 09D0     		orl	%edx, %eax
 7121 08fe 8845EB   		movb	%al, -21(%rbp)
 348:src/Flightlib/vl53l8cx_driver/Core/Src/vl53l8cx/vl53l8cx_api.c **** 	status |= VL53L8CX_RdByte(&(p_dev->platform), 0x7fff, &tmp);
 7122              		.loc 1 348 12
 7123 0901 488B45D8 		movq	-40(%rbp), %rax
 7124 0905 488D55EA 		leaq	-22(%rbp), %rdx
 7125 0909 BEFF7F00 		movl	$32767, %esi
 7125      00
 7126 090e 4889C7   		movq	%rax, %rdi
 7127 0911 E8000000 		call	VL53L8CX_RdByte@PLT
 7127      00
 7128              		.loc 1 348 9 discriminator 1
 7129 0916 89C2     		movl	%eax, %edx
 7130 0918 0FB645EB 		movzbl	-21(%rbp), %eax
 7131 091c 09D0     		orl	%edx, %eax
 7132 091e 8845EB   		movb	%al, -21(%rbp)
 349:src/Flightlib/vl53l8cx_driver/Core/Src/vl53l8cx/vl53l8cx_api.c **** 	status |= VL53L8CX_WrByte(&(p_dev->platform), 0x0C, 0x00);
 7133              		.loc 1 349 12
 7134 0921 488B45D8 		movq	-40(%rbp), %rax
 7135 0925 BA000000 		movl	$0, %edx
 7135      00
 7136 092a BE0C0000 		movl	$12, %esi
 7136      00
 7137 092f 4889C7   		movq	%rax, %rdi
 7138 0932 E8000000 		call	VL53L8CX_WrByte@PLT
 7138      00
 7139              		.loc 1 349 9 discriminator 1
 7140 0937 89C2     		movl	%eax, %edx
 7141 0939 0FB645EB 		movzbl	-21(%rbp), %eax
 7142 093d 09D0     		orl	%edx, %eax
 7143 093f 8845EB   		movb	%al, -21(%rbp)
 350:src/Flightlib/vl53l8cx_driver/Core/Src/vl53l8cx/vl53l8cx_api.c **** 	status |= VL53L8CX_WrByte(&(p_dev->platform), 0x0B, 0x01);
 7144              		.loc 1 350 12
 7145 0942 488B45D8 		movq	-40(%rbp), %rax
 7146 0946 BA010000 		movl	$1, %edx
 7146      00
 7147 094b BE0B0000 		movl	$11, %esi
 7147      00
 7148 0950 4889C7   		movq	%rax, %rdi
 7149 0953 E8000000 		call	VL53L8CX_WrByte@PLT
 7149      00
 7150              		.loc 1 350 9 discriminator 1
 7151 0958 89C2     		movl	%eax, %edx
 7152 095a 0FB645EB 		movzbl	-21(%rbp), %eax
 7153 095e 09D0     		orl	%edx, %eax
 7154 0960 8845EB   		movb	%al, -21(%rbp)
 351:src/Flightlib/vl53l8cx_driver/Core/Src/vl53l8cx/vl53l8cx_api.c **** 
 352:src/Flightlib/vl53l8cx_driver/Core/Src/vl53l8cx/vl53l8cx_api.c **** 	status |= _vl53l8cx_poll_for_mcu_boot(p_dev);
 7155              		.loc 1 352 12
 7156 0963 488B45D8 		movq	-40(%rbp), %rax
 7157 0967 4889C7   		movq	%rax, %rdi
 7158 096a E8000000 		call	_vl53l8cx_poll_for_mcu_boot
 7158      00
 7159              		.loc 1 352 9 discriminator 1
 7160 096f 0845EB   		orb	%al, -21(%rbp)
 353:src/Flightlib/vl53l8cx_driver/Core/Src/vl53l8cx/vl53l8cx_api.c **** 	if(status != (uint8_t)0){
 7161              		.loc 1 353 4
 7162 0972 807DEB00 		cmpb	$0, -21(%rbp)
 7163 0976 0F853A02 		jne	.L47
 7163      0000
 354:src/Flightlib/vl53l8cx_driver/Core/Src/vl53l8cx/vl53l8cx_api.c **** 		goto exit;
 355:src/Flightlib/vl53l8cx_driver/Core/Src/vl53l8cx/vl53l8cx_api.c **** 	}
 356:src/Flightlib/vl53l8cx_driver/Core/Src/vl53l8cx/vl53l8cx_api.c **** 
 357:src/Flightlib/vl53l8cx_driver/Core/Src/vl53l8cx/vl53l8cx_api.c **** 	status |= VL53L8CX_WrByte(&(p_dev->platform), 0x7fff, 0x02);
 7164              		.loc 1 357 12
 7165 097c 488B45D8 		movq	-40(%rbp), %rax
 7166 0980 BA020000 		movl	$2, %edx
 7166      00
 7167 0985 BEFF7F00 		movl	$32767, %esi
 7167      00
 7168 098a 4889C7   		movq	%rax, %rdi
 7169 098d E8000000 		call	VL53L8CX_WrByte@PLT
 7169      00
 7170              		.loc 1 357 9 discriminator 1
 7171 0992 89C2     		movl	%eax, %edx
 7172 0994 0FB645EB 		movzbl	-21(%rbp), %eax
 7173 0998 09D0     		orl	%edx, %eax
 7174 099a 8845EB   		movb	%al, -21(%rbp)
 358:src/Flightlib/vl53l8cx_driver/Core/Src/vl53l8cx/vl53l8cx_api.c **** 
 359:src/Flightlib/vl53l8cx_driver/Core/Src/vl53l8cx/vl53l8cx_api.c **** 	/* Firmware checksum */
 360:src/Flightlib/vl53l8cx_driver/Core/Src/vl53l8cx/vl53l8cx_api.c **** 	status |= VL53L8CX_RdMulti(&(p_dev->platform), (uint16_t)(0x812FFC & 0xFFFF),
 361:src/Flightlib/vl53l8cx_driver/Core/Src/vl53l8cx/vl53l8cx_api.c **** 			p_dev->temp_buffer, 4);
 7175              		.loc 1 361 9
 7176 099d 488B45D8 		movq	-40(%rbp), %rax
 7177 09a1 488D9018 		leaq	1304(%rax), %rdx
 7177      050000
 360:src/Flightlib/vl53l8cx_driver/Core/Src/vl53l8cx/vl53l8cx_api.c **** 			p_dev->temp_buffer, 4);
 7178              		.loc 1 360 12
 7179 09a8 488B45D8 		movq	-40(%rbp), %rax
 7180 09ac B9040000 		movl	$4, %ecx
 7180      00
 7181 09b1 BEFC2F00 		movl	$12284, %esi
 7181      00
 7182 09b6 4889C7   		movq	%rax, %rdi
 7183 09b9 E8000000 		call	VL53L8CX_RdMulti@PLT
 7183      00
 360:src/Flightlib/vl53l8cx_driver/Core/Src/vl53l8cx/vl53l8cx_api.c **** 			p_dev->temp_buffer, 4);
 7184              		.loc 1 360 9 discriminator 1
 7185 09be 89C2     		movl	%eax, %edx
 7186 09c0 0FB645EB 		movzbl	-21(%rbp), %eax
 7187 09c4 09D0     		orl	%edx, %eax
 7188 09c6 8845EB   		movb	%al, -21(%rbp)
 362:src/Flightlib/vl53l8cx_driver/Core/Src/vl53l8cx/vl53l8cx_api.c **** 	VL53L8CX_SwapBuffer(p_dev->temp_buffer, 4);
 7189              		.loc 1 362 27
 7190 09c9 488B45D8 		movq	-40(%rbp), %rax
 7191 09cd 48051805 		addq	$1304, %rax
 7191      0000
 7192              		.loc 1 362 2
 7193 09d3 BE040000 		movl	$4, %esi
 7193      00
 7194 09d8 4889C7   		movq	%rax, %rdi
 7195 09db E8000000 		call	VL53L8CX_SwapBuffer@PLT
 7195      00
 363:src/Flightlib/vl53l8cx_driver/Core/Src/vl53l8cx/vl53l8cx_api.c **** 	memcpy((uint8_t*)&crc_checksum, &(p_dev->temp_buffer[0]), 4);
 7196              		.loc 1 363 34
 7197 09e0 488B45D8 		movq	-40(%rbp), %rax
 7198 09e4 48051805 		addq	$1304, %rax
 7198      0000
 7199              		.loc 1 363 2
 7200 09ea 8B00     		movl	(%rax), %eax
 7201 09ec 8945F0   		movl	%eax, -16(%rbp)
 364:src/Flightlib/vl53l8cx_driver/Core/Src/vl53l8cx/vl53l8cx_api.c **** 	if (crc_checksum != (uint32_t)0xc0b6c9e)
 7202              		.loc 1 364 19
 7203 09ef 8B45F0   		movl	-16(%rbp), %eax
 7204              		.loc 1 364 5
 7205 09f2 3D9E6C0B 		cmpl	$202075294, %eax
 7205      0C
 7206 09f7 7409     		je	.L43
 365:src/Flightlib/vl53l8cx_driver/Core/Src/vl53l8cx/vl53l8cx_api.c **** 	{
 366:src/Flightlib/vl53l8cx_driver/Core/Src/vl53l8cx/vl53l8cx_api.c **** 		status |= VL53L8CX_STATUS_FW_CHECKSUM_FAIL;
 7207              		.loc 1 366 10
 7208 09f9 804DEB05 		orb	$5, -21(%rbp)
 367:src/Flightlib/vl53l8cx_driver/Core/Src/vl53l8cx/vl53l8cx_api.c **** 		goto exit;
 7209              		.loc 1 367 3
 7210 09fd E9B50100 		jmp	.L41
 7210      00
 7211              	.L43:
 368:src/Flightlib/vl53l8cx_driver/Core/Src/vl53l8cx/vl53l8cx_api.c **** 	}
 369:src/Flightlib/vl53l8cx_driver/Core/Src/vl53l8cx/vl53l8cx_api.c **** 
 370:src/Flightlib/vl53l8cx_driver/Core/Src/vl53l8cx/vl53l8cx_api.c **** 	/* Get offset NVM data and store them into the offset buffer */
 371:src/Flightlib/vl53l8cx_driver/Core/Src/vl53l8cx/vl53l8cx_api.c **** 	status |= VL53L8CX_WrMulti(&(p_dev->platform), 0x2fd8,
 7212              		.loc 1 371 12
 7213 0a02 488B45D8 		movq	-40(%rbp), %rax
 7214 0a06 B9280000 		movl	$40, %ecx
 7214      00
 7215 0a0b 488D1500 		leaq	VL53L8CX_GET_NVM_CMD(%rip), %rdx
 7215      000000
 7216 0a12 BED82F00 		movl	$12248, %esi
 7216      00
 7217 0a17 4889C7   		movq	%rax, %rdi
 7218 0a1a E8000000 		call	VL53L8CX_WrMulti@PLT
 7218      00
 7219              		.loc 1 371 9 discriminator 1
 7220 0a1f 89C2     		movl	%eax, %edx
 7221 0a21 0FB645EB 		movzbl	-21(%rbp), %eax
 7222 0a25 09D0     		orl	%edx, %eax
 7223 0a27 8845EB   		movb	%al, -21(%rbp)
 372:src/Flightlib/vl53l8cx_driver/Core/Src/vl53l8cx/vl53l8cx_api.c **** 		(uint8_t*)VL53L8CX_GET_NVM_CMD, sizeof(VL53L8CX_GET_NVM_CMD));
 373:src/Flightlib/vl53l8cx_driver/Core/Src/vl53l8cx/vl53l8cx_api.c **** 	status |= _vl53l8cx_poll_for_answer(p_dev, 4, 0,
 7224              		.loc 1 373 12
 7225 0a2a 488B45D8 		movq	-40(%rbp), %rax
 7226 0a2e 41B90200 		movl	$2, %r9d
 7226      0000
 7227 0a34 41B8FF00 		movl	$255, %r8d
 7227      0000
 7228 0a3a B9002C00 		movl	$11264, %ecx
 7228      00
 7229 0a3f BA000000 		movl	$0, %edx
 7229      00
 7230 0a44 BE040000 		movl	$4, %esi
 7230      00
 7231 0a49 4889C7   		movq	%rax, %rdi
 7232 0a4c E8000000 		call	_vl53l8cx_poll_for_answer
 7232      00
 7233              		.loc 1 373 9 discriminator 1
 7234 0a51 0845EB   		orb	%al, -21(%rbp)
 374:src/Flightlib/vl53l8cx_driver/Core/Src/vl53l8cx/vl53l8cx_api.c **** 		VL53L8CX_UI_CMD_STATUS, 0xff, 2);
 375:src/Flightlib/vl53l8cx_driver/Core/Src/vl53l8cx/vl53l8cx_api.c **** 	status |= VL53L8CX_RdMulti(&(p_dev->platform), VL53L8CX_UI_CMD_START,
 376:src/Flightlib/vl53l8cx_driver/Core/Src/vl53l8cx/vl53l8cx_api.c **** 		p_dev->temp_buffer, VL53L8CX_NVM_DATA_SIZE);
 7235              		.loc 1 376 8
 7236 0a54 488B45D8 		movq	-40(%rbp), %rax
 7237 0a58 488D9018 		leaq	1304(%rax), %rdx
 7237      050000
 375:src/Flightlib/vl53l8cx_driver/Core/Src/vl53l8cx/vl53l8cx_api.c **** 		p_dev->temp_buffer, VL53L8CX_NVM_DATA_SIZE);
 7238              		.loc 1 375 12
 7239 0a5f 488B45D8 		movq	-40(%rbp), %rax
 7240 0a63 B9EC0100 		movl	$492, %ecx
 7240      00
 7241 0a68 BE042C00 		movl	$11268, %esi
 7241      00
 7242 0a6d 4889C7   		movq	%rax, %rdi
 7243 0a70 E8000000 		call	VL53L8CX_RdMulti@PLT
 7243      00
 375:src/Flightlib/vl53l8cx_driver/Core/Src/vl53l8cx/vl53l8cx_api.c **** 		p_dev->temp_buffer, VL53L8CX_NVM_DATA_SIZE);
 7244              		.loc 1 375 9 discriminator 1
 7245 0a75 89C2     		movl	%eax, %edx
 7246 0a77 0FB645EB 		movzbl	-21(%rbp), %eax
 7247 0a7b 09D0     		orl	%edx, %eax
 7248 0a7d 8845EB   		movb	%al, -21(%rbp)
 377:src/Flightlib/vl53l8cx_driver/Core/Src/vl53l8cx/vl53l8cx_api.c **** 	(void)memcpy(p_dev->offset_data, p_dev->temp_buffer,
 7249              		.loc 1 377 40
 7250 0a80 488B45D8 		movq	-40(%rbp), %rax
 7251 0a84 488D8818 		leaq	1304(%rax), %rcx
 7251      050000
 7252              		.loc 1 377 20
 7253 0a8b 488B45D8 		movq	-40(%rbp), %rax
 7254 0a8f 4883C028 		addq	$40, %rax
 7255              		.loc 1 377 8
 7256 0a93 BAE80100 		movl	$488, %edx
 7256      00
 7257 0a98 4889CE   		movq	%rcx, %rsi
 7258 0a9b 4889C7   		movq	%rax, %rdi
 7259 0a9e E8000000 		call	memcpy@PLT
 7259      00
 378:src/Flightlib/vl53l8cx_driver/Core/Src/vl53l8cx/vl53l8cx_api.c **** 		VL53L8CX_OFFSET_BUFFER_SIZE);
 379:src/Flightlib/vl53l8cx_driver/Core/Src/vl53l8cx/vl53l8cx_api.c **** 	status |= _vl53l8cx_send_offset_data(p_dev, VL53L8CX_RESOLUTION_4X4);
 7260              		.loc 1 379 12
 7261 0aa3 488B45D8 		movq	-40(%rbp), %rax
 7262 0aa7 BE100000 		movl	$16, %esi
 7262      00
 7263 0aac 4889C7   		movq	%rax, %rdi
 7264 0aaf E8000000 		call	_vl53l8cx_send_offset_data
 7264      00
 7265              		.loc 1 379 9 discriminator 1
 7266 0ab4 0845EB   		orb	%al, -21(%rbp)
 380:src/Flightlib/vl53l8cx_driver/Core/Src/vl53l8cx/vl53l8cx_api.c **** 
 381:src/Flightlib/vl53l8cx_driver/Core/Src/vl53l8cx/vl53l8cx_api.c **** 	/* Set default Xtalk shape. Send Xtalk to sensor */
 382:src/Flightlib/vl53l8cx_driver/Core/Src/vl53l8cx/vl53l8cx_api.c **** 	(void)memcpy(p_dev->xtalk_data, (uint8_t*)VL53L8CX_DEFAULT_XTALK,
 7267              		.loc 1 382 20
 7268 0ab7 488B45D8 		movq	-40(%rbp), %rax
 7269 0abb 48051002 		addq	$528, %rax
 7269      0000
 7270              		.loc 1 382 8
 7271 0ac1 488D1500 		leaq	VL53L8CX_DEFAULT_XTALK(%rip), %rdx
 7271      000000
 7272 0ac8 B9080300 		movl	$776, %ecx
 7272      00
 7273 0acd 488B32   		movq	(%rdx), %rsi
 7274 0ad0 488930   		movq	%rsi, (%rax)
 7275 0ad3 89CE     		movl	%ecx, %esi
 7276 0ad5 4801C6   		addq	%rax, %rsi
 7277 0ad8 488D7E08 		leaq	8(%rsi), %rdi
 7278 0adc 89CE     		movl	%ecx, %esi
 7279 0ade 4801D6   		addq	%rdx, %rsi
 7280 0ae1 4883C608 		addq	$8, %rsi
 7281 0ae5 488B76F0 		movq	-16(%rsi), %rsi
 7282 0ae9 488977F0 		movq	%rsi, -16(%rdi)
 7283 0aed 488D7808 		leaq	8(%rax), %rdi
 7284 0af1 4883E7F8 		andq	$-8, %rdi
 7285 0af5 4829F8   		subq	%rdi, %rax
 7286 0af8 4829C2   		subq	%rax, %rdx
 7287 0afb 01C1     		addl	%eax, %ecx
 7288 0afd 83E1F8   		andl	$-8, %ecx
 7289 0b00 89C8     		movl	%ecx, %eax
 7290 0b02 C1E803   		shrl	$3, %eax
 7291 0b05 89C0     		movl	%eax, %eax
 7292 0b07 4889D6   		movq	%rdx, %rsi
 7293 0b0a 4889C1   		movq	%rax, %rcx
 7294 0b0d F348A5   		rep movsq
 383:src/Flightlib/vl53l8cx_driver/Core/Src/vl53l8cx/vl53l8cx_api.c **** 		VL53L8CX_XTALK_BUFFER_SIZE);
 384:src/Flightlib/vl53l8cx_driver/Core/Src/vl53l8cx/vl53l8cx_api.c **** 	status |= _vl53l8cx_send_xtalk_data(p_dev, VL53L8CX_RESOLUTION_4X4);
 7295              		.loc 1 384 12
 7296 0b10 488B45D8 		movq	-40(%rbp), %rax
 7297 0b14 BE100000 		movl	$16, %esi
 7297      00
 7298 0b19 4889C7   		movq	%rax, %rdi
 7299 0b1c E8000000 		call	_vl53l8cx_send_xtalk_data
 7299      00
 7300              		.loc 1 384 9 discriminator 1
 7301 0b21 0845EB   		orb	%al, -21(%rbp)
 385:src/Flightlib/vl53l8cx_driver/Core/Src/vl53l8cx/vl53l8cx_api.c **** 
 386:src/Flightlib/vl53l8cx_driver/Core/Src/vl53l8cx/vl53l8cx_api.c **** 	/* Send default configuration to VL53L8CX firmware */
 387:src/Flightlib/vl53l8cx_driver/Core/Src/vl53l8cx/vl53l8cx_api.c **** 	status |= VL53L8CX_WrMulti(&(p_dev->platform), 0x2c34,
 7302              		.loc 1 387 12
 7303 0b24 488B45D8 		movq	-40(%rbp), %rax
 7304 0b28 488B5018 		movq	24(%rax), %rdx
 7305 0b2c 488B45D8 		movq	-40(%rbp), %rax
 7306 0b30 B9CC0300 		movl	$972, %ecx
 7306      00
 7307 0b35 BE342C00 		movl	$11316, %esi
 7307      00
 7308 0b3a 4889C7   		movq	%rax, %rdi
 7309 0b3d E8000000 		call	VL53L8CX_WrMulti@PLT
 7309      00
 7310              		.loc 1 387 9 discriminator 1
 7311 0b42 89C2     		movl	%eax, %edx
 7312 0b44 0FB645EB 		movzbl	-21(%rbp), %eax
 7313 0b48 09D0     		orl	%edx, %eax
 7314 0b4a 8845EB   		movb	%al, -21(%rbp)
 388:src/Flightlib/vl53l8cx_driver/Core/Src/vl53l8cx/vl53l8cx_api.c **** 		p_dev->default_configuration,
 389:src/Flightlib/vl53l8cx_driver/Core/Src/vl53l8cx/vl53l8cx_api.c **** 		sizeof(VL53L8CX_DEFAULT_CONFIGURATION));
 390:src/Flightlib/vl53l8cx_driver/Core/Src/vl53l8cx/vl53l8cx_api.c **** 	status |= _vl53l8cx_poll_for_answer(p_dev, 4, 1,
 7315              		.loc 1 390 12
 7316 0b4d 488B45D8 		movq	-40(%rbp), %rax
 7317 0b51 41B90300 		movl	$3, %r9d
 7317      0000
 7318 0b57 41B8FF00 		movl	$255, %r8d
 7318      0000
 7319 0b5d B9002C00 		movl	$11264, %ecx
 7319      00
 7320 0b62 BA010000 		movl	$1, %edx
 7320      00
 7321 0b67 BE040000 		movl	$4, %esi
 7321      00
 7322 0b6c 4889C7   		movq	%rax, %rdi
 7323 0b6f E8000000 		call	_vl53l8cx_poll_for_answer
 7323      00
 7324              		.loc 1 390 9 discriminator 1
 7325 0b74 0845EB   		orb	%al, -21(%rbp)
 391:src/Flightlib/vl53l8cx_driver/Core/Src/vl53l8cx/vl53l8cx_api.c **** 		VL53L8CX_UI_CMD_STATUS, 0xff, 0x03);
 392:src/Flightlib/vl53l8cx_driver/Core/Src/vl53l8cx/vl53l8cx_api.c **** 
 393:src/Flightlib/vl53l8cx_driver/Core/Src/vl53l8cx/vl53l8cx_api.c **** 	status |= vl53l8cx_dci_write_data(p_dev, (uint8_t*)&pipe_ctrl,
 7326              		.loc 1 393 12
 7327 0b77 488D75F4 		leaq	-12(%rbp), %rsi
 7328 0b7b 488B45D8 		movq	-40(%rbp), %rax
 7329 0b7f B9040000 		movl	$4, %ecx
 7329      00
 7330 0b84 BA80DB00 		movl	$56192, %edx
 7330      00
 7331 0b89 4889C7   		movq	%rax, %rdi
 7332 0b8c E8000000 		call	vl53l8cx_dci_write_data
 7332      00
 7333              		.loc 1 393 9 discriminator 1
 7334 0b91 0845EB   		orb	%al, -21(%rbp)
 394:src/Flightlib/vl53l8cx_driver/Core/Src/vl53l8cx/vl53l8cx_api.c **** 		VL53L8CX_DCI_PIPE_CONTROL, (uint16_t)sizeof(pipe_ctrl));
 395:src/Flightlib/vl53l8cx_driver/Core/Src/vl53l8cx/vl53l8cx_api.c **** #if VL53L8CX_NB_TARGET_PER_ZONE != 1
 396:src/Flightlib/vl53l8cx_driver/Core/Src/vl53l8cx/vl53l8cx_api.c **** 	tmp = VL53L8CX_NB_TARGET_PER_ZONE;
 397:src/Flightlib/vl53l8cx_driver/Core/Src/vl53l8cx/vl53l8cx_api.c **** 	status |= vl53l8cx_dci_replace_data(p_dev, p_dev->temp_buffer,
 398:src/Flightlib/vl53l8cx_driver/Core/Src/vl53l8cx/vl53l8cx_api.c **** 		VL53L8CX_DCI_FW_NB_TARGET, 16,
 399:src/Flightlib/vl53l8cx_driver/Core/Src/vl53l8cx/vl53l8cx_api.c **** 	(uint8_t*)&tmp, 1, 0x0C);
 400:src/Flightlib/vl53l8cx_driver/Core/Src/vl53l8cx/vl53l8cx_api.c **** #endif
 401:src/Flightlib/vl53l8cx_driver/Core/Src/vl53l8cx/vl53l8cx_api.c **** 
 402:src/Flightlib/vl53l8cx_driver/Core/Src/vl53l8cx/vl53l8cx_api.c **** 	status |= vl53l8cx_dci_write_data(p_dev, (uint8_t*)&single_range,
 7335              		.loc 1 402 12
 7336 0b94 488D75EC 		leaq	-20(%rbp), %rsi
 7337 0b98 488B45D8 		movq	-40(%rbp), %rax
 7338 0b9c B9040000 		movl	$4, %ecx
 7338      00
 7339 0ba1 BA64D900 		movl	$55652, %edx
 7339      00
 7340 0ba6 4889C7   		movq	%rax, %rdi
 7341 0ba9 E8000000 		call	vl53l8cx_dci_write_data
 7341      00
 7342              		.loc 1 402 9 discriminator 1
 7343 0bae 0845EB   		orb	%al, -21(%rbp)
 7344 0bb1 EB04     		jmp	.L41
 7345              	.L46:
 282:src/Flightlib/vl53l8cx_driver/Core/Src/vl53l8cx/vl53l8cx_api.c **** 	}
 7346              		.loc 1 282 3
 7347 0bb3 90       		nop
 7348 0bb4 EB01     		jmp	.L41
 7349              	.L47:
 354:src/Flightlib/vl53l8cx_driver/Core/Src/vl53l8cx/vl53l8cx_api.c **** 	}
 7350              		.loc 1 354 3
 7351 0bb6 90       		nop
 7352              	.L41:
 403:src/Flightlib/vl53l8cx_driver/Core/Src/vl53l8cx/vl53l8cx_api.c **** 			VL53L8CX_DCI_SINGLE_RANGE,
 404:src/Flightlib/vl53l8cx_driver/Core/Src/vl53l8cx/vl53l8cx_api.c **** 			(uint16_t)sizeof(single_range));
 405:src/Flightlib/vl53l8cx_driver/Core/Src/vl53l8cx/vl53l8cx_api.c **** 
 406:src/Flightlib/vl53l8cx_driver/Core/Src/vl53l8cx/vl53l8cx_api.c **** exit:
 407:src/Flightlib/vl53l8cx_driver/Core/Src/vl53l8cx/vl53l8cx_api.c **** 	return status;
 7353              		.loc 1 407 9
 7354 0bb7 0FB645EB 		movzbl	-21(%rbp), %eax
 408:src/Flightlib/vl53l8cx_driver/Core/Src/vl53l8cx/vl53l8cx_api.c **** }
 7355              		.loc 1 408 1
 7356 0bbb 488B55F8 		movq	-8(%rbp), %rdx
 7357 0bbf 64482B14 		subq	%fs:40, %rdx
 7357      25280000 
 7357      00
 7358 0bc8 7405     		je	.L45
 7359 0bca E8000000 		call	__stack_chk_fail@PLT
 7359      00
 7360              	.L45:
 7361 0bcf C9       		leave
 7362              	.LCFI17:
 7363              		.cfi_def_cfa 7, 8
 7364 0bd0 C3       		ret
 7365              		.cfi_endproc
 7366              	.LFE11:
 7368              		.section	.text.vl53l8cx_set_i2c_address,"ax",@progbits
 7369              		.globl	vl53l8cx_set_i2c_address
 7371              	vl53l8cx_set_i2c_address:
 7372              	.LFB12:
 409:src/Flightlib/vl53l8cx_driver/Core/Src/vl53l8cx/vl53l8cx_api.c **** 
 410:src/Flightlib/vl53l8cx_driver/Core/Src/vl53l8cx/vl53l8cx_api.c **** uint8_t vl53l8cx_set_i2c_address(
 411:src/Flightlib/vl53l8cx_driver/Core/Src/vl53l8cx/vl53l8cx_api.c **** 		VL53L8CX_Configuration		*p_dev,
 412:src/Flightlib/vl53l8cx_driver/Core/Src/vl53l8cx/vl53l8cx_api.c **** 		uint16_t		        i2c_address)
 413:src/Flightlib/vl53l8cx_driver/Core/Src/vl53l8cx/vl53l8cx_api.c **** {
 7373              		.loc 1 413 1
 7374              		.cfi_startproc
 7375 0000 F30F1EFA 		endbr64
 7376 0004 55       		pushq	%rbp
 7377              	.LCFI18:
 7378              		.cfi_def_cfa_offset 16
 7379              		.cfi_offset 6, -16
 7380 0005 4889E5   		movq	%rsp, %rbp
 7381              	.LCFI19:
 7382              		.cfi_def_cfa_register 6
 7383 0008 4883EC20 		subq	$32, %rsp
 7384 000c 48897DE8 		movq	%rdi, -24(%rbp)
 7385 0010 89F0     		movl	%esi, %eax
 7386 0012 668945E4 		movw	%ax, -28(%rbp)
 414:src/Flightlib/vl53l8cx_driver/Core/Src/vl53l8cx/vl53l8cx_api.c **** 	uint8_t status = VL53L8CX_STATUS_OK;
 7387              		.loc 1 414 10
 7388 0016 C645FF00 		movb	$0, -1(%rbp)
 415:src/Flightlib/vl53l8cx_driver/Core/Src/vl53l8cx/vl53l8cx_api.c **** 
 416:src/Flightlib/vl53l8cx_driver/Core/Src/vl53l8cx/vl53l8cx_api.c **** 	status |= VL53L8CX_WrByte(&(p_dev->platform), 0x7fff, 0x00);
 7389              		.loc 1 416 12
 7390 001a 488B45E8 		movq	-24(%rbp), %rax
 7391 001e BA000000 		movl	$0, %edx
 7391      00
 7392 0023 BEFF7F00 		movl	$32767, %esi
 7392      00
 7393 0028 4889C7   		movq	%rax, %rdi
 7394 002b E8000000 		call	VL53L8CX_WrByte@PLT
 7394      00
 7395              		.loc 1 416 9 discriminator 1
 7396 0030 89C2     		movl	%eax, %edx
 7397 0032 0FB645FF 		movzbl	-1(%rbp), %eax
 7398 0036 09D0     		orl	%edx, %eax
 7399 0038 8845FF   		movb	%al, -1(%rbp)
 417:src/Flightlib/vl53l8cx_driver/Core/Src/vl53l8cx/vl53l8cx_api.c **** 	status |= VL53L8CX_WrByte(&(p_dev->platform), 0x4, (uint8_t)(i2c_address >> 1));
 7400              		.loc 1 417 53
 7401 003b 0FB745E4 		movzwl	-28(%rbp), %eax
 7402 003f 66D1E8   		shrw	%ax
 7403              		.loc 1 417 12
 7404 0042 0FB6D0   		movzbl	%al, %edx
 7405 0045 488B45E8 		movq	-24(%rbp), %rax
 7406 0049 BE040000 		movl	$4, %esi
 7406      00
 7407 004e 4889C7   		movq	%rax, %rdi
 7408 0051 E8000000 		call	VL53L8CX_WrByte@PLT
 7408      00
 7409              		.loc 1 417 9 discriminator 1
 7410 0056 89C2     		movl	%eax, %edx
 7411 0058 0FB645FF 		movzbl	-1(%rbp), %eax
 7412 005c 09D0     		orl	%edx, %eax
 7413 005e 8845FF   		movb	%al, -1(%rbp)
 418:src/Flightlib/vl53l8cx_driver/Core/Src/vl53l8cx/vl53l8cx_api.c **** 	p_dev->platform.address = i2c_address;
 7414              		.loc 1 418 26
 7415 0061 0FB745E4 		movzwl	-28(%rbp), %eax
 7416 0065 89C2     		movl	%eax, %edx
 7417 0067 488B45E8 		movq	-24(%rbp), %rax
 7418 006b 88500B   		movb	%dl, 11(%rax)
 419:src/Flightlib/vl53l8cx_driver/Core/Src/vl53l8cx/vl53l8cx_api.c **** 	status |= VL53L8CX_WrByte(&(p_dev->platform), 0x7fff, 0x02);
 7419              		.loc 1 419 12
 7420 006e 488B45E8 		movq	-24(%rbp), %rax
 7421 0072 BA020000 		movl	$2, %edx
 7421      00
 7422 0077 BEFF7F00 		movl	$32767, %esi
 7422      00
 7423 007c 4889C7   		movq	%rax, %rdi
 7424 007f E8000000 		call	VL53L8CX_WrByte@PLT
 7424      00
 7425              		.loc 1 419 9 discriminator 1
 7426 0084 89C2     		movl	%eax, %edx
 7427 0086 0FB645FF 		movzbl	-1(%rbp), %eax
 7428 008a 09D0     		orl	%edx, %eax
 7429 008c 8845FF   		movb	%al, -1(%rbp)
 420:src/Flightlib/vl53l8cx_driver/Core/Src/vl53l8cx/vl53l8cx_api.c **** 
 421:src/Flightlib/vl53l8cx_driver/Core/Src/vl53l8cx/vl53l8cx_api.c **** 	return status;
 7430              		.loc 1 421 9
 7431 008f 0FB645FF 		movzbl	-1(%rbp), %eax
 422:src/Flightlib/vl53l8cx_driver/Core/Src/vl53l8cx/vl53l8cx_api.c **** }
 7432              		.loc 1 422 1
 7433 0093 C9       		leave
 7434              	.LCFI20:
 7435              		.cfi_def_cfa 7, 8
 7436 0094 C3       		ret
 7437              		.cfi_endproc
 7438              	.LFE12:
 7440              		.section	.text.vl53l8cx_get_power_mode,"ax",@progbits
 7441              		.globl	vl53l8cx_get_power_mode
 7443              	vl53l8cx_get_power_mode:
 7444              	.LFB13:
 423:src/Flightlib/vl53l8cx_driver/Core/Src/vl53l8cx/vl53l8cx_api.c **** 
 424:src/Flightlib/vl53l8cx_driver/Core/Src/vl53l8cx/vl53l8cx_api.c **** uint8_t vl53l8cx_get_power_mode(
 425:src/Flightlib/vl53l8cx_driver/Core/Src/vl53l8cx/vl53l8cx_api.c **** 		VL53L8CX_Configuration		*p_dev,
 426:src/Flightlib/vl53l8cx_driver/Core/Src/vl53l8cx/vl53l8cx_api.c **** 		uint8_t				*p_power_mode)
 427:src/Flightlib/vl53l8cx_driver/Core/Src/vl53l8cx/vl53l8cx_api.c **** {
 7445              		.loc 1 427 1
 7446              		.cfi_startproc
 7447 0000 F30F1EFA 		endbr64
 7448 0004 55       		pushq	%rbp
 7449              	.LCFI21:
 7450              		.cfi_def_cfa_offset 16
 7451              		.cfi_offset 6, -16
 7452 0005 4889E5   		movq	%rsp, %rbp
 7453              	.LCFI22:
 7454              		.cfi_def_cfa_register 6
 7455 0008 4883EC20 		subq	$32, %rsp
 7456 000c 48897DE8 		movq	%rdi, -24(%rbp)
 7457 0010 488975E0 		movq	%rsi, -32(%rbp)
 7458              		.loc 1 427 1
 7459 0014 64488B04 		movq	%fs:40, %rax
 7459      25280000 
 7459      00
 7460 001d 488945F8 		movq	%rax, -8(%rbp)
 7461 0021 31C0     		xorl	%eax, %eax
 428:src/Flightlib/vl53l8cx_driver/Core/Src/vl53l8cx/vl53l8cx_api.c **** 	uint8_t tmp, status = VL53L8CX_STATUS_OK;
 7462              		.loc 1 428 15
 7463 0023 C645F700 		movb	$0, -9(%rbp)
 429:src/Flightlib/vl53l8cx_driver/Core/Src/vl53l8cx/vl53l8cx_api.c **** 
 430:src/Flightlib/vl53l8cx_driver/Core/Src/vl53l8cx/vl53l8cx_api.c **** 	status |= VL53L8CX_WrByte(&(p_dev->platform), 0x7FFF, 0x00);
 7464              		.loc 1 430 12
 7465 0027 488B45E8 		movq	-24(%rbp), %rax
 7466 002b BA000000 		movl	$0, %edx
 7466      00
 7467 0030 BEFF7F00 		movl	$32767, %esi
 7467      00
 7468 0035 4889C7   		movq	%rax, %rdi
 7469 0038 E8000000 		call	VL53L8CX_WrByte@PLT
 7469      00
 7470              		.loc 1 430 9 discriminator 1
 7471 003d 89C2     		movl	%eax, %edx
 7472 003f 0FB645F7 		movzbl	-9(%rbp), %eax
 7473 0043 09D0     		orl	%edx, %eax
 7474 0045 8845F7   		movb	%al, -9(%rbp)
 431:src/Flightlib/vl53l8cx_driver/Core/Src/vl53l8cx/vl53l8cx_api.c **** 	status |= VL53L8CX_RdByte(&(p_dev->platform), 0x009, &tmp);
 7475              		.loc 1 431 12
 7476 0048 488B45E8 		movq	-24(%rbp), %rax
 7477 004c 488D55F6 		leaq	-10(%rbp), %rdx
 7478 0050 BE090000 		movl	$9, %esi
 7478      00
 7479 0055 4889C7   		movq	%rax, %rdi
 7480 0058 E8000000 		call	VL53L8CX_RdByte@PLT
 7480      00
 7481              		.loc 1 431 9 discriminator 1
 7482 005d 89C2     		movl	%eax, %edx
 7483 005f 0FB645F7 		movzbl	-9(%rbp), %eax
 7484 0063 09D0     		orl	%edx, %eax
 7485 0065 8845F7   		movb	%al, -9(%rbp)
 432:src/Flightlib/vl53l8cx_driver/Core/Src/vl53l8cx/vl53l8cx_api.c **** 
 433:src/Flightlib/vl53l8cx_driver/Core/Src/vl53l8cx/vl53l8cx_api.c **** 	switch(tmp)
 7486              		.loc 1 433 2
 7487 0068 0FB645F6 		movzbl	-10(%rbp), %eax
 7488 006c 0FB6C0   		movzbl	%al, %eax
 7489 006f 83F802   		cmpl	$2, %eax
 7490 0072 740E     		je	.L51
 7491 0074 83F804   		cmpl	$4, %eax
 7492 0077 7543     		jne	.L52
 434:src/Flightlib/vl53l8cx_driver/Core/Src/vl53l8cx/vl53l8cx_api.c **** 	{
 435:src/Flightlib/vl53l8cx_driver/Core/Src/vl53l8cx/vl53l8cx_api.c **** 		case 0x4:
 436:src/Flightlib/vl53l8cx_driver/Core/Src/vl53l8cx/vl53l8cx_api.c **** 			*p_power_mode = VL53L8CX_POWER_MODE_WAKEUP;
 7493              		.loc 1 436 18
 7494 0079 488B45E0 		movq	-32(%rbp), %rax
 7495 007d C60001   		movb	$1, (%rax)
 437:src/Flightlib/vl53l8cx_driver/Core/Src/vl53l8cx/vl53l8cx_api.c **** 			break;
 7496              		.loc 1 437 4
 7497 0080 EB46     		jmp	.L53
 7498              	.L51:
 438:src/Flightlib/vl53l8cx_driver/Core/Src/vl53l8cx/vl53l8cx_api.c **** 		case 0x2:
 439:src/Flightlib/vl53l8cx_driver/Core/Src/vl53l8cx/vl53l8cx_api.c **** 			status |= VL53L8CX_RdByte(&(p_dev->platform), 0x000F, &tmp);
 7499              		.loc 1 439 14
 7500 0082 488B45E8 		movq	-24(%rbp), %rax
 7501 0086 488D55F6 		leaq	-10(%rbp), %rdx
 7502 008a BE0F0000 		movl	$15, %esi
 7502      00
 7503 008f 4889C7   		movq	%rax, %rdi
 7504 0092 E8000000 		call	VL53L8CX_RdByte@PLT
 7504      00
 7505              		.loc 1 439 11 discriminator 1
 7506 0097 89C2     		movl	%eax, %edx
 7507 0099 0FB645F7 		movzbl	-9(%rbp), %eax
 7508 009d 09D0     		orl	%edx, %eax
 7509 009f 8845F7   		movb	%al, -9(%rbp)
 440:src/Flightlib/vl53l8cx_driver/Core/Src/vl53l8cx/vl53l8cx_api.c **** 			if(tmp == 0x43)
 7510              		.loc 1 440 11
 7511 00a2 0FB645F6 		movzbl	-10(%rbp), %eax
 7512              		.loc 1 440 6
 7513 00a6 3C43     		cmpb	$67, %al
 7514 00a8 7509     		jne	.L54
 441:src/Flightlib/vl53l8cx_driver/Core/Src/vl53l8cx/vl53l8cx_api.c **** 			{
 442:src/Flightlib/vl53l8cx_driver/Core/Src/vl53l8cx/vl53l8cx_api.c **** 				*p_power_mode = VL53L8CX_POWER_MODE_DEEP_SLEEP;
 7515              		.loc 1 442 19
 7516 00aa 488B45E0 		movq	-32(%rbp), %rax
 7517 00ae C60002   		movb	$2, (%rax)
 443:src/Flightlib/vl53l8cx_driver/Core/Src/vl53l8cx/vl53l8cx_api.c **** 			}
 444:src/Flightlib/vl53l8cx_driver/Core/Src/vl53l8cx/vl53l8cx_api.c **** 			else
 445:src/Flightlib/vl53l8cx_driver/Core/Src/vl53l8cx/vl53l8cx_api.c **** 			{
 446:src/Flightlib/vl53l8cx_driver/Core/Src/vl53l8cx/vl53l8cx_api.c **** 				*p_power_mode = VL53L8CX_POWER_MODE_SLEEP;
 447:src/Flightlib/vl53l8cx_driver/Core/Src/vl53l8cx/vl53l8cx_api.c **** 			}
 448:src/Flightlib/vl53l8cx_driver/Core/Src/vl53l8cx/vl53l8cx_api.c **** 
 449:src/Flightlib/vl53l8cx_driver/Core/Src/vl53l8cx/vl53l8cx_api.c **** 			break;
 7518              		.loc 1 449 4
 7519 00b1 EB15     		jmp	.L53
 7520              	.L54:
 446:src/Flightlib/vl53l8cx_driver/Core/Src/vl53l8cx/vl53l8cx_api.c **** 			}
 7521              		.loc 1 446 19
 7522 00b3 488B45E0 		movq	-32(%rbp), %rax
 7523 00b7 C60000   		movb	$0, (%rax)
 7524              		.loc 1 449 4
 7525 00ba EB0C     		jmp	.L53
 7526              	.L52:
 450:src/Flightlib/vl53l8cx_driver/Core/Src/vl53l8cx/vl53l8cx_api.c **** 		default:
 451:src/Flightlib/vl53l8cx_driver/Core/Src/vl53l8cx/vl53l8cx_api.c **** 			*p_power_mode = 0;
 7527              		.loc 1 451 18
 7528 00bc 488B45E0 		movq	-32(%rbp), %rax
 7529 00c0 C60000   		movb	$0, (%rax)
 452:src/Flightlib/vl53l8cx_driver/Core/Src/vl53l8cx/vl53l8cx_api.c **** 			status = VL53L8CX_STATUS_ERROR;
 7530              		.loc 1 452 11
 7531 00c3 C645F7FF 		movb	$-1, -9(%rbp)
 453:src/Flightlib/vl53l8cx_driver/Core/Src/vl53l8cx/vl53l8cx_api.c **** 			break;
 7532              		.loc 1 453 4
 7533 00c7 90       		nop
 7534              	.L53:
 454:src/Flightlib/vl53l8cx_driver/Core/Src/vl53l8cx/vl53l8cx_api.c **** 	}
 455:src/Flightlib/vl53l8cx_driver/Core/Src/vl53l8cx/vl53l8cx_api.c **** 
 456:src/Flightlib/vl53l8cx_driver/Core/Src/vl53l8cx/vl53l8cx_api.c **** 	status |= VL53L8CX_WrByte(&(p_dev->platform), 0x7FFF, 0x02);
 7535              		.loc 1 456 12
 7536 00c8 488B45E8 		movq	-24(%rbp), %rax
 7537 00cc BA020000 		movl	$2, %edx
 7537      00
 7538 00d1 BEFF7F00 		movl	$32767, %esi
 7538      00
 7539 00d6 4889C7   		movq	%rax, %rdi
 7540 00d9 E8000000 		call	VL53L8CX_WrByte@PLT
 7540      00
 7541              		.loc 1 456 9 discriminator 1
 7542 00de 89C2     		movl	%eax, %edx
 7543 00e0 0FB645F7 		movzbl	-9(%rbp), %eax
 7544 00e4 09D0     		orl	%edx, %eax
 7545 00e6 8845F7   		movb	%al, -9(%rbp)
 457:src/Flightlib/vl53l8cx_driver/Core/Src/vl53l8cx/vl53l8cx_api.c **** 
 458:src/Flightlib/vl53l8cx_driver/Core/Src/vl53l8cx/vl53l8cx_api.c **** 	return status;
 7546              		.loc 1 458 9
 7547 00e9 0FB645F7 		movzbl	-9(%rbp), %eax
 459:src/Flightlib/vl53l8cx_driver/Core/Src/vl53l8cx/vl53l8cx_api.c **** }
 7548              		.loc 1 459 1
 7549 00ed 488B55F8 		movq	-8(%rbp), %rdx
 7550 00f1 64482B14 		subq	%fs:40, %rdx
 7550      25280000 
 7550      00
 7551 00fa 7405     		je	.L57
 7552 00fc E8000000 		call	__stack_chk_fail@PLT
 7552      00
 7553              	.L57:
 7554 0101 C9       		leave
 7555              	.LCFI23:
 7556              		.cfi_def_cfa 7, 8
 7557 0102 C3       		ret
 7558              		.cfi_endproc
 7559              	.LFE13:
 7561              		.section	.text.vl53l8cx_set_power_mode,"ax",@progbits
 7562              		.globl	vl53l8cx_set_power_mode
 7564              	vl53l8cx_set_power_mode:
 7565              	.LFB14:
 460:src/Flightlib/vl53l8cx_driver/Core/Src/vl53l8cx/vl53l8cx_api.c **** 
 461:src/Flightlib/vl53l8cx_driver/Core/Src/vl53l8cx/vl53l8cx_api.c **** uint8_t vl53l8cx_set_power_mode(
 462:src/Flightlib/vl53l8cx_driver/Core/Src/vl53l8cx/vl53l8cx_api.c **** 		VL53L8CX_Configuration		*p_dev,
 463:src/Flightlib/vl53l8cx_driver/Core/Src/vl53l8cx/vl53l8cx_api.c **** 		uint8_t			        power_mode)
 464:src/Flightlib/vl53l8cx_driver/Core/Src/vl53l8cx/vl53l8cx_api.c **** {
 7566              		.loc 1 464 1
 7567              		.cfi_startproc
 7568 0000 F30F1EFA 		endbr64
 7569 0004 55       		pushq	%rbp
 7570              	.LCFI24:
 7571              		.cfi_def_cfa_offset 16
 7572              		.cfi_offset 6, -16
 7573 0005 4889E5   		movq	%rsp, %rbp
 7574              	.LCFI25:
 7575              		.cfi_def_cfa_register 6
 7576 0008 4883EC20 		subq	$32, %rsp
 7577 000c 48897DE8 		movq	%rdi, -24(%rbp)
 7578 0010 89F0     		movl	%esi, %eax
 7579 0012 8845E4   		movb	%al, -28(%rbp)
 7580              		.loc 1 464 1
 7581 0015 64488B04 		movq	%fs:40, %rax
 7581      25280000 
 7581      00
 7582 001e 488945F8 		movq	%rax, -8(%rbp)
 7583 0022 31C0     		xorl	%eax, %eax
 465:src/Flightlib/vl53l8cx_driver/Core/Src/vl53l8cx/vl53l8cx_api.c **** 	uint8_t current_power_mode, stored_mode, status = VL53L8CX_STATUS_OK;
 7584              		.loc 1 465 43
 7585 0024 C645F700 		movb	$0, -9(%rbp)
 466:src/Flightlib/vl53l8cx_driver/Core/Src/vl53l8cx/vl53l8cx_api.c **** 
 467:src/Flightlib/vl53l8cx_driver/Core/Src/vl53l8cx/vl53l8cx_api.c **** 	status |= vl53l8cx_get_power_mode(p_dev, &current_power_mode);
 7586              		.loc 1 467 12
 7587 0028 488D55F5 		leaq	-11(%rbp), %rdx
 7588 002c 488B45E8 		movq	-24(%rbp), %rax
 7589 0030 4889D6   		movq	%rdx, %rsi
 7590 0033 4889C7   		movq	%rax, %rdi
 7591 0036 E8000000 		call	vl53l8cx_get_power_mode
 7591      00
 7592              		.loc 1 467 9 discriminator 1
 7593 003b 0845F7   		orb	%al, -9(%rbp)
 468:src/Flightlib/vl53l8cx_driver/Core/Src/vl53l8cx/vl53l8cx_api.c **** 	if(power_mode != current_power_mode)
 7594              		.loc 1 468 16
 7595 003e 0FB645F5 		movzbl	-11(%rbp), %eax
 7596              		.loc 1 468 4
 7597 0042 3845E4   		cmpb	%al, -28(%rbp)
 7598 0045 0F842402 		je	.L59
 7598      0000
 469:src/Flightlib/vl53l8cx_driver/Core/Src/vl53l8cx/vl53l8cx_api.c **** 	{
 470:src/Flightlib/vl53l8cx_driver/Core/Src/vl53l8cx/vl53l8cx_api.c **** 	switch(power_mode)
 7599              		.loc 1 470 2
 7600 004b 0FB645E4 		movzbl	-28(%rbp), %eax
 7601 004f 83F802   		cmpl	$2, %eax
 7602 0052 0F846001 		je	.L60
 7602      0000
 7603 0058 83F802   		cmpl	$2, %eax
 7604 005b 0F8FE601 		jg	.L61
 7604      0000
 7605 0061 85C0     		testl	%eax, %eax
 7606 0063 0F84DE00 		je	.L62
 7606      0000
 7607 0069 83F801   		cmpl	$1, %eax
 7608 006c 0F85D501 		jne	.L61
 7608      0000
 471:src/Flightlib/vl53l8cx_driver/Core/Src/vl53l8cx/vl53l8cx_api.c **** 	{
 472:src/Flightlib/vl53l8cx_driver/Core/Src/vl53l8cx/vl53l8cx_api.c **** 		case VL53L8CX_POWER_MODE_WAKEUP:
 473:src/Flightlib/vl53l8cx_driver/Core/Src/vl53l8cx/vl53l8cx_api.c **** 			status |= VL53L8CX_WrByte(&(p_dev->platform), 0x7FFF, 0x00);
 7609              		.loc 1 473 14
 7610 0072 488B45E8 		movq	-24(%rbp), %rax
 7611 0076 BA000000 		movl	$0, %edx
 7611      00
 7612 007b BEFF7F00 		movl	$32767, %esi
 7612      00
 7613 0080 4889C7   		movq	%rax, %rdi
 7614 0083 E8000000 		call	VL53L8CX_WrByte@PLT
 7614      00
 7615              		.loc 1 473 11 discriminator 1
 7616 0088 89C2     		movl	%eax, %edx
 7617 008a 0FB645F7 		movzbl	-9(%rbp), %eax
 7618 008e 09D0     		orl	%edx, %eax
 7619 0090 8845F7   		movb	%al, -9(%rbp)
 474:src/Flightlib/vl53l8cx_driver/Core/Src/vl53l8cx/vl53l8cx_api.c **** 			status |= VL53L8CX_WrByte(&(p_dev->platform), 0x09, 0x04);
 7620              		.loc 1 474 14
 7621 0093 488B45E8 		movq	-24(%rbp), %rax
 7622 0097 BA040000 		movl	$4, %edx
 7622      00
 7623 009c BE090000 		movl	$9, %esi
 7623      00
 7624 00a1 4889C7   		movq	%rax, %rdi
 7625 00a4 E8000000 		call	VL53L8CX_WrByte@PLT
 7625      00
 7626              		.loc 1 474 11 discriminator 1
 7627 00a9 89C2     		movl	%eax, %edx
 7628 00ab 0FB645F7 		movzbl	-9(%rbp), %eax
 7629 00af 09D0     		orl	%edx, %eax
 7630 00b1 8845F7   		movb	%al, -9(%rbp)
 475:src/Flightlib/vl53l8cx_driver/Core/Src/vl53l8cx/vl53l8cx_api.c **** 			status |= VL53L8CX_RdByte(&(p_dev->platform), 0x000F, &stored_mode);
 7631              		.loc 1 475 14
 7632 00b4 488B45E8 		movq	-24(%rbp), %rax
 7633 00b8 488D55F6 		leaq	-10(%rbp), %rdx
 7634 00bc BE0F0000 		movl	$15, %esi
 7634      00
 7635 00c1 4889C7   		movq	%rax, %rdi
 7636 00c4 E8000000 		call	VL53L8CX_RdByte@PLT
 7636      00
 7637              		.loc 1 475 11 discriminator 1
 7638 00c9 89C2     		movl	%eax, %edx
 7639 00cb 0FB645F7 		movzbl	-9(%rbp), %eax
 7640 00cf 09D0     		orl	%edx, %eax
 7641 00d1 8845F7   		movb	%al, -9(%rbp)
 476:src/Flightlib/vl53l8cx_driver/Core/Src/vl53l8cx/vl53l8cx_api.c **** 			if(stored_mode == 0x43) /* Only for deep sleep mode */
 7642              		.loc 1 476 19
 7643 00d4 0FB645F6 		movzbl	-10(%rbp), %eax
 7644              		.loc 1 476 6
 7645 00d8 3C43     		cmpb	$67, %al
 7646 00da 7521     		jne	.L63
 477:src/Flightlib/vl53l8cx_driver/Core/Src/vl53l8cx/vl53l8cx_api.c **** 			{
 478:src/Flightlib/vl53l8cx_driver/Core/Src/vl53l8cx/vl53l8cx_api.c **** 				status |= VL53L8CX_WrByte(&(p_dev->platform), 0x000F, 0x40);
 7647              		.loc 1 478 15
 7648 00dc 488B45E8 		movq	-24(%rbp), %rax
 7649 00e0 BA400000 		movl	$64, %edx
 7649      00
 7650 00e5 BE0F0000 		movl	$15, %esi
 7650      00
 7651 00ea 4889C7   		movq	%rax, %rdi
 7652 00ed E8000000 		call	VL53L8CX_WrByte@PLT
 7652      00
 7653              		.loc 1 478 12 discriminator 1
 7654 00f2 89C2     		movl	%eax, %edx
 7655 00f4 0FB645F7 		movzbl	-9(%rbp), %eax
 7656 00f8 09D0     		orl	%edx, %eax
 7657 00fa 8845F7   		movb	%al, -9(%rbp)
 7658              	.L63:
 479:src/Flightlib/vl53l8cx_driver/Core/Src/vl53l8cx/vl53l8cx_api.c **** 			}
 480:src/Flightlib/vl53l8cx_driver/Core/Src/vl53l8cx/vl53l8cx_api.c **** 			status |= _vl53l8cx_poll_for_answer(
 7659              		.loc 1 480 14
 7660 00fd 488B45E8 		movq	-24(%rbp), %rax
 7661 0101 41B90100 		movl	$1, %r9d
 7661      0000
 7662 0107 41B80100 		movl	$1, %r8d
 7662      0000
 7663 010d B9060000 		movl	$6, %ecx
 7663      00
 7664 0112 BA000000 		movl	$0, %edx
 7664      00
 7665 0117 BE010000 		movl	$1, %esi
 7665      00
 7666 011c 4889C7   		movq	%rax, %rdi
 7667 011f E8000000 		call	_vl53l8cx_poll_for_answer
 7667      00
 7668              		.loc 1 480 11 discriminator 1
 7669 0124 0845F7   		orb	%al, -9(%rbp)
 481:src/Flightlib/vl53l8cx_driver/Core/Src/vl53l8cx/vl53l8cx_api.c **** 						p_dev, 1, 0, 0x06, 0x01, 1);
 482:src/Flightlib/vl53l8cx_driver/Core/Src/vl53l8cx/vl53l8cx_api.c **** 			if(stored_mode == 0x43) /* Only for deep sleep mode */
 7670              		.loc 1 482 19
 7671 0127 0FB645F6 		movzbl	-10(%rbp), %eax
 7672              		.loc 1 482 6
 7673 012b 3C43     		cmpb	$67, %al
 7674 012d 0F851A01 		jne	.L68
 7674      0000
 483:src/Flightlib/vl53l8cx_driver/Core/Src/vl53l8cx/vl53l8cx_api.c **** 			{
 484:src/Flightlib/vl53l8cx_driver/Core/Src/vl53l8cx/vl53l8cx_api.c **** 				status |= vl53l8cx_init(p_dev);
 7675              		.loc 1 484 15
 7676 0133 488B45E8 		movq	-24(%rbp), %rax
 7677 0137 4889C7   		movq	%rax, %rdi
 7678 013a E8000000 		call	vl53l8cx_init
 7678      00
 7679              		.loc 1 484 12 discriminator 1
 7680 013f 0845F7   		orb	%al, -9(%rbp)
 485:src/Flightlib/vl53l8cx_driver/Core/Src/vl53l8cx/vl53l8cx_api.c **** 			}
 486:src/Flightlib/vl53l8cx_driver/Core/Src/vl53l8cx/vl53l8cx_api.c **** 			break;
 7681              		.loc 1 486 4
 7682 0142 E9060100 		jmp	.L68
 7682      00
 7683              	.L62:
 487:src/Flightlib/vl53l8cx_driver/Core/Src/vl53l8cx/vl53l8cx_api.c **** 
 488:src/Flightlib/vl53l8cx_driver/Core/Src/vl53l8cx/vl53l8cx_api.c **** 		case VL53L8CX_POWER_MODE_SLEEP:
 489:src/Flightlib/vl53l8cx_driver/Core/Src/vl53l8cx/vl53l8cx_api.c **** 			status |= VL53L8CX_WrByte(&(p_dev->platform), 0x7FFF, 0x00);
 7684              		.loc 1 489 14
 7685 0147 488B45E8 		movq	-24(%rbp), %rax
 7686 014b BA000000 		movl	$0, %edx
 7686      00
 7687 0150 BEFF7F00 		movl	$32767, %esi
 7687      00
 7688 0155 4889C7   		movq	%rax, %rdi
 7689 0158 E8000000 		call	VL53L8CX_WrByte@PLT
 7689      00
 7690              		.loc 1 489 11 discriminator 1
 7691 015d 89C2     		movl	%eax, %edx
 7692 015f 0FB645F7 		movzbl	-9(%rbp), %eax
 7693 0163 09D0     		orl	%edx, %eax
 7694 0165 8845F7   		movb	%al, -9(%rbp)
 490:src/Flightlib/vl53l8cx_driver/Core/Src/vl53l8cx/vl53l8cx_api.c **** 			status |= VL53L8CX_WrByte(&(p_dev->platform), 0x09, 0x02);
 7695              		.loc 1 490 14
 7696 0168 488B45E8 		movq	-24(%rbp), %rax
 7697 016c BA020000 		movl	$2, %edx
 7697      00
 7698 0171 BE090000 		movl	$9, %esi
 7698      00
 7699 0176 4889C7   		movq	%rax, %rdi
 7700 0179 E8000000 		call	VL53L8CX_WrByte@PLT
 7700      00
 7701              		.loc 1 490 11 discriminator 1
 7702 017e 89C2     		movl	%eax, %edx
 7703 0180 0FB645F7 		movzbl	-9(%rbp), %eax
 7704 0184 09D0     		orl	%edx, %eax
 7705 0186 8845F7   		movb	%al, -9(%rbp)
 491:src/Flightlib/vl53l8cx_driver/Core/Src/vl53l8cx/vl53l8cx_api.c **** 			status |= _vl53l8cx_poll_for_answer(
 7706              		.loc 1 491 14
 7707 0189 488B45E8 		movq	-24(%rbp), %rax
 7708 018d 41B90000 		movl	$0, %r9d
 7708      0000
 7709 0193 41B80100 		movl	$1, %r8d
 7709      0000
 7710 0199 B9060000 		movl	$6, %ecx
 7710      00
 7711 019e BA000000 		movl	$0, %edx
 7711      00
 7712 01a3 BE010000 		movl	$1, %esi
 7712      00
 7713 01a8 4889C7   		movq	%rax, %rdi
 7714 01ab E8000000 		call	_vl53l8cx_poll_for_answer
 7714      00
 7715              		.loc 1 491 11 discriminator 1
 7716 01b0 0845F7   		orb	%al, -9(%rbp)
 492:src/Flightlib/vl53l8cx_driver/Core/Src/vl53l8cx/vl53l8cx_api.c **** 						p_dev, 1, 0, 0x06, 0x01, 0);
 493:src/Flightlib/vl53l8cx_driver/Core/Src/vl53l8cx/vl53l8cx_api.c **** 			break;
 7717              		.loc 1 493 4
 7718 01b3 E9960000 		jmp	.L65
 7718      00
 7719              	.L60:
 494:src/Flightlib/vl53l8cx_driver/Core/Src/vl53l8cx/vl53l8cx_api.c **** 
 495:src/Flightlib/vl53l8cx_driver/Core/Src/vl53l8cx/vl53l8cx_api.c **** 		case VL53L8CX_POWER_MODE_DEEP_SLEEP:
 496:src/Flightlib/vl53l8cx_driver/Core/Src/vl53l8cx/vl53l8cx_api.c **** 			status |= VL53L8CX_WrByte(&(p_dev->platform), 0x7FFF, 0x00);
 7720              		.loc 1 496 14
 7721 01b8 488B45E8 		movq	-24(%rbp), %rax
 7722 01bc BA000000 		movl	$0, %edx
 7722      00
 7723 01c1 BEFF7F00 		movl	$32767, %esi
 7723      00
 7724 01c6 4889C7   		movq	%rax, %rdi
 7725 01c9 E8000000 		call	VL53L8CX_WrByte@PLT
 7725      00
 7726              		.loc 1 496 11 discriminator 1
 7727 01ce 89C2     		movl	%eax, %edx
 7728 01d0 0FB645F7 		movzbl	-9(%rbp), %eax
 7729 01d4 09D0     		orl	%edx, %eax
 7730 01d6 8845F7   		movb	%al, -9(%rbp)
 497:src/Flightlib/vl53l8cx_driver/Core/Src/vl53l8cx/vl53l8cx_api.c **** 			status |= VL53L8CX_WrByte(&(p_dev->platform), 0x09, 0x02);
 7731              		.loc 1 497 14
 7732 01d9 488B45E8 		movq	-24(%rbp), %rax
 7733 01dd BA020000 		movl	$2, %edx
 7733      00
 7734 01e2 BE090000 		movl	$9, %esi
 7734      00
 7735 01e7 4889C7   		movq	%rax, %rdi
 7736 01ea E8000000 		call	VL53L8CX_WrByte@PLT
 7736      00
 7737              		.loc 1 497 11 discriminator 1
 7738 01ef 89C2     		movl	%eax, %edx
 7739 01f1 0FB645F7 		movzbl	-9(%rbp), %eax
 7740 01f5 09D0     		orl	%edx, %eax
 7741 01f7 8845F7   		movb	%al, -9(%rbp)
 498:src/Flightlib/vl53l8cx_driver/Core/Src/vl53l8cx/vl53l8cx_api.c **** 			status |= _vl53l8cx_poll_for_answer(
 7742              		.loc 1 498 14
 7743 01fa 488B45E8 		movq	-24(%rbp), %rax
 7744 01fe 41B90000 		movl	$0, %r9d
 7744      0000
 7745 0204 41B80100 		movl	$1, %r8d
 7745      0000
 7746 020a B9060000 		movl	$6, %ecx
 7746      00
 7747 020f BA000000 		movl	$0, %edx
 7747      00
 7748 0214 BE010000 		movl	$1, %esi
 7748      00
 7749 0219 4889C7   		movq	%rax, %rdi
 7750 021c E8000000 		call	_vl53l8cx_poll_for_answer
 7750      00
 7751              		.loc 1 498 11 discriminator 1
 7752 0221 0845F7   		orb	%al, -9(%rbp)
 499:src/Flightlib/vl53l8cx_driver/Core/Src/vl53l8cx/vl53l8cx_api.c **** 					p_dev, 1, 0, 0x06, 0x01, 0);
 500:src/Flightlib/vl53l8cx_driver/Core/Src/vl53l8cx/vl53l8cx_api.c **** 			status |= VL53L8CX_WrByte(&(p_dev->platform), 0x000F, 0x43);
 7753              		.loc 1 500 14
 7754 0224 488B45E8 		movq	-24(%rbp), %rax
 7755 0228 BA430000 		movl	$67, %edx
 7755      00
 7756 022d BE0F0000 		movl	$15, %esi
 7756      00
 7757 0232 4889C7   		movq	%rax, %rdi
 7758 0235 E8000000 		call	VL53L8CX_WrByte@PLT
 7758      00
 7759              		.loc 1 500 11 discriminator 1
 7760 023a 89C2     		movl	%eax, %edx
 7761 023c 0FB645F7 		movzbl	-9(%rbp), %eax
 7762 0240 09D0     		orl	%edx, %eax
 7763 0242 8845F7   		movb	%al, -9(%rbp)
 501:src/Flightlib/vl53l8cx_driver/Core/Src/vl53l8cx/vl53l8cx_api.c **** 			break;
 7764              		.loc 1 501 4
 7765 0245 EB07     		jmp	.L65
 7766              	.L61:
 502:src/Flightlib/vl53l8cx_driver/Core/Src/vl53l8cx/vl53l8cx_api.c **** 
 503:src/Flightlib/vl53l8cx_driver/Core/Src/vl53l8cx/vl53l8cx_api.c **** 		default:
 504:src/Flightlib/vl53l8cx_driver/Core/Src/vl53l8cx/vl53l8cx_api.c **** 			status = VL53L8CX_STATUS_ERROR;
 7767              		.loc 1 504 11
 7768 0247 C645F7FF 		movb	$-1, -9(%rbp)
 505:src/Flightlib/vl53l8cx_driver/Core/Src/vl53l8cx/vl53l8cx_api.c **** 			break;
 7769              		.loc 1 505 4
 7770 024b EB01     		jmp	.L65
 7771              	.L68:
 486:src/Flightlib/vl53l8cx_driver/Core/Src/vl53l8cx/vl53l8cx_api.c **** 
 7772              		.loc 1 486 4
 7773 024d 90       		nop
 7774              	.L65:
 506:src/Flightlib/vl53l8cx_driver/Core/Src/vl53l8cx/vl53l8cx_api.c **** 		}
 507:src/Flightlib/vl53l8cx_driver/Core/Src/vl53l8cx/vl53l8cx_api.c **** 		status |= VL53L8CX_WrByte(&(p_dev->platform), 0x7FFF, 0x02);
 7775              		.loc 1 507 13
 7776 024e 488B45E8 		movq	-24(%rbp), %rax
 7777 0252 BA020000 		movl	$2, %edx
 7777      00
 7778 0257 BEFF7F00 		movl	$32767, %esi
 7778      00
 7779 025c 4889C7   		movq	%rax, %rdi
 7780 025f E8000000 		call	VL53L8CX_WrByte@PLT
 7780      00
 7781              		.loc 1 507 10 discriminator 1
 7782 0264 89C2     		movl	%eax, %edx
 7783 0266 0FB645F7 		movzbl	-9(%rbp), %eax
 7784 026a 09D0     		orl	%edx, %eax
 7785 026c 8845F7   		movb	%al, -9(%rbp)
 7786              	.L59:
 508:src/Flightlib/vl53l8cx_driver/Core/Src/vl53l8cx/vl53l8cx_api.c **** 	}
 509:src/Flightlib/vl53l8cx_driver/Core/Src/vl53l8cx/vl53l8cx_api.c **** 
 510:src/Flightlib/vl53l8cx_driver/Core/Src/vl53l8cx/vl53l8cx_api.c **** 	return status;
 7787              		.loc 1 510 9
 7788 026f 0FB645F7 		movzbl	-9(%rbp), %eax
 511:src/Flightlib/vl53l8cx_driver/Core/Src/vl53l8cx/vl53l8cx_api.c **** }
 7789              		.loc 1 511 1
 7790 0273 488B55F8 		movq	-8(%rbp), %rdx
 7791 0277 64482B14 		subq	%fs:40, %rdx
 7791      25280000 
 7791      00
 7792 0280 7405     		je	.L67
 7793 0282 E8000000 		call	__stack_chk_fail@PLT
 7793      00
 7794              	.L67:
 7795 0287 C9       		leave
 7796              	.LCFI26:
 7797              		.cfi_def_cfa 7, 8
 7798 0288 C3       		ret
 7799              		.cfi_endproc
 7800              	.LFE14:
 7802              		.section	.text.vl53l8cx_start_ranging,"ax",@progbits
 7803              		.globl	vl53l8cx_start_ranging
 7805              	vl53l8cx_start_ranging:
 7806              	.LFB15:
 512:src/Flightlib/vl53l8cx_driver/Core/Src/vl53l8cx/vl53l8cx_api.c **** 
 513:src/Flightlib/vl53l8cx_driver/Core/Src/vl53l8cx/vl53l8cx_api.c **** uint8_t vl53l8cx_start_ranging(
 514:src/Flightlib/vl53l8cx_driver/Core/Src/vl53l8cx/vl53l8cx_api.c **** 		VL53L8CX_Configuration		*p_dev)
 515:src/Flightlib/vl53l8cx_driver/Core/Src/vl53l8cx/vl53l8cx_api.c **** {
 7807              		.loc 1 515 1
 7808              		.cfi_startproc
 7809 0000 F30F1EFA 		endbr64
 7810 0004 55       		pushq	%rbp
 7811              	.LCFI27:
 7812              		.cfi_def_cfa_offset 16
 7813              		.cfi_offset 6, -16
 7814 0005 4889E5   		movq	%rsp, %rbp
 7815              	.LCFI28:
 7816              		.cfi_def_cfa_register 6
 7817 0008 4883C480 		addq	$-128, %rsp
 7818 000c 48897D88 		movq	%rdi, -120(%rbp)
 7819              		.loc 1 515 1
 7820 0010 64488B04 		movq	%fs:40, %rax
 7820      25280000 
 7820      00
 7821 0019 488945F8 		movq	%rax, -8(%rbp)
 7822 001d 31C0     		xorl	%eax, %eax
 516:src/Flightlib/vl53l8cx_driver/Core/Src/vl53l8cx/vl53l8cx_api.c **** 	uint8_t resolution, status = VL53L8CX_STATUS_OK;
 7823              		.loc 1 516 22
 7824 001f C6459900 		movb	$0, -103(%rbp)
 517:src/Flightlib/vl53l8cx_driver/Core/Src/vl53l8cx/vl53l8cx_api.c **** 	uint16_t tmp;
 518:src/Flightlib/vl53l8cx_driver/Core/Src/vl53l8cx/vl53l8cx_api.c **** 	uint32_t i;
 519:src/Flightlib/vl53l8cx_driver/Core/Src/vl53l8cx/vl53l8cx_api.c **** 	uint32_t header_config[2] = {0, 0};
 7825              		.loc 1 519 11
 7826 0023 C745A800 		movl	$0, -88(%rbp)
 7826      000000
 7827 002a C745AC00 		movl	$0, -84(%rbp)
 7827      000000
 520:src/Flightlib/vl53l8cx_driver/Core/Src/vl53l8cx/vl53l8cx_api.c **** 
 521:src/Flightlib/vl53l8cx_driver/Core/Src/vl53l8cx/vl53l8cx_api.c **** 	union Block_header *bh_ptr;
 522:src/Flightlib/vl53l8cx_driver/Core/Src/vl53l8cx/vl53l8cx_api.c **** 	uint8_t cmd[] = {0x00, 0x03, 0x00, 0x00};
 7828              		.loc 1 522 10
 7829 0031 C745F400 		movl	$768, -12(%rbp)
 7829      030000
 523:src/Flightlib/vl53l8cx_driver/Core/Src/vl53l8cx/vl53l8cx_api.c **** 
 524:src/Flightlib/vl53l8cx_driver/Core/Src/vl53l8cx/vl53l8cx_api.c **** 	status |= vl53l8cx_get_resolution(p_dev, &resolution);
 7830              		.loc 1 524 12
 7831 0038 488D5598 		leaq	-104(%rbp), %rdx
 7832 003c 488B4588 		movq	-120(%rbp), %rax
 7833 0040 4889D6   		movq	%rdx, %rsi
 7834 0043 4889C7   		movq	%rax, %rdi
 7835 0046 E8000000 		call	vl53l8cx_get_resolution
 7835      00
 7836              		.loc 1 524 9 discriminator 1
 7837 004b 084599   		orb	%al, -103(%rbp)
 525:src/Flightlib/vl53l8cx_driver/Core/Src/vl53l8cx/vl53l8cx_api.c **** 	p_dev->data_read_size = 0;
 7838              		.loc 1 525 24
 7839 004e 488B4588 		movq	-120(%rbp), %rax
 7840 0052 C7401000 		movl	$0, 16(%rax)
 7840      000000
 526:src/Flightlib/vl53l8cx_driver/Core/Src/vl53l8cx/vl53l8cx_api.c **** 	p_dev->streamcount = 255;
 7841              		.loc 1 526 21
 7842 0059 488B4588 		movq	-120(%rbp), %rax
 7843 005d C6400CFF 		movb	$-1, 12(%rax)
 527:src/Flightlib/vl53l8cx_driver/Core/Src/vl53l8cx/vl53l8cx_api.c **** 
 528:src/Flightlib/vl53l8cx_driver/Core/Src/vl53l8cx/vl53l8cx_api.c **** 	/* Enable mandatory output (meta and common data) */
 529:src/Flightlib/vl53l8cx_driver/Core/Src/vl53l8cx/vl53l8cx_api.c **** 	uint32_t output_bh_enable[] = {
 7844              		.loc 1 529 11
 7845 0061 C745B007 		movl	$7, -80(%rbp)
 7845      000000
 7846 0068 C745B400 		movl	$0, -76(%rbp)
 7846      000000
 7847 006f C745B800 		movl	$0, -72(%rbp)
 7847      000000
 7848 0076 C745BC00 		movl	$-1073741824, -68(%rbp)
 7848      0000C0
 530:src/Flightlib/vl53l8cx_driver/Core/Src/vl53l8cx/vl53l8cx_api.c **** 		0x00000007U,
 531:src/Flightlib/vl53l8cx_driver/Core/Src/vl53l8cx/vl53l8cx_api.c **** 		0x00000000U,
 532:src/Flightlib/vl53l8cx_driver/Core/Src/vl53l8cx/vl53l8cx_api.c **** 		0x00000000U,
 533:src/Flightlib/vl53l8cx_driver/Core/Src/vl53l8cx/vl53l8cx_api.c **** 		0xC0000000U};
 534:src/Flightlib/vl53l8cx_driver/Core/Src/vl53l8cx/vl53l8cx_api.c **** 
 535:src/Flightlib/vl53l8cx_driver/Core/Src/vl53l8cx/vl53l8cx_api.c **** 	/* Send addresses of possible output */
 536:src/Flightlib/vl53l8cx_driver/Core/Src/vl53l8cx/vl53l8cx_api.c **** 	uint32_t output[] ={VL53L8CX_START_BH,
 7849              		.loc 1 536 11
 7850 007d C745C00D 		movl	$13, -64(%rbp)
 7850      000000
 7851 0084 C745C4C0 		movl	$1421082816, -60(%rbp)
 7851      00B454
 7852 008b C745C840 		movl	$1421869120, -56(%rbp)
 7852      00C054
 7853 0092 C745CC04 		movl	$1422917892, -52(%rbp)
 7853      01D054
 7854 0099 C745D004 		movl	$1439695876, -48(%rbp)
 7854      04D055
 7855 00a0 C745D401 		movl	$-612105215, -44(%rbp)
 7855      0484DB
 7856 00a7 C745D804 		movl	$-607910908, -40(%rbp)
 7856      04C4DB
 7857 00ae C745DC02 		movl	$-557579262, -36(%rbp)
 7857      04C4DE
 7858 00b5 C745E002 		movl	$-549190654, -32(%rbp)
 7858      0444DF
 7859 00bc C745E401 		movl	$-532413439, -28(%rbp)
 7859      0444E0
 7860 00c3 C745E801 		movl	$-528219135, -24(%rbp)
 7860      0484E0
 7861 00ca C745ECC0 		movl	$-665319232, -20(%rbp)
 7861      0858D8
 537:src/Flightlib/vl53l8cx_driver/Core/Src/vl53l8cx/vl53l8cx_api.c **** 		VL53L8CX_METADATA_BH,
 538:src/Flightlib/vl53l8cx_driver/Core/Src/vl53l8cx/vl53l8cx_api.c **** 		VL53L8CX_COMMONDATA_BH,
 539:src/Flightlib/vl53l8cx_driver/Core/Src/vl53l8cx/vl53l8cx_api.c **** 		VL53L8CX_AMBIENT_RATE_BH,
 540:src/Flightlib/vl53l8cx_driver/Core/Src/vl53l8cx/vl53l8cx_api.c **** 		VL53L8CX_SPAD_COUNT_BH,
 541:src/Flightlib/vl53l8cx_driver/Core/Src/vl53l8cx/vl53l8cx_api.c **** 		VL53L8CX_NB_TARGET_DETECTED_BH,
 542:src/Flightlib/vl53l8cx_driver/Core/Src/vl53l8cx/vl53l8cx_api.c **** 		VL53L8CX_SIGNAL_RATE_BH,
 543:src/Flightlib/vl53l8cx_driver/Core/Src/vl53l8cx/vl53l8cx_api.c **** 		VL53L8CX_RANGE_SIGMA_MM_BH,
 544:src/Flightlib/vl53l8cx_driver/Core/Src/vl53l8cx/vl53l8cx_api.c **** 		VL53L8CX_DISTANCE_BH,
 545:src/Flightlib/vl53l8cx_driver/Core/Src/vl53l8cx/vl53l8cx_api.c **** 		VL53L8CX_REFLECTANCE_BH,
 546:src/Flightlib/vl53l8cx_driver/Core/Src/vl53l8cx/vl53l8cx_api.c **** 		VL53L8CX_TARGET_STATUS_BH,
 547:src/Flightlib/vl53l8cx_driver/Core/Src/vl53l8cx/vl53l8cx_api.c **** 		VL53L8CX_MOTION_DETECT_BH};
 548:src/Flightlib/vl53l8cx_driver/Core/Src/vl53l8cx/vl53l8cx_api.c **** 
 549:src/Flightlib/vl53l8cx_driver/Core/Src/vl53l8cx/vl53l8cx_api.c **** 	/* Enable selected outputs in the 'platform.h' file */
 550:src/Flightlib/vl53l8cx_driver/Core/Src/vl53l8cx/vl53l8cx_api.c **** #ifndef VL53L8CX_DISABLE_AMBIENT_PER_SPAD
 551:src/Flightlib/vl53l8cx_driver/Core/Src/vl53l8cx/vl53l8cx_api.c **** 	output_bh_enable[0] += (uint32_t)8;
 7862              		.loc 1 551 18
 7863 00d1 8B45B0   		movl	-80(%rbp), %eax
 7864              		.loc 1 551 22
 7865 00d4 83C008   		addl	$8, %eax
 7866 00d7 8945B0   		movl	%eax, -80(%rbp)
 552:src/Flightlib/vl53l8cx_driver/Core/Src/vl53l8cx/vl53l8cx_api.c **** #endif
 553:src/Flightlib/vl53l8cx_driver/Core/Src/vl53l8cx/vl53l8cx_api.c **** #ifndef VL53L8CX_DISABLE_NB_SPADS_ENABLED
 554:src/Flightlib/vl53l8cx_driver/Core/Src/vl53l8cx/vl53l8cx_api.c **** 	output_bh_enable[0] += (uint32_t)16;
 7867              		.loc 1 554 18
 7868 00da 8B45B0   		movl	-80(%rbp), %eax
 7869              		.loc 1 554 22
 7870 00dd 83C010   		addl	$16, %eax
 7871 00e0 8945B0   		movl	%eax, -80(%rbp)
 555:src/Flightlib/vl53l8cx_driver/Core/Src/vl53l8cx/vl53l8cx_api.c **** #endif
 556:src/Flightlib/vl53l8cx_driver/Core/Src/vl53l8cx/vl53l8cx_api.c **** #ifndef VL53L8CX_DISABLE_NB_TARGET_DETECTED
 557:src/Flightlib/vl53l8cx_driver/Core/Src/vl53l8cx/vl53l8cx_api.c **** 	output_bh_enable[0] += (uint32_t)32;
 7872              		.loc 1 557 18
 7873 00e3 8B45B0   		movl	-80(%rbp), %eax
 7874              		.loc 1 557 22
 7875 00e6 83C020   		addl	$32, %eax
 7876 00e9 8945B0   		movl	%eax, -80(%rbp)
 558:src/Flightlib/vl53l8cx_driver/Core/Src/vl53l8cx/vl53l8cx_api.c **** #endif
 559:src/Flightlib/vl53l8cx_driver/Core/Src/vl53l8cx/vl53l8cx_api.c **** #ifndef VL53L8CX_DISABLE_SIGNAL_PER_SPAD
 560:src/Flightlib/vl53l8cx_driver/Core/Src/vl53l8cx/vl53l8cx_api.c **** 	output_bh_enable[0] += (uint32_t)64;
 7877              		.loc 1 560 18
 7878 00ec 8B45B0   		movl	-80(%rbp), %eax
 7879              		.loc 1 560 22
 7880 00ef 83C040   		addl	$64, %eax
 7881 00f2 8945B0   		movl	%eax, -80(%rbp)
 561:src/Flightlib/vl53l8cx_driver/Core/Src/vl53l8cx/vl53l8cx_api.c **** #endif
 562:src/Flightlib/vl53l8cx_driver/Core/Src/vl53l8cx/vl53l8cx_api.c **** #ifndef VL53L8CX_DISABLE_RANGE_SIGMA_MM
 563:src/Flightlib/vl53l8cx_driver/Core/Src/vl53l8cx/vl53l8cx_api.c **** 	output_bh_enable[0] += (uint32_t)128;
 7882              		.loc 1 563 18
 7883 00f5 8B45B0   		movl	-80(%rbp), %eax
 7884              		.loc 1 563 22
 7885 00f8 83E880   		subl	$-128, %eax
 7886 00fb 8945B0   		movl	%eax, -80(%rbp)
 564:src/Flightlib/vl53l8cx_driver/Core/Src/vl53l8cx/vl53l8cx_api.c **** #endif
 565:src/Flightlib/vl53l8cx_driver/Core/Src/vl53l8cx/vl53l8cx_api.c **** #ifndef VL53L8CX_DISABLE_DISTANCE_MM
 566:src/Flightlib/vl53l8cx_driver/Core/Src/vl53l8cx/vl53l8cx_api.c **** 	output_bh_enable[0] += (uint32_t)256;
 7887              		.loc 1 566 18
 7888 00fe 8B45B0   		movl	-80(%rbp), %eax
 7889              		.loc 1 566 22
 7890 0101 05000100 		addl	$256, %eax
 7890      00
 7891 0106 8945B0   		movl	%eax, -80(%rbp)
 567:src/Flightlib/vl53l8cx_driver/Core/Src/vl53l8cx/vl53l8cx_api.c **** #endif
 568:src/Flightlib/vl53l8cx_driver/Core/Src/vl53l8cx/vl53l8cx_api.c **** #ifndef VL53L8CX_DISABLE_REFLECTANCE_PERCENT
 569:src/Flightlib/vl53l8cx_driver/Core/Src/vl53l8cx/vl53l8cx_api.c **** 	output_bh_enable[0] += (uint32_t)512;
 7892              		.loc 1 569 18
 7893 0109 8B45B0   		movl	-80(%rbp), %eax
 7894              		.loc 1 569 22
 7895 010c 05000200 		addl	$512, %eax
 7895      00
 7896 0111 8945B0   		movl	%eax, -80(%rbp)
 570:src/Flightlib/vl53l8cx_driver/Core/Src/vl53l8cx/vl53l8cx_api.c **** #endif
 571:src/Flightlib/vl53l8cx_driver/Core/Src/vl53l8cx/vl53l8cx_api.c **** #ifndef VL53L8CX_DISABLE_TARGET_STATUS
 572:src/Flightlib/vl53l8cx_driver/Core/Src/vl53l8cx/vl53l8cx_api.c **** 	output_bh_enable[0] += (uint32_t)1024;
 7897              		.loc 1 572 18
 7898 0114 8B45B0   		movl	-80(%rbp), %eax
 7899              		.loc 1 572 22
 7900 0117 05000400 		addl	$1024, %eax
 7900      00
 7901 011c 8945B0   		movl	%eax, -80(%rbp)
 573:src/Flightlib/vl53l8cx_driver/Core/Src/vl53l8cx/vl53l8cx_api.c **** #endif
 574:src/Flightlib/vl53l8cx_driver/Core/Src/vl53l8cx/vl53l8cx_api.c **** #ifndef VL53L8CX_DISABLE_MOTION_INDICATOR
 575:src/Flightlib/vl53l8cx_driver/Core/Src/vl53l8cx/vl53l8cx_api.c **** 	output_bh_enable[0] += (uint32_t)2048;
 7902              		.loc 1 575 18
 7903 011f 8B45B0   		movl	-80(%rbp), %eax
 7904              		.loc 1 575 22
 7905 0122 05000800 		addl	$2048, %eax
 7905      00
 7906 0127 8945B0   		movl	%eax, -80(%rbp)
 576:src/Flightlib/vl53l8cx_driver/Core/Src/vl53l8cx/vl53l8cx_api.c **** #endif
 577:src/Flightlib/vl53l8cx_driver/Core/Src/vl53l8cx/vl53l8cx_api.c **** 
 578:src/Flightlib/vl53l8cx_driver/Core/Src/vl53l8cx/vl53l8cx_api.c **** 	/* Update data size */
 579:src/Flightlib/vl53l8cx_driver/Core/Src/vl53l8cx/vl53l8cx_api.c **** 	for (i = 0; i < (uint32_t)(sizeof(output)/sizeof(uint32_t)); i++)
 7907              		.loc 1 579 9
 7908 012a C7459C00 		movl	$0, -100(%rbp)
 7908      000000
 7909              		.loc 1 579 2
 7910 0131 E92F0100 		jmp	.L70
 7910      00
 7911              	.L78:
 580:src/Flightlib/vl53l8cx_driver/Core/Src/vl53l8cx/vl53l8cx_api.c **** 	{
 581:src/Flightlib/vl53l8cx_driver/Core/Src/vl53l8cx/vl53l8cx_api.c **** 		if ((output[i] == (uint8_t)0) 
 7912              		.loc 1 581 14
 7913 0136 8B459C   		movl	-100(%rbp), %eax
 7914 0139 8B4485C0 		movl	-64(%rbp,%rax,4), %eax
 7915              		.loc 1 581 6
 7916 013d 85C0     		testl	%eax, %eax
 7917 013f 0F841B01 		je	.L83
 7917      0000
 582:src/Flightlib/vl53l8cx_driver/Core/Src/vl53l8cx/vl53l8cx_api.c ****                     || ((output_bh_enable[i/(uint32_t)32]
 7918              		.loc 1 582 44
 7919 0145 8B459C   		movl	-100(%rbp), %eax
 7920 0148 C1E805   		shrl	$5, %eax
 7921              		.loc 1 582 42
 7922 014b 89C0     		movl	%eax, %eax
 7923 014d 8B4485B0 		movl	-80(%rbp,%rax,4), %eax
 583:src/Flightlib/vl53l8cx_driver/Core/Src/vl53l8cx/vl53l8cx_api.c ****                          &((uint32_t)1 << (i%(uint32_t)32))) == (uint32_t)0))
 7924              		.loc 1 583 45
 7925 0151 8B559C   		movl	-100(%rbp), %edx
 7926 0154 83E21F   		andl	$31, %edx
 7927              		.loc 1 583 40
 7928 0157 BE010000 		movl	$1, %esi
 7928      00
 7929 015c 89D1     		movl	%edx, %ecx
 7930 015e D3E6     		sall	%cl, %esi
 7931 0160 89F2     		movl	%esi, %edx
 7932              		.loc 1 583 26
 7933 0162 21D0     		andl	%edx, %eax
 582:src/Flightlib/vl53l8cx_driver/Core/Src/vl53l8cx/vl53l8cx_api.c ****                     || ((output_bh_enable[i/(uint32_t)32]
 7934              		.loc 1 582 21
 7935 0164 85C0     		testl	%eax, %eax
 7936 0166 0F84F400 		je	.L83
 7936      0000
 584:src/Flightlib/vl53l8cx_driver/Core/Src/vl53l8cx/vl53l8cx_api.c **** 		{
 585:src/Flightlib/vl53l8cx_driver/Core/Src/vl53l8cx/vl53l8cx_api.c **** 			continue;
 586:src/Flightlib/vl53l8cx_driver/Core/Src/vl53l8cx/vl53l8cx_api.c **** 		}
 587:src/Flightlib/vl53l8cx_driver/Core/Src/vl53l8cx/vl53l8cx_api.c **** 
 588:src/Flightlib/vl53l8cx_driver/Core/Src/vl53l8cx/vl53l8cx_api.c **** 		bh_ptr = (union Block_header *)&(output[i]);
 7937              		.loc 1 588 10
 7938 016c 488D45C0 		leaq	-64(%rbp), %rax
 7939 0170 8B559C   		movl	-100(%rbp), %edx
 7940 0173 48C1E202 		salq	$2, %rdx
 7941 0177 4801D0   		addq	%rdx, %rax
 7942 017a 488945A0 		movq	%rax, -96(%rbp)
 589:src/Flightlib/vl53l8cx_driver/Core/Src/vl53l8cx/vl53l8cx_api.c **** 		if (((uint8_t)bh_ptr->type >= (uint8_t)0x1) 
 7943              		.loc 1 589 30
 7944 017e 488B45A0 		movq	-96(%rbp), %rax
 7945 0182 0FB600   		movzbl	(%rax), %eax
 7946 0185 83E00F   		andl	$15, %eax
 7947              		.loc 1 589 6
 7948 0188 84C0     		testb	%al, %al
 7949 018a 0F849F00 		je	.L74
 7949      0000
 590:src/Flightlib/vl53l8cx_driver/Core/Src/vl53l8cx/vl53l8cx_api.c ****                     && ((uint8_t)bh_ptr->type < (uint8_t)0x0d))
 7950              		.loc 1 590 40
 7951 0190 488B45A0 		movq	-96(%rbp), %rax
 7952 0194 0FB600   		movzbl	(%rax), %eax
 7953 0197 83E00F   		andl	$15, %eax
 7954              		.loc 1 590 21
 7955 019a 3C0C     		cmpb	$12, %al
 7956 019c 0F878D00 		ja	.L74
 7956      0000
 591:src/Flightlib/vl53l8cx_driver/Core/Src/vl53l8cx/vl53l8cx_api.c **** 		{
 592:src/Flightlib/vl53l8cx_driver/Core/Src/vl53l8cx/vl53l8cx_api.c **** 			if ((bh_ptr->idx >= (uint16_t)0x54d0) 
 7957              		.loc 1 592 15
 7958 01a2 488B45A0 		movq	-96(%rbp), %rax
 7959 01a6 0FB74002 		movzwl	2(%rax), %eax
 7960              		.loc 1 592 7
 7961 01aa 663DCF54 		cmpw	$21711, %ax
 7962 01ae 762F     		jbe	.L75
 593:src/Flightlib/vl53l8cx_driver/Core/Src/vl53l8cx/vl53l8cx_api.c ****                             && (bh_ptr->idx < (uint16_t)(0x54d0 + 960)))
 7963              		.loc 1 593 39
 7964 01b0 488B45A0 		movq	-96(%rbp), %rax
 7965 01b4 0FB74002 		movzwl	2(%rax), %eax
 7966              		.loc 1 593 29
 7967 01b8 663D8F58 		cmpw	$22671, %ax
 7968 01bc 7721     		ja	.L75
 594:src/Flightlib/vl53l8cx_driver/Core/Src/vl53l8cx/vl53l8cx_api.c **** 			{
 595:src/Flightlib/vl53l8cx_driver/Core/Src/vl53l8cx/vl53l8cx_api.c **** 				bh_ptr->size = resolution;
 7969              		.loc 1 595 18
 7970 01be 0FB64598 		movzbl	-104(%rbp), %eax
 7971 01c2 0FB6C0   		movzbl	%al, %eax
 7972 01c5 6625FF0F 		andw	$4095, %ax
 7973 01c9 488B55A0 		movq	-96(%rbp), %rdx
 7974 01cd C1E004   		sall	$4, %eax
 7975 01d0 89C1     		movl	%eax, %ecx
 7976 01d2 0FB702   		movzwl	(%rdx), %eax
 7977 01d5 83E00F   		andl	$15, %eax
 7978 01d8 09C8     		orl	%ecx, %eax
 7979 01da 668902   		movw	%ax, (%rdx)
 7980 01dd EB1F     		jmp	.L76
 7981              	.L75:
 596:src/Flightlib/vl53l8cx_driver/Core/Src/vl53l8cx/vl53l8cx_api.c **** 			}
 597:src/Flightlib/vl53l8cx_driver/Core/Src/vl53l8cx/vl53l8cx_api.c **** 			else
 598:src/Flightlib/vl53l8cx_driver/Core/Src/vl53l8cx/vl53l8cx_api.c **** 			{
 599:src/Flightlib/vl53l8cx_driver/Core/Src/vl53l8cx/vl53l8cx_api.c **** 				bh_ptr->size = (uint16_t)((uint16_t)resolution
 7982              		.loc 1 599 20
 7983 01df 0FB64598 		movzbl	-104(%rbp), %eax
 7984 01e3 0FB6C0   		movzbl	%al, %eax
 7985 01e6 6625FF0F 		andw	$4095, %ax
 7986              		.loc 1 599 18
 7987 01ea 488B55A0 		movq	-96(%rbp), %rdx
 7988 01ee C1E004   		sall	$4, %eax
 7989 01f1 89C1     		movl	%eax, %ecx
 7990 01f3 0FB702   		movzwl	(%rdx), %eax
 7991 01f6 83E00F   		andl	$15, %eax
 7992 01f9 09C8     		orl	%ecx, %eax
 7993 01fb 668902   		movw	%ax, (%rdx)
 7994              	.L76:
 600:src/Flightlib/vl53l8cx_driver/Core/Src/vl53l8cx/vl53l8cx_api.c ****                                   * (uint16_t)VL53L8CX_NB_TARGET_PER_ZONE);
 601:src/Flightlib/vl53l8cx_driver/Core/Src/vl53l8cx/vl53l8cx_api.c **** 			}
 602:src/Flightlib/vl53l8cx_driver/Core/Src/vl53l8cx/vl53l8cx_api.c **** 			p_dev->data_read_size += bh_ptr->type * bh_ptr->size;
 7995              		.loc 1 602 9
 7996 01fe 488B4588 		movq	-120(%rbp), %rax
 7997 0202 8B4810   		movl	16(%rax), %ecx
 7998              		.loc 1 602 35
 7999 0205 488B45A0 		movq	-96(%rbp), %rax
 8000 0209 0FB600   		movzbl	(%rax), %eax
 8001 020c 83E00F   		andl	$15, %eax
 8002 020f 0FB6D0   		movzbl	%al, %edx
 8003              		.loc 1 602 50
 8004 0212 488B45A0 		movq	-96(%rbp), %rax
 8005 0216 0FB700   		movzwl	(%rax), %eax
 8006 0219 66C1E804 		shrw	$4, %ax
 8007 021d 0FB7C0   		movzwl	%ax, %eax
 8008              		.loc 1 602 42
 8009 0220 0FAFC2   		imull	%edx, %eax
 8010              		.loc 1 602 26
 8011 0223 8D1401   		leal	(%rcx,%rax), %edx
 8012 0226 488B4588 		movq	-120(%rbp), %rax
 8013 022a 895010   		movl	%edx, 16(%rax)
 8014 022d EB1E     		jmp	.L77
 8015              	.L74:
 603:src/Flightlib/vl53l8cx_driver/Core/Src/vl53l8cx/vl53l8cx_api.c **** 		}
 604:src/Flightlib/vl53l8cx_driver/Core/Src/vl53l8cx/vl53l8cx_api.c **** 		else
 605:src/Flightlib/vl53l8cx_driver/Core/Src/vl53l8cx/vl53l8cx_api.c **** 		{
 606:src/Flightlib/vl53l8cx_driver/Core/Src/vl53l8cx/vl53l8cx_api.c **** 			p_dev->data_read_size += bh_ptr->size;
 8016              		.loc 1 606 9
 8017 022f 488B4588 		movq	-120(%rbp), %rax
 8018 0233 8B5010   		movl	16(%rax), %edx
 8019              		.loc 1 606 35
 8020 0236 488B45A0 		movq	-96(%rbp), %rax
 8021 023a 0FB700   		movzwl	(%rax), %eax
 8022 023d 66C1E804 		shrw	$4, %ax
 8023 0241 0FB7C0   		movzwl	%ax, %eax
 8024              		.loc 1 606 26
 8025 0244 01C2     		addl	%eax, %edx
 8026 0246 488B4588 		movq	-120(%rbp), %rax
 8027 024a 895010   		movl	%edx, 16(%rax)
 8028              	.L77:
 607:src/Flightlib/vl53l8cx_driver/Core/Src/vl53l8cx/vl53l8cx_api.c **** 		}
 608:src/Flightlib/vl53l8cx_driver/Core/Src/vl53l8cx/vl53l8cx_api.c **** 		p_dev->data_read_size += (uint32_t)4;
 8029              		.loc 1 608 8
 8030 024d 488B4588 		movq	-120(%rbp), %rax
 8031 0251 8B4010   		movl	16(%rax), %eax
 8032              		.loc 1 608 25
 8033 0254 8D5004   		leal	4(%rax), %edx
 8034 0257 488B4588 		movq	-120(%rbp), %rax
 8035 025b 895010   		movl	%edx, 16(%rax)
 8036 025e EB01     		jmp	.L73
 8037              	.L83:
 585:src/Flightlib/vl53l8cx_driver/Core/Src/vl53l8cx/vl53l8cx_api.c **** 		}
 8038              		.loc 1 585 4
 8039 0260 90       		nop
 8040              	.L73:
 579:src/Flightlib/vl53l8cx_driver/Core/Src/vl53l8cx/vl53l8cx_api.c **** 	{
 8041              		.loc 1 579 64 discriminator 2
 8042 0261 83459C01 		addl	$1, -100(%rbp)
 8043              	.L70:
 579:src/Flightlib/vl53l8cx_driver/Core/Src/vl53l8cx/vl53l8cx_api.c **** 	{
 8044              		.loc 1 579 16 discriminator 1
 8045 0265 837D9C0B 		cmpl	$11, -100(%rbp)
 8046 0269 0F86C7FE 		jbe	.L78
 8046      FFFF
 609:src/Flightlib/vl53l8cx_driver/Core/Src/vl53l8cx/vl53l8cx_api.c **** 	}
 610:src/Flightlib/vl53l8cx_driver/Core/Src/vl53l8cx/vl53l8cx_api.c **** 	p_dev->data_read_size += (uint32_t)24;
 8047              		.loc 1 610 7
 8048 026f 488B4588 		movq	-120(%rbp), %rax
 8049 0273 8B4010   		movl	16(%rax), %eax
 8050              		.loc 1 610 24
 8051 0276 8D5018   		leal	24(%rax), %edx
 8052 0279 488B4588 		movq	-120(%rbp), %rax
 8053 027d 895010   		movl	%edx, 16(%rax)
 611:src/Flightlib/vl53l8cx_driver/Core/Src/vl53l8cx/vl53l8cx_api.c **** 
 612:src/Flightlib/vl53l8cx_driver/Core/Src/vl53l8cx/vl53l8cx_api.c **** 	status |= vl53l8cx_dci_write_data(p_dev,
 8054              		.loc 1 612 12
 8055 0280 488D75C0 		leaq	-64(%rbp), %rsi
 8056 0284 488B4588 		movq	-120(%rbp), %rax
 8057 0288 B9300000 		movl	$48, %ecx
 8057      00
 8058 028d BA80D900 		movl	$55680, %edx
 8058      00
 8059 0292 4889C7   		movq	%rax, %rdi
 8060 0295 E8000000 		call	vl53l8cx_dci_write_data
 8060      00
 8061              		.loc 1 612 9 discriminator 1
 8062 029a 084599   		orb	%al, -103(%rbp)
 613:src/Flightlib/vl53l8cx_driver/Core/Src/vl53l8cx/vl53l8cx_api.c **** 			(uint8_t*)&(output), VL53L8CX_DCI_OUTPUT_LIST,
 614:src/Flightlib/vl53l8cx_driver/Core/Src/vl53l8cx/vl53l8cx_api.c **** 			(uint16_t)sizeof(output));
 615:src/Flightlib/vl53l8cx_driver/Core/Src/vl53l8cx/vl53l8cx_api.c **** 
 616:src/Flightlib/vl53l8cx_driver/Core/Src/vl53l8cx/vl53l8cx_api.c **** 	header_config[0] = p_dev->data_read_size;
 8063              		.loc 1 616 26
 8064 029d 488B4588 		movq	-120(%rbp), %rax
 8065 02a1 8B4010   		movl	16(%rax), %eax
 8066              		.loc 1 616 19
 8067 02a4 8945A8   		movl	%eax, -88(%rbp)
 617:src/Flightlib/vl53l8cx_driver/Core/Src/vl53l8cx/vl53l8cx_api.c **** 	header_config[1] = i + (uint32_t)1;
 8068              		.loc 1 617 23
 8069 02a7 8B459C   		movl	-100(%rbp), %eax
 8070 02aa 83C001   		addl	$1, %eax
 8071              		.loc 1 617 19
 8072 02ad 8945AC   		movl	%eax, -84(%rbp)
 618:src/Flightlib/vl53l8cx_driver/Core/Src/vl53l8cx/vl53l8cx_api.c **** 
 619:src/Flightlib/vl53l8cx_driver/Core/Src/vl53l8cx/vl53l8cx_api.c **** 	status |= vl53l8cx_dci_write_data(p_dev,
 8073              		.loc 1 619 12
 8074 02b0 488D75A8 		leaq	-88(%rbp), %rsi
 8075 02b4 488B4588 		movq	-120(%rbp), %rax
 8076 02b8 B9080000 		movl	$8, %ecx
 8076      00
 8077 02bd BA68D900 		movl	$55656, %edx
 8077      00
 8078 02c2 4889C7   		movq	%rax, %rdi
 8079 02c5 E8000000 		call	vl53l8cx_dci_write_data
 8079      00
 8080              		.loc 1 619 9 discriminator 1
 8081 02ca 084599   		orb	%al, -103(%rbp)
 620:src/Flightlib/vl53l8cx_driver/Core/Src/vl53l8cx/vl53l8cx_api.c **** 			(uint8_t*)&(header_config), VL53L8CX_DCI_OUTPUT_CONFIG,
 621:src/Flightlib/vl53l8cx_driver/Core/Src/vl53l8cx/vl53l8cx_api.c **** 			(uint16_t)sizeof(header_config));
 622:src/Flightlib/vl53l8cx_driver/Core/Src/vl53l8cx/vl53l8cx_api.c **** 
 623:src/Flightlib/vl53l8cx_driver/Core/Src/vl53l8cx/vl53l8cx_api.c **** 	status |= vl53l8cx_dci_write_data(p_dev,
 8082              		.loc 1 623 12
 8083 02cd 488D75B0 		leaq	-80(%rbp), %rsi
 8084 02d1 488B4588 		movq	-120(%rbp), %rax
 8085 02d5 B9100000 		movl	$16, %ecx
 8085      00
 8086 02da BA70D900 		movl	$55664, %edx
 8086      00
 8087 02df 4889C7   		movq	%rax, %rdi
 8088 02e2 E8000000 		call	vl53l8cx_dci_write_data
 8088      00
 8089              		.loc 1 623 9 discriminator 1
 8090 02e7 084599   		orb	%al, -103(%rbp)
 624:src/Flightlib/vl53l8cx_driver/Core/Src/vl53l8cx/vl53l8cx_api.c **** 			(uint8_t*)&(output_bh_enable), VL53L8CX_DCI_OUTPUT_ENABLES,
 625:src/Flightlib/vl53l8cx_driver/Core/Src/vl53l8cx/vl53l8cx_api.c **** 			(uint16_t)sizeof(output_bh_enable));
 626:src/Flightlib/vl53l8cx_driver/Core/Src/vl53l8cx/vl53l8cx_api.c **** 
 627:src/Flightlib/vl53l8cx_driver/Core/Src/vl53l8cx/vl53l8cx_api.c **** 	/* Start xshut bypass (interrupt mode) */
 628:src/Flightlib/vl53l8cx_driver/Core/Src/vl53l8cx/vl53l8cx_api.c **** 	status |= VL53L8CX_WrByte(&(p_dev->platform), 0x7fff, 0x00);
 8091              		.loc 1 628 12
 8092 02ea 488B4588 		movq	-120(%rbp), %rax
 8093 02ee BA000000 		movl	$0, %edx
 8093      00
 8094 02f3 BEFF7F00 		movl	$32767, %esi
 8094      00
 8095 02f8 4889C7   		movq	%rax, %rdi
 8096 02fb E8000000 		call	VL53L8CX_WrByte@PLT
 8096      00
 8097              		.loc 1 628 9 discriminator 1
 8098 0300 89C2     		movl	%eax, %edx
 8099 0302 0FB64599 		movzbl	-103(%rbp), %eax
 8100 0306 09D0     		orl	%edx, %eax
 8101 0308 884599   		movb	%al, -103(%rbp)
 629:src/Flightlib/vl53l8cx_driver/Core/Src/vl53l8cx/vl53l8cx_api.c **** 	status |= VL53L8CX_WrByte(&(p_dev->platform), 0x09, 0x05);
 8102              		.loc 1 629 12
 8103 030b 488B4588 		movq	-120(%rbp), %rax
 8104 030f BA050000 		movl	$5, %edx
 8104      00
 8105 0314 BE090000 		movl	$9, %esi
 8105      00
 8106 0319 4889C7   		movq	%rax, %rdi
 8107 031c E8000000 		call	VL53L8CX_WrByte@PLT
 8107      00
 8108              		.loc 1 629 9 discriminator 1
 8109 0321 89C2     		movl	%eax, %edx
 8110 0323 0FB64599 		movzbl	-103(%rbp), %eax
 8111 0327 09D0     		orl	%edx, %eax
 8112 0329 884599   		movb	%al, -103(%rbp)
 630:src/Flightlib/vl53l8cx_driver/Core/Src/vl53l8cx/vl53l8cx_api.c **** 	status |= VL53L8CX_WrByte(&(p_dev->platform), 0x7fff, 0x02);
 8113              		.loc 1 630 12
 8114 032c 488B4588 		movq	-120(%rbp), %rax
 8115 0330 BA020000 		movl	$2, %edx
 8115      00
 8116 0335 BEFF7F00 		movl	$32767, %esi
 8116      00
 8117 033a 4889C7   		movq	%rax, %rdi
 8118 033d E8000000 		call	VL53L8CX_WrByte@PLT
 8118      00
 8119              		.loc 1 630 9 discriminator 1
 8120 0342 89C2     		movl	%eax, %edx
 8121 0344 0FB64599 		movzbl	-103(%rbp), %eax
 8122 0348 09D0     		orl	%edx, %eax
 8123 034a 884599   		movb	%al, -103(%rbp)
 631:src/Flightlib/vl53l8cx_driver/Core/Src/vl53l8cx/vl53l8cx_api.c **** 
 632:src/Flightlib/vl53l8cx_driver/Core/Src/vl53l8cx/vl53l8cx_api.c **** 	/* Start ranging session */
 633:src/Flightlib/vl53l8cx_driver/Core/Src/vl53l8cx/vl53l8cx_api.c **** 	status |= VL53L8CX_WrMulti(&(p_dev->platform), VL53L8CX_UI_CMD_END -
 8124              		.loc 1 633 12
 8125 034d 488B4588 		movq	-120(%rbp), %rax
 8126 0351 488D55F4 		leaq	-12(%rbp), %rdx
 8127 0355 B9040000 		movl	$4, %ecx
 8127      00
 8128 035a BEFC2F00 		movl	$12284, %esi
 8128      00
 8129 035f 4889C7   		movq	%rax, %rdi
 8130 0362 E8000000 		call	VL53L8CX_WrMulti@PLT
 8130      00
 8131              		.loc 1 633 9 discriminator 1
 8132 0367 89C2     		movl	%eax, %edx
 8133 0369 0FB64599 		movzbl	-103(%rbp), %eax
 8134 036d 09D0     		orl	%edx, %eax
 8135 036f 884599   		movb	%al, -103(%rbp)
 634:src/Flightlib/vl53l8cx_driver/Core/Src/vl53l8cx/vl53l8cx_api.c **** 			(uint16_t)(4 - 1), (uint8_t*)cmd, sizeof(cmd));
 635:src/Flightlib/vl53l8cx_driver/Core/Src/vl53l8cx/vl53l8cx_api.c **** 	status |= _vl53l8cx_poll_for_answer(p_dev, 4, 1,
 8136              		.loc 1 635 12
 8137 0372 488B4588 		movq	-120(%rbp), %rax
 8138 0376 41B90300 		movl	$3, %r9d
 8138      0000
 8139 037c 41B8FF00 		movl	$255, %r8d
 8139      0000
 8140 0382 B9002C00 		movl	$11264, %ecx
 8140      00
 8141 0387 BA010000 		movl	$1, %edx
 8141      00
 8142 038c BE040000 		movl	$4, %esi
 8142      00
 8143 0391 4889C7   		movq	%rax, %rdi
 8144 0394 E8000000 		call	_vl53l8cx_poll_for_answer
 8144      00
 8145              		.loc 1 635 9 discriminator 1
 8146 0399 084599   		orb	%al, -103(%rbp)
 636:src/Flightlib/vl53l8cx_driver/Core/Src/vl53l8cx/vl53l8cx_api.c **** 			VL53L8CX_UI_CMD_STATUS, 0xff, 0x03);
 637:src/Flightlib/vl53l8cx_driver/Core/Src/vl53l8cx/vl53l8cx_api.c **** 
 638:src/Flightlib/vl53l8cx_driver/Core/Src/vl53l8cx/vl53l8cx_api.c **** 	/* Read ui range data content and compare if data size is the correct one */
 639:src/Flightlib/vl53l8cx_driver/Core/Src/vl53l8cx/vl53l8cx_api.c **** 	status |= vl53l8cx_dci_read_data(p_dev,
 640:src/Flightlib/vl53l8cx_driver/Core/Src/vl53l8cx/vl53l8cx_api.c **** 			(uint8_t*)p_dev->temp_buffer, 0x5440, 12);
 8147              		.loc 1 640 14
 8148 039c 488B4588 		movq	-120(%rbp), %rax
 8149 03a0 488DB018 		leaq	1304(%rax), %rsi
 8149      050000
 639:src/Flightlib/vl53l8cx_driver/Core/Src/vl53l8cx/vl53l8cx_api.c **** 			(uint8_t*)p_dev->temp_buffer, 0x5440, 12);
 8150              		.loc 1 639 12
 8151 03a7 488B4588 		movq	-120(%rbp), %rax
 8152 03ab B90C0000 		movl	$12, %ecx
 8152      00
 8153 03b0 BA405400 		movl	$21568, %edx
 8153      00
 8154 03b5 4889C7   		movq	%rax, %rdi
 8155 03b8 E8000000 		call	vl53l8cx_dci_read_data
 8155      00
 639:src/Flightlib/vl53l8cx_driver/Core/Src/vl53l8cx/vl53l8cx_api.c **** 			(uint8_t*)p_dev->temp_buffer, 0x5440, 12);
 8156              		.loc 1 639 9 discriminator 1
 8157 03bd 084599   		orb	%al, -103(%rbp)
 641:src/Flightlib/vl53l8cx_driver/Core/Src/vl53l8cx/vl53l8cx_api.c **** 	(void)memcpy(&tmp, &(p_dev->temp_buffer[0x8]), sizeof(tmp));
 8158              		.loc 1 641 21
 8159 03c0 488B4588 		movq	-120(%rbp), %rax
 8160 03c4 48052005 		addq	$1312, %rax
 8160      0000
 8161              		.loc 1 641 8
 8162 03ca 0FB700   		movzwl	(%rax), %eax
 8163 03cd 6689459A 		movw	%ax, -102(%rbp)
 642:src/Flightlib/vl53l8cx_driver/Core/Src/vl53l8cx/vl53l8cx_api.c **** 	if(tmp != p_dev->data_read_size)
 8164              		.loc 1 642 9
 8165 03d1 0FB7459A 		movzwl	-102(%rbp), %eax
 8166 03d5 0FB7D0   		movzwl	%ax, %edx
 8167              		.loc 1 642 17
 8168 03d8 488B4588 		movq	-120(%rbp), %rax
 8169 03dc 8B4010   		movl	16(%rax), %eax
 8170              		.loc 1 642 4
 8171 03df 39C2     		cmpl	%eax, %edx
 8172 03e1 7404     		je	.L79
 643:src/Flightlib/vl53l8cx_driver/Core/Src/vl53l8cx/vl53l8cx_api.c **** 	{
 644:src/Flightlib/vl53l8cx_driver/Core/Src/vl53l8cx/vl53l8cx_api.c **** 		status |= VL53L8CX_STATUS_ERROR;
 8173              		.loc 1 644 10
 8174 03e3 C64599FF 		movb	$-1, -103(%rbp)
 8175              	.L79:
 645:src/Flightlib/vl53l8cx_driver/Core/Src/vl53l8cx/vl53l8cx_api.c **** 	}
 646:src/Flightlib/vl53l8cx_driver/Core/Src/vl53l8cx/vl53l8cx_api.c **** 
 647:src/Flightlib/vl53l8cx_driver/Core/Src/vl53l8cx/vl53l8cx_api.c **** 	/* Ensure that there is no laser safety fault */
 648:src/Flightlib/vl53l8cx_driver/Core/Src/vl53l8cx/vl53l8cx_api.c **** 	status |= vl53l8cx_dci_read_data(p_dev,
 649:src/Flightlib/vl53l8cx_driver/Core/Src/vl53l8cx/vl53l8cx_api.c **** 			(uint8_t*)p_dev->temp_buffer, 0xE0C4, 8);
 8176              		.loc 1 649 14
 8177 03e7 488B4588 		movq	-120(%rbp), %rax
 8178 03eb 488DB018 		leaq	1304(%rax), %rsi
 8178      050000
 648:src/Flightlib/vl53l8cx_driver/Core/Src/vl53l8cx/vl53l8cx_api.c **** 			(uint8_t*)p_dev->temp_buffer, 0xE0C4, 8);
 8179              		.loc 1 648 12
 8180 03f2 488B4588 		movq	-120(%rbp), %rax
 8181 03f6 B9080000 		movl	$8, %ecx
 8181      00
 8182 03fb BAC4E000 		movl	$57540, %edx
 8182      00
 8183 0400 4889C7   		movq	%rax, %rdi
 8184 0403 E8000000 		call	vl53l8cx_dci_read_data
 8184      00
 648:src/Flightlib/vl53l8cx_driver/Core/Src/vl53l8cx/vl53l8cx_api.c **** 			(uint8_t*)p_dev->temp_buffer, 0xE0C4, 8);
 8185              		.loc 1 648 9 discriminator 1
 8186 0408 084599   		orb	%al, -103(%rbp)
 650:src/Flightlib/vl53l8cx_driver/Core/Src/vl53l8cx/vl53l8cx_api.c **** 	if((uint8_t)p_dev->temp_buffer[0x6] != (uint8_t)0)
 8187              		.loc 1 650 32
 8188 040b 488B4588 		movq	-120(%rbp), %rax
 8189 040f 0FB6801E 		movzbl	1310(%rax), %eax
 8189      050000
 8190              		.loc 1 650 4
 8191 0416 84C0     		testb	%al, %al
 8192 0418 7404     		je	.L80
 651:src/Flightlib/vl53l8cx_driver/Core/Src/vl53l8cx/vl53l8cx_api.c **** 	{
 652:src/Flightlib/vl53l8cx_driver/Core/Src/vl53l8cx/vl53l8cx_api.c **** 		status |= VL53L8CX_STATUS_LASER_SAFETY;
 8193              		.loc 1 652 10
 8194 041a 804D9903 		orb	$3, -103(%rbp)
 8195              	.L80:
 653:src/Flightlib/vl53l8cx_driver/Core/Src/vl53l8cx/vl53l8cx_api.c **** 	}
 654:src/Flightlib/vl53l8cx_driver/Core/Src/vl53l8cx/vl53l8cx_api.c **** 
 655:src/Flightlib/vl53l8cx_driver/Core/Src/vl53l8cx/vl53l8cx_api.c **** 	return status;
 8196              		.loc 1 655 9
 8197 041e 0FB64599 		movzbl	-103(%rbp), %eax
 656:src/Flightlib/vl53l8cx_driver/Core/Src/vl53l8cx/vl53l8cx_api.c **** }
 8198              		.loc 1 656 1
 8199 0422 488B55F8 		movq	-8(%rbp), %rdx
 8200 0426 64482B14 		subq	%fs:40, %rdx
 8200      25280000 
 8200      00
 8201 042f 7405     		je	.L82
 8202 0431 E8000000 		call	__stack_chk_fail@PLT
 8202      00
 8203              	.L82:
 8204 0436 C9       		leave
 8205              	.LCFI29:
 8206              		.cfi_def_cfa 7, 8
 8207 0437 C3       		ret
 8208              		.cfi_endproc
 8209              	.LFE15:
 8211              		.section	.text.vl53l8cx_stop_ranging,"ax",@progbits
 8212              		.globl	vl53l8cx_stop_ranging
 8214              	vl53l8cx_stop_ranging:
 8215              	.LFB16:
 657:src/Flightlib/vl53l8cx_driver/Core/Src/vl53l8cx/vl53l8cx_api.c **** 
 658:src/Flightlib/vl53l8cx_driver/Core/Src/vl53l8cx/vl53l8cx_api.c **** uint8_t vl53l8cx_stop_ranging(
 659:src/Flightlib/vl53l8cx_driver/Core/Src/vl53l8cx/vl53l8cx_api.c **** 		VL53L8CX_Configuration		*p_dev)
 660:src/Flightlib/vl53l8cx_driver/Core/Src/vl53l8cx/vl53l8cx_api.c **** {
 8216              		.loc 1 660 1
 8217              		.cfi_startproc
 8218 0000 F30F1EFA 		endbr64
 8219 0004 55       		pushq	%rbp
 8220              	.LCFI30:
 8221              		.cfi_def_cfa_offset 16
 8222              		.cfi_offset 6, -16
 8223 0005 4889E5   		movq	%rsp, %rbp
 8224              	.LCFI31:
 8225              		.cfi_def_cfa_register 6
 8226 0008 4883EC20 		subq	$32, %rsp
 8227 000c 48897DE8 		movq	%rdi, -24(%rbp)
 8228              		.loc 1 660 1
 8229 0010 64488B04 		movq	%fs:40, %rax
 8229      25280000 
 8229      00
 8230 0019 488945F8 		movq	%rax, -8(%rbp)
 8231 001d 31C0     		xorl	%eax, %eax
 661:src/Flightlib/vl53l8cx_driver/Core/Src/vl53l8cx/vl53l8cx_api.c **** 	uint8_t tmp = 0, status = VL53L8CX_STATUS_OK;
 8232              		.loc 1 661 10
 8233 001f C645F000 		movb	$0, -16(%rbp)
 8234              		.loc 1 661 19
 8235 0023 C645F100 		movb	$0, -15(%rbp)
 662:src/Flightlib/vl53l8cx_driver/Core/Src/vl53l8cx/vl53l8cx_api.c **** 	uint16_t timeout = 0;
 8236              		.loc 1 662 11
 8237 0027 66C745F2 		movw	$0, -14(%rbp)
 8237      0000
 663:src/Flightlib/vl53l8cx_driver/Core/Src/vl53l8cx/vl53l8cx_api.c **** 	uint32_t auto_stop_flag = 0;
 8238              		.loc 1 663 11
 8239 002d C745F400 		movl	$0, -12(%rbp)
 8239      000000
 664:src/Flightlib/vl53l8cx_driver/Core/Src/vl53l8cx/vl53l8cx_api.c **** 
 665:src/Flightlib/vl53l8cx_driver/Core/Src/vl53l8cx/vl53l8cx_api.c **** 	status |= VL53L8CX_RdMulti(&(p_dev->platform),
 8240              		.loc 1 665 12
 8241 0034 488B45E8 		movq	-24(%rbp), %rax
 8242 0038 488D55F4 		leaq	-12(%rbp), %rdx
 8243 003c B9040000 		movl	$4, %ecx
 8243      00
 8244 0041 BEFC2F00 		movl	$12284, %esi
 8244      00
 8245 0046 4889C7   		movq	%rax, %rdi
 8246 0049 E8000000 		call	VL53L8CX_RdMulti@PLT
 8246      00
 8247              		.loc 1 665 9 discriminator 1
 8248 004e 89C2     		movl	%eax, %edx
 8249 0050 0FB645F1 		movzbl	-15(%rbp), %eax
 8250 0054 09D0     		orl	%edx, %eax
 8251 0056 8845F1   		movb	%al, -15(%rbp)
 666:src/Flightlib/vl53l8cx_driver/Core/Src/vl53l8cx/vl53l8cx_api.c ****                           0x2FFC, (uint8_t*)&auto_stop_flag, 4);
 667:src/Flightlib/vl53l8cx_driver/Core/Src/vl53l8cx/vl53l8cx_api.c **** 	if((auto_stop_flag != (uint32_t)0x4FF)
 8252              		.loc 1 667 21
 8253 0059 8B45F4   		movl	-12(%rbp), %eax
 8254              		.loc 1 667 4
 8255 005c 3DFF0400 		cmpl	$1279, %eax
 8255      00
 8256 0061 0F84D800 		je	.L85
 8256      0000
 668:src/Flightlib/vl53l8cx_driver/Core/Src/vl53l8cx/vl53l8cx_api.c **** 			&& (p_dev->is_auto_stop_enabled == (uint8_t)0))
 8257              		.loc 1 668 13
 8258 0067 488B45E8 		movq	-24(%rbp), %rax
 8259 006b 0FB680C4 		movzbl	2756(%rax), %eax
 8259      0A0000
 8260              		.loc 1 668 4
 8261 0072 84C0     		testb	%al, %al
 8262 0074 0F85C500 		jne	.L85
 8262      0000
 669:src/Flightlib/vl53l8cx_driver/Core/Src/vl53l8cx/vl53l8cx_api.c **** 	{
 670:src/Flightlib/vl53l8cx_driver/Core/Src/vl53l8cx/vl53l8cx_api.c **** 	        status |= VL53L8CX_WrByte(&(p_dev->platform), 0x7fff, 0x00);
 8263              		.loc 1 670 20
 8264 007a 488B45E8 		movq	-24(%rbp), %rax
 8265 007e BA000000 		movl	$0, %edx
 8265      00
 8266 0083 BEFF7F00 		movl	$32767, %esi
 8266      00
 8267 0088 4889C7   		movq	%rax, %rdi
 8268 008b E8000000 		call	VL53L8CX_WrByte@PLT
 8268      00
 8269              		.loc 1 670 17 discriminator 1
 8270 0090 89C2     		movl	%eax, %edx
 8271 0092 0FB645F1 		movzbl	-15(%rbp), %eax
 8272 0096 09D0     		orl	%edx, %eax
 8273 0098 8845F1   		movb	%al, -15(%rbp)
 671:src/Flightlib/vl53l8cx_driver/Core/Src/vl53l8cx/vl53l8cx_api.c **** 
 672:src/Flightlib/vl53l8cx_driver/Core/Src/vl53l8cx/vl53l8cx_api.c **** 	        /* Provoke MCU stop */
 673:src/Flightlib/vl53l8cx_driver/Core/Src/vl53l8cx/vl53l8cx_api.c **** 	        status |= VL53L8CX_WrByte(&(p_dev->platform), 0x15, 0x16);
 8274              		.loc 1 673 20
 8275 009b 488B45E8 		movq	-24(%rbp), %rax
 8276 009f BA160000 		movl	$22, %edx
 8276      00
 8277 00a4 BE150000 		movl	$21, %esi
 8277      00
 8278 00a9 4889C7   		movq	%rax, %rdi
 8279 00ac E8000000 		call	VL53L8CX_WrByte@PLT
 8279      00
 8280              		.loc 1 673 17 discriminator 1
 8281 00b1 89C2     		movl	%eax, %edx
 8282 00b3 0FB645F1 		movzbl	-15(%rbp), %eax
 8283 00b7 09D0     		orl	%edx, %eax
 8284 00b9 8845F1   		movb	%al, -15(%rbp)
 674:src/Flightlib/vl53l8cx_driver/Core/Src/vl53l8cx/vl53l8cx_api.c **** 	        status |= VL53L8CX_WrByte(&(p_dev->platform), 0x14, 0x01);
 8285              		.loc 1 674 20
 8286 00bc 488B45E8 		movq	-24(%rbp), %rax
 8287 00c0 BA010000 		movl	$1, %edx
 8287      00
 8288 00c5 BE140000 		movl	$20, %esi
 8288      00
 8289 00ca 4889C7   		movq	%rax, %rdi
 8290 00cd E8000000 		call	VL53L8CX_WrByte@PLT
 8290      00
 8291              		.loc 1 674 17 discriminator 1
 8292 00d2 89C2     		movl	%eax, %edx
 8293 00d4 0FB645F1 		movzbl	-15(%rbp), %eax
 8294 00d8 09D0     		orl	%edx, %eax
 8295 00da 8845F1   		movb	%al, -15(%rbp)
 675:src/Flightlib/vl53l8cx_driver/Core/Src/vl53l8cx/vl53l8cx_api.c **** 
 676:src/Flightlib/vl53l8cx_driver/Core/Src/vl53l8cx/vl53l8cx_api.c **** 	        /* Poll for G02 status 0 MCU stop */
 677:src/Flightlib/vl53l8cx_driver/Core/Src/vl53l8cx/vl53l8cx_api.c **** 	        while(((tmp & (uint8_t)0x80) >> 7) == (uint8_t)0x00)
 8296              		.loc 1 677 15
 8297 00dd EB58     		jmp	.L86
 8298              	.L87:
 678:src/Flightlib/vl53l8cx_driver/Core/Src/vl53l8cx/vl53l8cx_api.c **** 	        {
 679:src/Flightlib/vl53l8cx_driver/Core/Src/vl53l8cx/vl53l8cx_api.c **** 	        	status |= VL53L8CX_RdByte(&(p_dev->platform), 0x6, &tmp);
 8299              		.loc 1 679 21
 8300 00df 488B45E8 		movq	-24(%rbp), %rax
 8301 00e3 488D55F0 		leaq	-16(%rbp), %rdx
 8302 00e7 BE060000 		movl	$6, %esi
 8302      00
 8303 00ec 4889C7   		movq	%rax, %rdi
 8304 00ef E8000000 		call	VL53L8CX_RdByte@PLT
 8304      00
 8305              		.loc 1 679 18 discriminator 1
 8306 00f4 89C2     		movl	%eax, %edx
 8307 00f6 0FB645F1 		movzbl	-15(%rbp), %eax
 8308 00fa 09D0     		orl	%edx, %eax
 8309 00fc 8845F1   		movb	%al, -15(%rbp)
 680:src/Flightlib/vl53l8cx_driver/Core/Src/vl53l8cx/vl53l8cx_api.c **** 	        	status |= VL53L8CX_WaitMs(&(p_dev->platform), 10);
 8310              		.loc 1 680 21
 8311 00ff 488B45E8 		movq	-24(%rbp), %rax
 8312 0103 BE0A0000 		movl	$10, %esi
 8312      00
 8313 0108 4889C7   		movq	%rax, %rdi
 8314 010b E8000000 		call	VL53L8CX_WaitMs@PLT
 8314      00
 8315              		.loc 1 680 18 discriminator 1
 8316 0110 89C2     		movl	%eax, %edx
 8317 0112 0FB645F1 		movzbl	-15(%rbp), %eax
 8318 0116 09D0     		orl	%edx, %eax
 8319 0118 8845F1   		movb	%al, -15(%rbp)
 681:src/Flightlib/vl53l8cx_driver/Core/Src/vl53l8cx/vl53l8cx_api.c **** 	        	timeout++;	/* Timeout reached after 5 seconds */
 8320              		.loc 1 681 18
 8321 011b 0FB745F2 		movzwl	-14(%rbp), %eax
 8322 011f 83C001   		addl	$1, %eax
 8323 0122 668945F2 		movw	%ax, -14(%rbp)
 682:src/Flightlib/vl53l8cx_driver/Core/Src/vl53l8cx/vl53l8cx_api.c **** 
 683:src/Flightlib/vl53l8cx_driver/Core/Src/vl53l8cx/vl53l8cx_api.c **** 	        	if(timeout > (uint16_t)500)
 8324              		.loc 1 683 13
 8325 0126 66817DF2 		cmpw	$500, -14(%rbp)
 8325      F401
 8326 012c 7609     		jbe	.L86
 684:src/Flightlib/vl53l8cx_driver/Core/Src/vl53l8cx/vl53l8cx_api.c **** 				{
 685:src/Flightlib/vl53l8cx_driver/Core/Src/vl53l8cx/vl53l8cx_api.c **** 					status |= tmp;
 8327              		.loc 1 685 13
 8328 012e 0FB645F0 		movzbl	-16(%rbp), %eax
 8329 0132 0845F1   		orb	%al, -15(%rbp)
 686:src/Flightlib/vl53l8cx_driver/Core/Src/vl53l8cx/vl53l8cx_api.c **** 					break;
 8330              		.loc 1 686 6
 8331 0135 EB08     		jmp	.L85
 8332              	.L86:
 677:src/Flightlib/vl53l8cx_driver/Core/Src/vl53l8cx/vl53l8cx_api.c **** 	        {
 8333              		.loc 1 677 45
 8334 0137 0FB645F0 		movzbl	-16(%rbp), %eax
 8335 013b 84C0     		testb	%al, %al
 8336 013d 79A0     		jns	.L87
 8337              	.L85:
 687:src/Flightlib/vl53l8cx_driver/Core/Src/vl53l8cx/vl53l8cx_api.c **** 				}
 688:src/Flightlib/vl53l8cx_driver/Core/Src/vl53l8cx/vl53l8cx_api.c ****         	}
 689:src/Flightlib/vl53l8cx_driver/Core/Src/vl53l8cx/vl53l8cx_api.c ****         }
 690:src/Flightlib/vl53l8cx_driver/Core/Src/vl53l8cx/vl53l8cx_api.c **** 
 691:src/Flightlib/vl53l8cx_driver/Core/Src/vl53l8cx/vl53l8cx_api.c **** 	/* Check GO2 status 1 if status is still OK */
 692:src/Flightlib/vl53l8cx_driver/Core/Src/vl53l8cx/vl53l8cx_api.c **** 	status |= VL53L8CX_RdByte(&(p_dev->platform), 0x6, &tmp);
 8338              		.loc 1 692 12
 8339 013f 488B45E8 		movq	-24(%rbp), %rax
 8340 0143 488D55F0 		leaq	-16(%rbp), %rdx
 8341 0147 BE060000 		movl	$6, %esi
 8341      00
 8342 014c 4889C7   		movq	%rax, %rdi
 8343 014f E8000000 		call	VL53L8CX_RdByte@PLT
 8343      00
 8344              		.loc 1 692 9 discriminator 1
 8345 0154 89C2     		movl	%eax, %edx
 8346 0156 0FB645F1 		movzbl	-15(%rbp), %eax
 8347 015a 09D0     		orl	%edx, %eax
 8348 015c 8845F1   		movb	%al, -15(%rbp)
 693:src/Flightlib/vl53l8cx_driver/Core/Src/vl53l8cx/vl53l8cx_api.c **** 	if((tmp & (uint8_t)0x80) != (uint8_t)0){
 8349              		.loc 1 693 27
 8350 015f 0FB645F0 		movzbl	-16(%rbp), %eax
 8351              		.loc 1 693 4
 8352 0163 84C0     		testb	%al, %al
 8353 0165 7937     		jns	.L88
 694:src/Flightlib/vl53l8cx_driver/Core/Src/vl53l8cx/vl53l8cx_api.c **** 		status |= VL53L8CX_RdByte(&(p_dev->platform), 0x7, &tmp);
 8354              		.loc 1 694 13
 8355 0167 488B45E8 		movq	-24(%rbp), %rax
 8356 016b 488D55F0 		leaq	-16(%rbp), %rdx
 8357 016f BE070000 		movl	$7, %esi
 8357      00
 8358 0174 4889C7   		movq	%rax, %rdi
 8359 0177 E8000000 		call	VL53L8CX_RdByte@PLT
 8359      00
 8360              		.loc 1 694 10 discriminator 1
 8361 017c 89C2     		movl	%eax, %edx
 8362 017e 0FB645F1 		movzbl	-15(%rbp), %eax
 8363 0182 09D0     		orl	%edx, %eax
 8364 0184 8845F1   		movb	%al, -15(%rbp)
 695:src/Flightlib/vl53l8cx_driver/Core/Src/vl53l8cx/vl53l8cx_api.c **** 		if((tmp != (uint8_t)0x84) && (tmp != (uint8_t)0x85)){
 8365              		.loc 1 695 11
 8366 0187 0FB645F0 		movzbl	-16(%rbp), %eax
 8367              		.loc 1 695 5
 8368 018b 3C84     		cmpb	$-124, %al
 8369 018d 740F     		je	.L88
 8370              		.loc 1 695 37 discriminator 1
 8371 018f 0FB645F0 		movzbl	-16(%rbp), %eax
 8372              		.loc 1 695 29 discriminator 1
 8373 0193 3C85     		cmpb	$-123, %al
 8374 0195 7407     		je	.L88
 696:src/Flightlib/vl53l8cx_driver/Core/Src/vl53l8cx/vl53l8cx_api.c **** 		   status |= tmp;
 8375              		.loc 1 696 13
 8376 0197 0FB645F0 		movzbl	-16(%rbp), %eax
 8377 019b 0845F1   		orb	%al, -15(%rbp)
 8378              	.L88:
 697:src/Flightlib/vl53l8cx_driver/Core/Src/vl53l8cx/vl53l8cx_api.c **** 		}
 698:src/Flightlib/vl53l8cx_driver/Core/Src/vl53l8cx/vl53l8cx_api.c **** 	}
 699:src/Flightlib/vl53l8cx_driver/Core/Src/vl53l8cx/vl53l8cx_api.c **** 
 700:src/Flightlib/vl53l8cx_driver/Core/Src/vl53l8cx/vl53l8cx_api.c **** 	/* Undo MCU stop */
 701:src/Flightlib/vl53l8cx_driver/Core/Src/vl53l8cx/vl53l8cx_api.c **** 	status |= VL53L8CX_WrByte(&(p_dev->platform), 0x7fff, 0x00);
 8379              		.loc 1 701 12
 8380 019e 488B45E8 		movq	-24(%rbp), %rax
 8381 01a2 BA000000 		movl	$0, %edx
 8381      00
 8382 01a7 BEFF7F00 		movl	$32767, %esi
 8382      00
 8383 01ac 4889C7   		movq	%rax, %rdi
 8384 01af E8000000 		call	VL53L8CX_WrByte@PLT
 8384      00
 8385              		.loc 1 701 9 discriminator 1
 8386 01b4 89C2     		movl	%eax, %edx
 8387 01b6 0FB645F1 		movzbl	-15(%rbp), %eax
 8388 01ba 09D0     		orl	%edx, %eax
 8389 01bc 8845F1   		movb	%al, -15(%rbp)
 702:src/Flightlib/vl53l8cx_driver/Core/Src/vl53l8cx/vl53l8cx_api.c **** 	status |= VL53L8CX_WrByte(&(p_dev->platform), 0x14, 0x00);
 8390              		.loc 1 702 12
 8391 01bf 488B45E8 		movq	-24(%rbp), %rax
 8392 01c3 BA000000 		movl	$0, %edx
 8392      00
 8393 01c8 BE140000 		movl	$20, %esi
 8393      00
 8394 01cd 4889C7   		movq	%rax, %rdi
 8395 01d0 E8000000 		call	VL53L8CX_WrByte@PLT
 8395      00
 8396              		.loc 1 702 9 discriminator 1
 8397 01d5 89C2     		movl	%eax, %edx
 8398 01d7 0FB645F1 		movzbl	-15(%rbp), %eax
 8399 01db 09D0     		orl	%edx, %eax
 8400 01dd 8845F1   		movb	%al, -15(%rbp)
 703:src/Flightlib/vl53l8cx_driver/Core/Src/vl53l8cx/vl53l8cx_api.c **** 	status |= VL53L8CX_WrByte(&(p_dev->platform), 0x15, 0x00);
 8401              		.loc 1 703 12
 8402 01e0 488B45E8 		movq	-24(%rbp), %rax
 8403 01e4 BA000000 		movl	$0, %edx
 8403      00
 8404 01e9 BE150000 		movl	$21, %esi
 8404      00
 8405 01ee 4889C7   		movq	%rax, %rdi
 8406 01f1 E8000000 		call	VL53L8CX_WrByte@PLT
 8406      00
 8407              		.loc 1 703 9 discriminator 1
 8408 01f6 89C2     		movl	%eax, %edx
 8409 01f8 0FB645F1 		movzbl	-15(%rbp), %eax
 8410 01fc 09D0     		orl	%edx, %eax
 8411 01fe 8845F1   		movb	%al, -15(%rbp)
 704:src/Flightlib/vl53l8cx_driver/Core/Src/vl53l8cx/vl53l8cx_api.c **** 
 705:src/Flightlib/vl53l8cx_driver/Core/Src/vl53l8cx/vl53l8cx_api.c **** 	/* Stop xshut bypass */
 706:src/Flightlib/vl53l8cx_driver/Core/Src/vl53l8cx/vl53l8cx_api.c **** 	status |= VL53L8CX_WrByte(&(p_dev->platform), 0x09, 0x04);
 8412              		.loc 1 706 12
 8413 0201 488B45E8 		movq	-24(%rbp), %rax
 8414 0205 BA040000 		movl	$4, %edx
 8414      00
 8415 020a BE090000 		movl	$9, %esi
 8415      00
 8416 020f 4889C7   		movq	%rax, %rdi
 8417 0212 E8000000 		call	VL53L8CX_WrByte@PLT
 8417      00
 8418              		.loc 1 706 9 discriminator 1
 8419 0217 89C2     		movl	%eax, %edx
 8420 0219 0FB645F1 		movzbl	-15(%rbp), %eax
 8421 021d 09D0     		orl	%edx, %eax
 8422 021f 8845F1   		movb	%al, -15(%rbp)
 707:src/Flightlib/vl53l8cx_driver/Core/Src/vl53l8cx/vl53l8cx_api.c **** 	status |= VL53L8CX_WrByte(&(p_dev->platform), 0x7fff, 0x02);
 8423              		.loc 1 707 12
 8424 0222 488B45E8 		movq	-24(%rbp), %rax
 8425 0226 BA020000 		movl	$2, %edx
 8425      00
 8426 022b BEFF7F00 		movl	$32767, %esi
 8426      00
 8427 0230 4889C7   		movq	%rax, %rdi
 8428 0233 E8000000 		call	VL53L8CX_WrByte@PLT
 8428      00
 8429              		.loc 1 707 9 discriminator 1
 8430 0238 89C2     		movl	%eax, %edx
 8431 023a 0FB645F1 		movzbl	-15(%rbp), %eax
 8432 023e 09D0     		orl	%edx, %eax
 8433 0240 8845F1   		movb	%al, -15(%rbp)
 708:src/Flightlib/vl53l8cx_driver/Core/Src/vl53l8cx/vl53l8cx_api.c **** 
 709:src/Flightlib/vl53l8cx_driver/Core/Src/vl53l8cx/vl53l8cx_api.c **** 	return status;
 8434              		.loc 1 709 9
 8435 0243 0FB645F1 		movzbl	-15(%rbp), %eax
 710:src/Flightlib/vl53l8cx_driver/Core/Src/vl53l8cx/vl53l8cx_api.c **** }
 8436              		.loc 1 710 1
 8437 0247 488B55F8 		movq	-8(%rbp), %rdx
 8438 024b 64482B14 		subq	%fs:40, %rdx
 8438      25280000 
 8438      00
 8439 0254 7405     		je	.L90
 8440 0256 E8000000 		call	__stack_chk_fail@PLT
 8440      00
 8441              	.L90:
 8442 025b C9       		leave
 8443              	.LCFI32:
 8444              		.cfi_def_cfa 7, 8
 8445 025c C3       		ret
 8446              		.cfi_endproc
 8447              	.LFE16:
 8449              		.section	.text.vl53l8cx_check_data_ready,"ax",@progbits
 8450              		.globl	vl53l8cx_check_data_ready
 8452              	vl53l8cx_check_data_ready:
 8453              	.LFB17:
 711:src/Flightlib/vl53l8cx_driver/Core/Src/vl53l8cx/vl53l8cx_api.c **** 
 712:src/Flightlib/vl53l8cx_driver/Core/Src/vl53l8cx/vl53l8cx_api.c **** uint8_t vl53l8cx_check_data_ready(
 713:src/Flightlib/vl53l8cx_driver/Core/Src/vl53l8cx/vl53l8cx_api.c **** 		VL53L8CX_Configuration		*p_dev,
 714:src/Flightlib/vl53l8cx_driver/Core/Src/vl53l8cx/vl53l8cx_api.c **** 		uint8_t				*p_isReady)
 715:src/Flightlib/vl53l8cx_driver/Core/Src/vl53l8cx/vl53l8cx_api.c **** {
 8454              		.loc 1 715 1
 8455              		.cfi_startproc
 8456 0000 F30F1EFA 		endbr64
 8457 0004 55       		pushq	%rbp
 8458              	.LCFI33:
 8459              		.cfi_def_cfa_offset 16
 8460              		.cfi_offset 6, -16
 8461 0005 4889E5   		movq	%rsp, %rbp
 8462              	.LCFI34:
 8463              		.cfi_def_cfa_register 6
 8464 0008 4883EC20 		subq	$32, %rsp
 8465 000c 48897DE8 		movq	%rdi, -24(%rbp)
 8466 0010 488975E0 		movq	%rsi, -32(%rbp)
 716:src/Flightlib/vl53l8cx_driver/Core/Src/vl53l8cx/vl53l8cx_api.c **** 	uint8_t status = VL53L8CX_STATUS_OK;
 8467              		.loc 1 716 10
 8468 0014 C645FF00 		movb	$0, -1(%rbp)
 717:src/Flightlib/vl53l8cx_driver/Core/Src/vl53l8cx/vl53l8cx_api.c **** 
 718:src/Flightlib/vl53l8cx_driver/Core/Src/vl53l8cx/vl53l8cx_api.c **** 	status |= VL53L8CX_RdMulti(&(p_dev->platform), 0x0, p_dev->temp_buffer, 4);
 8469              		.loc 1 718 59
 8470 0018 488B45E8 		movq	-24(%rbp), %rax
 8471 001c 488D9018 		leaq	1304(%rax), %rdx
 8471      050000
 8472              		.loc 1 718 12
 8473 0023 488B45E8 		movq	-24(%rbp), %rax
 8474 0027 B9040000 		movl	$4, %ecx
 8474      00
 8475 002c BE000000 		movl	$0, %esi
 8475      00
 8476 0031 4889C7   		movq	%rax, %rdi
 8477 0034 E8000000 		call	VL53L8CX_RdMulti@PLT
 8477      00
 8478              		.loc 1 718 9 discriminator 1
 8479 0039 89C2     		movl	%eax, %edx
 8480 003b 0FB645FF 		movzbl	-1(%rbp), %eax
 8481 003f 09D0     		orl	%edx, %eax
 8482 0041 8845FF   		movb	%al, -1(%rbp)
 719:src/Flightlib/vl53l8cx_driver/Core/Src/vl53l8cx/vl53l8cx_api.c **** 
 720:src/Flightlib/vl53l8cx_driver/Core/Src/vl53l8cx/vl53l8cx_api.c **** 	if((p_dev->temp_buffer[0] != p_dev->streamcount)
 8483              		.loc 1 720 24
 8484 0044 488B45E8 		movq	-24(%rbp), %rax
 8485 0048 0FB69018 		movzbl	1304(%rax), %edx
 8485      050000
 8486              		.loc 1 720 36
 8487 004f 488B45E8 		movq	-24(%rbp), %rax
 8488 0053 0FB6400C 		movzbl	12(%rax), %eax
 8489              		.loc 1 720 4
 8490 0057 38C2     		cmpb	%al, %dl
 8491 0059 7464     		je	.L92
 721:src/Flightlib/vl53l8cx_driver/Core/Src/vl53l8cx/vl53l8cx_api.c **** 			&& (p_dev->temp_buffer[0] != (uint8_t)255)
 8492              		.loc 1 721 26
 8493 005b 488B45E8 		movq	-24(%rbp), %rax
 8494 005f 0FB68018 		movzbl	1304(%rax), %eax
 8494      050000
 8495              		.loc 1 721 4
 8496 0066 3CFF     		cmpb	$-1, %al
 8497 0068 7455     		je	.L92
 722:src/Flightlib/vl53l8cx_driver/Core/Src/vl53l8cx/vl53l8cx_api.c **** 			&& (p_dev->temp_buffer[1] == (uint8_t)0x5)
 8498              		.loc 1 722 26
 8499 006a 488B45E8 		movq	-24(%rbp), %rax
 8500 006e 0FB68019 		movzbl	1305(%rax), %eax
 8500      050000
 8501              		.loc 1 722 4
 8502 0075 3C05     		cmpb	$5, %al
 8503 0077 7546     		jne	.L92
 723:src/Flightlib/vl53l8cx_driver/Core/Src/vl53l8cx/vl53l8cx_api.c **** 			&& ((p_dev->temp_buffer[2] & (uint8_t)0x5) == (uint8_t)0x5)
 8504              		.loc 1 723 27
 8505 0079 488B45E8 		movq	-24(%rbp), %rax
 8506 007d 0FB6801A 		movzbl	1306(%rax), %eax
 8506      050000
 8507              		.loc 1 723 31
 8508 0084 0FB6C0   		movzbl	%al, %eax
 8509 0087 83E005   		andl	$5, %eax
 8510              		.loc 1 723 4
 8511 008a 83F805   		cmpl	$5, %eax
 8512 008d 7530     		jne	.L92
 724:src/Flightlib/vl53l8cx_driver/Core/Src/vl53l8cx/vl53l8cx_api.c **** 			&& ((p_dev->temp_buffer[3] & (uint8_t)0x10) ==(uint8_t)0x10)
 8513              		.loc 1 724 27
 8514 008f 488B45E8 		movq	-24(%rbp), %rax
 8515 0093 0FB6801B 		movzbl	1307(%rax), %eax
 8515      050000
 8516              		.loc 1 724 31
 8517 009a 0FB6C0   		movzbl	%al, %eax
 8518 009d 83E010   		andl	$16, %eax
 8519              		.loc 1 724 4
 8520 00a0 85C0     		testl	%eax, %eax
 8521 00a2 741B     		je	.L92
 725:src/Flightlib/vl53l8cx_driver/Core/Src/vl53l8cx/vl53l8cx_api.c **** 			)
 726:src/Flightlib/vl53l8cx_driver/Core/Src/vl53l8cx/vl53l8cx_api.c **** 	{
 727:src/Flightlib/vl53l8cx_driver/Core/Src/vl53l8cx/vl53l8cx_api.c **** 		*p_isReady = (uint8_t)1;
 8522              		.loc 1 727 14
 8523 00a4 488B45E0 		movq	-32(%rbp), %rax
 8524 00a8 C60001   		movb	$1, (%rax)
 728:src/Flightlib/vl53l8cx_driver/Core/Src/vl53l8cx/vl53l8cx_api.c **** 		 p_dev->streamcount = p_dev->temp_buffer[0];
 8525              		.loc 1 728 43
 8526 00ab 488B45E8 		movq	-24(%rbp), %rax
 8527 00af 0FB69018 		movzbl	1304(%rax), %edx
 8527      050000
 8528              		.loc 1 728 23
 8529 00b6 488B45E8 		movq	-24(%rbp), %rax
 8530 00ba 88500C   		movb	%dl, 12(%rax)
 8531 00bd EB24     		jmp	.L93
 8532              	.L92:
 729:src/Flightlib/vl53l8cx_driver/Core/Src/vl53l8cx/vl53l8cx_api.c **** 	}
 730:src/Flightlib/vl53l8cx_driver/Core/Src/vl53l8cx/vl53l8cx_api.c **** 	else
 731:src/Flightlib/vl53l8cx_driver/Core/Src/vl53l8cx/vl53l8cx_api.c **** 	{
 732:src/Flightlib/vl53l8cx_driver/Core/Src/vl53l8cx/vl53l8cx_api.c ****         if ((p_dev->temp_buffer[3] & (uint8_t)0x80) != (uint8_t)0)
 8533              		.loc 1 732 32
 8534 00bf 488B45E8 		movq	-24(%rbp), %rax
 8535 00c3 0FB6801B 		movzbl	1307(%rax), %eax
 8535      050000
 8536              		.loc 1 732 12
 8537 00ca 84C0     		testb	%al, %al
 8538 00cc 790E     		jns	.L94
 733:src/Flightlib/vl53l8cx_driver/Core/Src/vl53l8cx/vl53l8cx_api.c ****         {
 734:src/Flightlib/vl53l8cx_driver/Core/Src/vl53l8cx/vl53l8cx_api.c ****         	status |= p_dev->temp_buffer[2];	/* Return GO2 error status */
 8539              		.loc 1 734 38
 8540 00ce 488B45E8 		movq	-24(%rbp), %rax
 8541 00d2 0FB6801A 		movzbl	1306(%rax), %eax
 8541      050000
 8542              		.loc 1 734 17
 8543 00d9 0845FF   		orb	%al, -1(%rbp)
 8544              	.L94:
 735:src/Flightlib/vl53l8cx_driver/Core/Src/vl53l8cx/vl53l8cx_api.c ****         }
 736:src/Flightlib/vl53l8cx_driver/Core/Src/vl53l8cx/vl53l8cx_api.c **** 
 737:src/Flightlib/vl53l8cx_driver/Core/Src/vl53l8cx/vl53l8cx_api.c **** 		*p_isReady = 0;
 8545              		.loc 1 737 14
 8546 00dc 488B45E0 		movq	-32(%rbp), %rax
 8547 00e0 C60000   		movb	$0, (%rax)
 8548              	.L93:
 738:src/Flightlib/vl53l8cx_driver/Core/Src/vl53l8cx/vl53l8cx_api.c **** 	}
 739:src/Flightlib/vl53l8cx_driver/Core/Src/vl53l8cx/vl53l8cx_api.c **** 
 740:src/Flightlib/vl53l8cx_driver/Core/Src/vl53l8cx/vl53l8cx_api.c **** 	return status;
 8549              		.loc 1 740 9
 8550 00e3 0FB645FF 		movzbl	-1(%rbp), %eax
 741:src/Flightlib/vl53l8cx_driver/Core/Src/vl53l8cx/vl53l8cx_api.c **** }
 8551              		.loc 1 741 1
 8552 00e7 C9       		leave
 8553              	.LCFI35:
 8554              		.cfi_def_cfa 7, 8
 8555 00e8 C3       		ret
 8556              		.cfi_endproc
 8557              	.LFE17:
 8559              		.section	.text.vl53l8cx_get_ranging_data,"ax",@progbits
 8560              		.globl	vl53l8cx_get_ranging_data
 8562              	vl53l8cx_get_ranging_data:
 8563              	.LFB18:
 742:src/Flightlib/vl53l8cx_driver/Core/Src/vl53l8cx/vl53l8cx_api.c **** 
 743:src/Flightlib/vl53l8cx_driver/Core/Src/vl53l8cx/vl53l8cx_api.c **** uint8_t vl53l8cx_get_ranging_data(
 744:src/Flightlib/vl53l8cx_driver/Core/Src/vl53l8cx/vl53l8cx_api.c **** 		VL53L8CX_Configuration		*p_dev,
 745:src/Flightlib/vl53l8cx_driver/Core/Src/vl53l8cx/vl53l8cx_api.c **** 		VL53L8CX_ResultsData		*p_results)
 746:src/Flightlib/vl53l8cx_driver/Core/Src/vl53l8cx/vl53l8cx_api.c **** {
 8564              		.loc 1 746 1
 8565              		.cfi_startproc
 8566 0000 F30F1EFA 		endbr64
 8567 0004 55       		pushq	%rbp
 8568              	.LCFI36:
 8569              		.cfi_def_cfa_offset 16
 8570              		.cfi_offset 6, -16
 8571 0005 4889E5   		movq	%rsp, %rbp
 8572              	.LCFI37:
 8573              		.cfi_def_cfa_register 6
 8574 0008 4883EC30 		subq	$48, %rsp
 8575 000c 48897DD8 		movq	%rdi, -40(%rbp)
 8576 0010 488975D0 		movq	%rsi, -48(%rbp)
 747:src/Flightlib/vl53l8cx_driver/Core/Src/vl53l8cx/vl53l8cx_api.c **** 	uint8_t status = VL53L8CX_STATUS_OK;
 8577              		.loc 1 747 10
 8578 0014 C645E700 		movb	$0, -25(%rbp)
 748:src/Flightlib/vl53l8cx_driver/Core/Src/vl53l8cx/vl53l8cx_api.c **** 	uint16_t header_id, footer_id;
 749:src/Flightlib/vl53l8cx_driver/Core/Src/vl53l8cx/vl53l8cx_api.c **** 	union Block_header *bh_ptr;
 750:src/Flightlib/vl53l8cx_driver/Core/Src/vl53l8cx/vl53l8cx_api.c **** 	uint32_t i, j, msize;
 751:src/Flightlib/vl53l8cx_driver/Core/Src/vl53l8cx/vl53l8cx_api.c **** 	status |= VL53L8CX_RdMulti(&(p_dev->platform), 0x0,
 8579              		.loc 1 751 12
 8580 0018 488B45D8 		movq	-40(%rbp), %rax
 8581 001c 8B5010   		movl	16(%rax), %edx
 752:src/Flightlib/vl53l8cx_driver/Core/Src/vl53l8cx/vl53l8cx_api.c **** 			p_dev->temp_buffer, p_dev->data_read_size);
 8582              		.loc 1 752 9
 8583 001f 488B45D8 		movq	-40(%rbp), %rax
 8584 0023 488DB018 		leaq	1304(%rax), %rsi
 8584      050000
 751:src/Flightlib/vl53l8cx_driver/Core/Src/vl53l8cx/vl53l8cx_api.c **** 			p_dev->temp_buffer, p_dev->data_read_size);
 8585              		.loc 1 751 12
 8586 002a 488B45D8 		movq	-40(%rbp), %rax
 8587 002e 89D1     		movl	%edx, %ecx
 8588 0030 4889F2   		movq	%rsi, %rdx
 8589 0033 BE000000 		movl	$0, %esi
 8589      00
 8590 0038 4889C7   		movq	%rax, %rdi
 8591 003b E8000000 		call	VL53L8CX_RdMulti@PLT
 8591      00
 751:src/Flightlib/vl53l8cx_driver/Core/Src/vl53l8cx/vl53l8cx_api.c **** 			p_dev->temp_buffer, p_dev->data_read_size);
 8592              		.loc 1 751 9 discriminator 1
 8593 0040 89C2     		movl	%eax, %edx
 8594 0042 0FB645E7 		movzbl	-25(%rbp), %eax
 8595 0046 09D0     		orl	%edx, %eax
 8596 0048 8845E7   		movb	%al, -25(%rbp)
 753:src/Flightlib/vl53l8cx_driver/Core/Src/vl53l8cx/vl53l8cx_api.c **** 	p_dev->streamcount = p_dev->temp_buffer[0];
 8597              		.loc 1 753 41
 8598 004b 488B45D8 		movq	-40(%rbp), %rax
 8599 004f 0FB69018 		movzbl	1304(%rax), %edx
 8599      050000
 8600              		.loc 1 753 21
 8601 0056 488B45D8 		movq	-40(%rbp), %rax
 8602 005a 88500C   		movb	%dl, 12(%rax)
 754:src/Flightlib/vl53l8cx_driver/Core/Src/vl53l8cx/vl53l8cx_api.c **** 	VL53L8CX_SwapBuffer(p_dev->temp_buffer, (uint16_t)p_dev->data_read_size);
 8603              		.loc 1 754 57
 8604 005d 488B45D8 		movq	-40(%rbp), %rax
 8605 0061 8B4010   		movl	16(%rax), %eax
 8606              		.loc 1 754 2
 8607 0064 0FB7C0   		movzwl	%ax, %eax
 8608              		.loc 1 754 27
 8609 0067 488B55D8 		movq	-40(%rbp), %rdx
 8610 006b 4881C218 		addq	$1304, %rdx
 8610      050000
 8611              		.loc 1 754 2
 8612 0072 89C6     		movl	%eax, %esi
 8613 0074 4889D7   		movq	%rdx, %rdi
 8614 0077 E8000000 		call	VL53L8CX_SwapBuffer@PLT
 8614      00
 755:src/Flightlib/vl53l8cx_driver/Core/Src/vl53l8cx/vl53l8cx_api.c **** 
 756:src/Flightlib/vl53l8cx_driver/Core/Src/vl53l8cx/vl53l8cx_api.c **** 	/* Start conversion at position 16 to avoid headers */
 757:src/Flightlib/vl53l8cx_driver/Core/Src/vl53l8cx/vl53l8cx_api.c **** 	for (i = (uint32_t)16; i 
 8615              		.loc 1 757 9
 8616 007c C745EC10 		movl	$16, -20(%rbp)
 8616      000000
 8617              		.loc 1 757 2
 8618 0083 E94B0300 		jmp	.L97
 8618      00
 8619              	.L112:
 758:src/Flightlib/vl53l8cx_driver/Core/Src/vl53l8cx/vl53l8cx_api.c ****              < (uint32_t)p_dev->data_read_size; i+=(uint32_t)4)
 759:src/Flightlib/vl53l8cx_driver/Core/Src/vl53l8cx/vl53l8cx_api.c **** 	{
 760:src/Flightlib/vl53l8cx_driver/Core/Src/vl53l8cx/vl53l8cx_api.c **** 		bh_ptr = (union Block_header *)&(p_dev->temp_buffer[i]);
 8620              		.loc 1 760 10
 8621 0088 8B45EC   		movl	-20(%rbp), %eax
 8622 008b 488D9010 		leaq	1296(%rax), %rdx
 8622      050000
 8623 0092 488B45D8 		movq	-40(%rbp), %rax
 8624 0096 4801D0   		addq	%rdx, %rax
 8625 0099 4883C008 		addq	$8, %rax
 8626 009d 488945F8 		movq	%rax, -8(%rbp)
 761:src/Flightlib/vl53l8cx_driver/Core/Src/vl53l8cx/vl53l8cx_api.c **** 		if ((bh_ptr->type > (uint32_t)0x1) 
 8627              		.loc 1 761 14
 8628 00a1 488B45F8 		movq	-8(%rbp), %rax
 8629 00a5 0FB600   		movzbl	(%rax), %eax
 8630 00a8 83E00F   		andl	$15, %eax
 8631              		.loc 1 761 6
 8632 00ab 3C01     		cmpb	$1, %al
 8633 00ad 7631     		jbe	.L98
 762:src/Flightlib/vl53l8cx_driver/Core/Src/vl53l8cx/vl53l8cx_api.c ****                     && (bh_ptr->type < (uint32_t)0xd))
 8634              		.loc 1 762 31
 8635 00af 488B45F8 		movq	-8(%rbp), %rax
 8636 00b3 0FB600   		movzbl	(%rax), %eax
 8637 00b6 83E00F   		andl	$15, %eax
 8638              		.loc 1 762 21
 8639 00b9 3C0C     		cmpb	$12, %al
 8640 00bb 7723     		ja	.L98
 763:src/Flightlib/vl53l8cx_driver/Core/Src/vl53l8cx/vl53l8cx_api.c **** 		{
 764:src/Flightlib/vl53l8cx_driver/Core/Src/vl53l8cx/vl53l8cx_api.c **** 			msize = bh_ptr->type * bh_ptr->size;
 8641              		.loc 1 764 18
 8642 00bd 488B45F8 		movq	-8(%rbp), %rax
 8643 00c1 0FB600   		movzbl	(%rax), %eax
 8644 00c4 83E00F   		andl	$15, %eax
 8645 00c7 0FB6D0   		movzbl	%al, %edx
 8646              		.loc 1 764 33
 8647 00ca 488B45F8 		movq	-8(%rbp), %rax
 8648 00ce 0FB700   		movzwl	(%rax), %eax
 8649 00d1 66C1E804 		shrw	$4, %ax
 8650 00d5 0FB7C0   		movzwl	%ax, %eax
 8651              		.loc 1 764 25
 8652 00d8 0FAFC2   		imull	%edx, %eax
 8653              		.loc 1 764 10
 8654 00db 8945F4   		movl	%eax, -12(%rbp)
 8655 00de EB11     		jmp	.L99
 8656              	.L98:
 765:src/Flightlib/vl53l8cx_driver/Core/Src/vl53l8cx/vl53l8cx_api.c **** 		}
 766:src/Flightlib/vl53l8cx_driver/Core/Src/vl53l8cx/vl53l8cx_api.c **** 		else
 767:src/Flightlib/vl53l8cx_driver/Core/Src/vl53l8cx/vl53l8cx_api.c **** 		{
 768:src/Flightlib/vl53l8cx_driver/Core/Src/vl53l8cx/vl53l8cx_api.c **** 			msize = bh_ptr->size;
 8657              		.loc 1 768 18
 8658 00e0 488B45F8 		movq	-8(%rbp), %rax
 8659 00e4 0FB700   		movzwl	(%rax), %eax
 8660 00e7 66C1E804 		shrw	$4, %ax
 8661              		.loc 1 768 10
 8662 00eb 0FB7C0   		movzwl	%ax, %eax
 8663 00ee 8945F4   		movl	%eax, -12(%rbp)
 8664              	.L99:
 769:src/Flightlib/vl53l8cx_driver/Core/Src/vl53l8cx/vl53l8cx_api.c **** 		}
 770:src/Flightlib/vl53l8cx_driver/Core/Src/vl53l8cx/vl53l8cx_api.c **** 
 771:src/Flightlib/vl53l8cx_driver/Core/Src/vl53l8cx/vl53l8cx_api.c **** 		switch(bh_ptr->idx){
 8665              		.loc 1 771 16
 8666 00f1 488B45F8 		movq	-8(%rbp), %rax
 8667 00f5 0FB74002 		movzwl	2(%rax), %eax
 8668 00f9 0FB7C0   		movzwl	%ax, %eax
 8669              		.loc 1 771 3
 8670 00fc 3D84E000 		cmpl	$57476, %eax
 8670      00
 8671 0101 0F845702 		je	.L100
 8671      0000
 8672 0107 3D84E000 		cmpl	$57476, %eax
 8672      00
 8673 010c 0F8FB602 		jg	.L126
 8673      0000
 8674 0112 3D44E000 		cmpl	$57412, %eax
 8674      00
 8675 0117 0F840C02 		je	.L102
 8675      0000
 8676 011d 3D44E000 		cmpl	$57412, %eax
 8676      00
 8677 0122 0F8FA002 		jg	.L126
 8677      0000
 8678 0128 3D44DF00 		cmpl	$57156, %eax
 8678      00
 8679 012d 0F84BE01 		je	.L103
 8679      0000
 8680 0133 3D44DF00 		cmpl	$57156, %eax
 8680      00
 8681 0138 0F8F8A02 		jg	.L126
 8681      0000
 8682 013e 3DC4DE00 		cmpl	$57028, %eax
 8682      00
 8683 0143 0F847001 		je	.L104
 8683      0000
 8684 0149 3DC4DE00 		cmpl	$57028, %eax
 8684      00
 8685 014e 0F8F7402 		jg	.L126
 8685      0000
 8686 0154 3DC4DB00 		cmpl	$56260, %eax
 8686      00
 8687 0159 0F842201 		je	.L105
 8687      0000
 8688 015f 3DC4DB00 		cmpl	$56260, %eax
 8688      00
 8689 0164 0F8F5E02 		jg	.L126
 8689      0000
 8690 016a 3D84DB00 		cmpl	$56196, %eax
 8690      00
 8691 016f 0F84D400 		je	.L106
 8691      0000
 8692 0175 3D84DB00 		cmpl	$56196, %eax
 8692      00
 8693 017a 0F8F4802 		jg	.L126
 8693      0000
 8694 0180 3D58D800 		cmpl	$55384, %eax
 8694      00
 8695 0185 0F840802 		je	.L107
 8695      0000
 8696 018b 3D58D800 		cmpl	$55384, %eax
 8696      00
 8697 0190 0F8F3202 		jg	.L126
 8697      0000
 8698 0196 3DD05500 		cmpl	$21968, %eax
 8698      00
 8699 019b 7474     		je	.L108
 8700 019d 3DD05500 		cmpl	$21968, %eax
 8700      00
 8701 01a2 0F8F2002 		jg	.L126
 8701      0000
 8702 01a8 3DB45400 		cmpl	$21684, %eax
 8702      00
 8703 01ad 740C     		je	.L109
 8704 01af 3DD05400 		cmpl	$21712, %eax
 8704      00
 8705 01b4 7426     		je	.L110
 772:src/Flightlib/vl53l8cx_driver/Core/Src/vl53l8cx/vl53l8cx_api.c **** 			case VL53L8CX_METADATA_IDX:
 773:src/Flightlib/vl53l8cx_driver/Core/Src/vl53l8cx/vl53l8cx_api.c **** 				p_results->silicon_temp_degc =
 774:src/Flightlib/vl53l8cx_driver/Core/Src/vl53l8cx/vl53l8cx_api.c **** 						(int8_t)p_dev->temp_buffer[i + (uint32_t)12];
 775:src/Flightlib/vl53l8cx_driver/Core/Src/vl53l8cx/vl53l8cx_api.c **** 				break;
 776:src/Flightlib/vl53l8cx_driver/Core/Src/vl53l8cx/vl53l8cx_api.c **** 
 777:src/Flightlib/vl53l8cx_driver/Core/Src/vl53l8cx/vl53l8cx_api.c **** #ifndef VL53L8CX_DISABLE_AMBIENT_PER_SPAD
 778:src/Flightlib/vl53l8cx_driver/Core/Src/vl53l8cx/vl53l8cx_api.c **** 			case VL53L8CX_AMBIENT_RATE_IDX:
 779:src/Flightlib/vl53l8cx_driver/Core/Src/vl53l8cx/vl53l8cx_api.c **** 				(void)memcpy(p_results->ambient_per_spad,
 780:src/Flightlib/vl53l8cx_driver/Core/Src/vl53l8cx/vl53l8cx_api.c **** 				&(p_dev->temp_buffer[i + (uint32_t)4]), msize);
 781:src/Flightlib/vl53l8cx_driver/Core/Src/vl53l8cx/vl53l8cx_api.c **** 				break;
 782:src/Flightlib/vl53l8cx_driver/Core/Src/vl53l8cx/vl53l8cx_api.c **** #endif
 783:src/Flightlib/vl53l8cx_driver/Core/Src/vl53l8cx/vl53l8cx_api.c **** #ifndef VL53L8CX_DISABLE_NB_SPADS_ENABLED
 784:src/Flightlib/vl53l8cx_driver/Core/Src/vl53l8cx/vl53l8cx_api.c **** 			case VL53L8CX_SPAD_COUNT_IDX:
 785:src/Flightlib/vl53l8cx_driver/Core/Src/vl53l8cx/vl53l8cx_api.c **** 				(void)memcpy(p_results->nb_spads_enabled,
 786:src/Flightlib/vl53l8cx_driver/Core/Src/vl53l8cx/vl53l8cx_api.c **** 				&(p_dev->temp_buffer[i + (uint32_t)4]), msize);
 787:src/Flightlib/vl53l8cx_driver/Core/Src/vl53l8cx/vl53l8cx_api.c **** 				break;
 788:src/Flightlib/vl53l8cx_driver/Core/Src/vl53l8cx/vl53l8cx_api.c **** #endif
 789:src/Flightlib/vl53l8cx_driver/Core/Src/vl53l8cx/vl53l8cx_api.c **** #ifndef VL53L8CX_DISABLE_NB_TARGET_DETECTED
 790:src/Flightlib/vl53l8cx_driver/Core/Src/vl53l8cx/vl53l8cx_api.c **** 			case VL53L8CX_NB_TARGET_DETECTED_IDX:
 791:src/Flightlib/vl53l8cx_driver/Core/Src/vl53l8cx/vl53l8cx_api.c **** 				(void)memcpy(p_results->nb_target_detected,
 792:src/Flightlib/vl53l8cx_driver/Core/Src/vl53l8cx/vl53l8cx_api.c **** 				&(p_dev->temp_buffer[i + (uint32_t)4]), msize);
 793:src/Flightlib/vl53l8cx_driver/Core/Src/vl53l8cx/vl53l8cx_api.c **** 				break;
 794:src/Flightlib/vl53l8cx_driver/Core/Src/vl53l8cx/vl53l8cx_api.c **** #endif
 795:src/Flightlib/vl53l8cx_driver/Core/Src/vl53l8cx/vl53l8cx_api.c **** #ifndef VL53L8CX_DISABLE_SIGNAL_PER_SPAD
 796:src/Flightlib/vl53l8cx_driver/Core/Src/vl53l8cx/vl53l8cx_api.c **** 			case VL53L8CX_SIGNAL_RATE_IDX:
 797:src/Flightlib/vl53l8cx_driver/Core/Src/vl53l8cx/vl53l8cx_api.c **** 				(void)memcpy(p_results->signal_per_spad,
 798:src/Flightlib/vl53l8cx_driver/Core/Src/vl53l8cx/vl53l8cx_api.c **** 				&(p_dev->temp_buffer[i + (uint32_t)4]), msize);
 799:src/Flightlib/vl53l8cx_driver/Core/Src/vl53l8cx/vl53l8cx_api.c **** 				break;
 800:src/Flightlib/vl53l8cx_driver/Core/Src/vl53l8cx/vl53l8cx_api.c **** #endif
 801:src/Flightlib/vl53l8cx_driver/Core/Src/vl53l8cx/vl53l8cx_api.c **** #ifndef VL53L8CX_DISABLE_RANGE_SIGMA_MM
 802:src/Flightlib/vl53l8cx_driver/Core/Src/vl53l8cx/vl53l8cx_api.c **** 			case VL53L8CX_RANGE_SIGMA_MM_IDX:
 803:src/Flightlib/vl53l8cx_driver/Core/Src/vl53l8cx/vl53l8cx_api.c **** 				(void)memcpy(p_results->range_sigma_mm,
 804:src/Flightlib/vl53l8cx_driver/Core/Src/vl53l8cx/vl53l8cx_api.c **** 				&(p_dev->temp_buffer[i + (uint32_t)4]), msize);
 805:src/Flightlib/vl53l8cx_driver/Core/Src/vl53l8cx/vl53l8cx_api.c **** 				break;
 806:src/Flightlib/vl53l8cx_driver/Core/Src/vl53l8cx/vl53l8cx_api.c **** #endif
 807:src/Flightlib/vl53l8cx_driver/Core/Src/vl53l8cx/vl53l8cx_api.c **** #ifndef VL53L8CX_DISABLE_DISTANCE_MM
 808:src/Flightlib/vl53l8cx_driver/Core/Src/vl53l8cx/vl53l8cx_api.c **** 			case VL53L8CX_DISTANCE_IDX:
 809:src/Flightlib/vl53l8cx_driver/Core/Src/vl53l8cx/vl53l8cx_api.c **** 				(void)memcpy(p_results->distance_mm,
 810:src/Flightlib/vl53l8cx_driver/Core/Src/vl53l8cx/vl53l8cx_api.c **** 				&(p_dev->temp_buffer[i + (uint32_t)4]), msize);
 811:src/Flightlib/vl53l8cx_driver/Core/Src/vl53l8cx/vl53l8cx_api.c **** 				break;
 812:src/Flightlib/vl53l8cx_driver/Core/Src/vl53l8cx/vl53l8cx_api.c **** #endif
 813:src/Flightlib/vl53l8cx_driver/Core/Src/vl53l8cx/vl53l8cx_api.c **** #ifndef VL53L8CX_DISABLE_REFLECTANCE_PERCENT
 814:src/Flightlib/vl53l8cx_driver/Core/Src/vl53l8cx/vl53l8cx_api.c **** 			case VL53L8CX_REFLECTANCE_EST_PC_IDX:
 815:src/Flightlib/vl53l8cx_driver/Core/Src/vl53l8cx/vl53l8cx_api.c **** 				(void)memcpy(p_results->reflectance,
 816:src/Flightlib/vl53l8cx_driver/Core/Src/vl53l8cx/vl53l8cx_api.c **** 				&(p_dev->temp_buffer[i + (uint32_t)4]), msize);
 817:src/Flightlib/vl53l8cx_driver/Core/Src/vl53l8cx/vl53l8cx_api.c **** 				break;
 818:src/Flightlib/vl53l8cx_driver/Core/Src/vl53l8cx/vl53l8cx_api.c **** #endif
 819:src/Flightlib/vl53l8cx_driver/Core/Src/vl53l8cx/vl53l8cx_api.c **** #ifndef VL53L8CX_DISABLE_TARGET_STATUS
 820:src/Flightlib/vl53l8cx_driver/Core/Src/vl53l8cx/vl53l8cx_api.c **** 			case VL53L8CX_TARGET_STATUS_IDX:
 821:src/Flightlib/vl53l8cx_driver/Core/Src/vl53l8cx/vl53l8cx_api.c **** 				(void)memcpy(p_results->target_status,
 822:src/Flightlib/vl53l8cx_driver/Core/Src/vl53l8cx/vl53l8cx_api.c **** 				&(p_dev->temp_buffer[i + (uint32_t)4]), msize);
 823:src/Flightlib/vl53l8cx_driver/Core/Src/vl53l8cx/vl53l8cx_api.c **** 				break;
 824:src/Flightlib/vl53l8cx_driver/Core/Src/vl53l8cx/vl53l8cx_api.c **** #endif
 825:src/Flightlib/vl53l8cx_driver/Core/Src/vl53l8cx/vl53l8cx_api.c **** #ifndef VL53L8CX_DISABLE_MOTION_INDICATOR
 826:src/Flightlib/vl53l8cx_driver/Core/Src/vl53l8cx/vl53l8cx_api.c **** 			case VL53L8CX_MOTION_DETEC_IDX:
 827:src/Flightlib/vl53l8cx_driver/Core/Src/vl53l8cx/vl53l8cx_api.c **** 				(void)memcpy(&p_results->motion_indicator,
 828:src/Flightlib/vl53l8cx_driver/Core/Src/vl53l8cx/vl53l8cx_api.c **** 				&(p_dev->temp_buffer[i + (uint32_t)4]), msize);
 829:src/Flightlib/vl53l8cx_driver/Core/Src/vl53l8cx/vl53l8cx_api.c **** 				break;
 830:src/Flightlib/vl53l8cx_driver/Core/Src/vl53l8cx/vl53l8cx_api.c **** #endif
 831:src/Flightlib/vl53l8cx_driver/Core/Src/vl53l8cx/vl53l8cx_api.c **** 			default:
 832:src/Flightlib/vl53l8cx_driver/Core/Src/vl53l8cx/vl53l8cx_api.c **** 				break;
 8706              		.loc 1 832 5
 8707 01b6 E90D0200 		jmp	.L126
 8707      00
 8708              	.L109:
 774:src/Flightlib/vl53l8cx_driver/Core/Src/vl53l8cx/vl53l8cx_api.c **** 				break;
 8709              		.loc 1 774 36
 8710 01bb 8B45EC   		movl	-20(%rbp), %eax
 8711 01be 8D500C   		leal	12(%rax), %edx
 774:src/Flightlib/vl53l8cx_driver/Core/Src/vl53l8cx/vl53l8cx_api.c **** 				break;
 8712              		.loc 1 774 33
 8713 01c1 488B45D8 		movq	-40(%rbp), %rax
 8714 01c5 89D2     		movl	%edx, %edx
 8715 01c7 0FB68410 		movzbl	1304(%rax,%rdx), %eax
 8715      18050000 
 774:src/Flightlib/vl53l8cx_driver/Core/Src/vl53l8cx/vl53l8cx_api.c **** 				break;
 8716              		.loc 1 774 7
 8717 01cf 89C2     		movl	%eax, %edx
 773:src/Flightlib/vl53l8cx_driver/Core/Src/vl53l8cx/vl53l8cx_api.c **** 						(int8_t)p_dev->temp_buffer[i + (uint32_t)12];
 8718              		.loc 1 773 34
 8719 01d1 488B45D0 		movq	-48(%rbp), %rax
 8720 01d5 8810     		movb	%dl, (%rax)
 775:src/Flightlib/vl53l8cx_driver/Core/Src/vl53l8cx/vl53l8cx_api.c **** 
 8721              		.loc 1 775 5
 8722 01d7 E9ED0100 		jmp	.L111
 8722      00
 8723              	.L110:
 779:src/Flightlib/vl53l8cx_driver/Core/Src/vl53l8cx/vl53l8cx_api.c **** 				&(p_dev->temp_buffer[i + (uint32_t)4]), msize);
 8724              		.loc 1 779 11
 8725 01dc 8B45F4   		movl	-12(%rbp), %eax
 780:src/Flightlib/vl53l8cx_driver/Core/Src/vl53l8cx/vl53l8cx_api.c **** 				break;
 8726              		.loc 1 780 28
 8727 01df 8B55EC   		movl	-20(%rbp), %edx
 8728 01e2 83C204   		addl	$4, %edx
 780:src/Flightlib/vl53l8cx_driver/Core/Src/vl53l8cx/vl53l8cx_api.c **** 				break;
 8729              		.loc 1 780 5
 8730 01e5 89D2     		movl	%edx, %edx
 8731 01e7 488D8A10 		leaq	1296(%rdx), %rcx
 8731      050000
 8732 01ee 488B55D8 		movq	-40(%rbp), %rdx
 8733 01f2 4801CA   		addq	%rcx, %rdx
 8734 01f5 488D7208 		leaq	8(%rdx), %rsi
 779:src/Flightlib/vl53l8cx_driver/Core/Src/vl53l8cx/vl53l8cx_api.c **** 				&(p_dev->temp_buffer[i + (uint32_t)4]), msize);
 8735              		.loc 1 779 27
 8736 01f9 488B55D0 		movq	-48(%rbp), %rdx
 8737 01fd 488D4A04 		leaq	4(%rdx), %rcx
 779:src/Flightlib/vl53l8cx_driver/Core/Src/vl53l8cx/vl53l8cx_api.c **** 				&(p_dev->temp_buffer[i + (uint32_t)4]), msize);
 8738              		.loc 1 779 11
 8739 0201 4889C2   		movq	%rax, %rdx
 8740 0204 4889CF   		movq	%rcx, %rdi
 8741 0207 E8000000 		call	memcpy@PLT
 8741      00
 781:src/Flightlib/vl53l8cx_driver/Core/Src/vl53l8cx/vl53l8cx_api.c **** #endif
 8742              		.loc 1 781 5
 8743 020c E9B80100 		jmp	.L111
 8743      00
 8744              	.L108:
 785:src/Flightlib/vl53l8cx_driver/Core/Src/vl53l8cx/vl53l8cx_api.c **** 				&(p_dev->temp_buffer[i + (uint32_t)4]), msize);
 8745              		.loc 1 785 11
 8746 0211 8B45F4   		movl	-12(%rbp), %eax
 786:src/Flightlib/vl53l8cx_driver/Core/Src/vl53l8cx/vl53l8cx_api.c **** 				break;
 8747              		.loc 1 786 28
 8748 0214 8B55EC   		movl	-20(%rbp), %edx
 8749 0217 83C204   		addl	$4, %edx
 786:src/Flightlib/vl53l8cx_driver/Core/Src/vl53l8cx/vl53l8cx_api.c **** 				break;
 8750              		.loc 1 786 5
 8751 021a 89D2     		movl	%edx, %edx
 8752 021c 488D8A10 		leaq	1296(%rdx), %rcx
 8752      050000
 8753 0223 488B55D8 		movq	-40(%rbp), %rdx
 8754 0227 4801CA   		addq	%rcx, %rdx
 8755 022a 488D7208 		leaq	8(%rdx), %rsi
 785:src/Flightlib/vl53l8cx_driver/Core/Src/vl53l8cx/vl53l8cx_api.c **** 				&(p_dev->temp_buffer[i + (uint32_t)4]), msize);
 8756              		.loc 1 785 27
 8757 022e 488B55D0 		movq	-48(%rbp), %rdx
 8758 0232 488D8A44 		leaq	324(%rdx), %rcx
 8758      010000
 785:src/Flightlib/vl53l8cx_driver/Core/Src/vl53l8cx/vl53l8cx_api.c **** 				&(p_dev->temp_buffer[i + (uint32_t)4]), msize);
 8759              		.loc 1 785 11
 8760 0239 4889C2   		movq	%rax, %rdx
 8761 023c 4889CF   		movq	%rcx, %rdi
 8762 023f E8000000 		call	memcpy@PLT
 8762      00
 787:src/Flightlib/vl53l8cx_driver/Core/Src/vl53l8cx/vl53l8cx_api.c **** #endif
 8763              		.loc 1 787 5
 8764 0244 E9800100 		jmp	.L111
 8764      00
 8765              	.L106:
 791:src/Flightlib/vl53l8cx_driver/Core/Src/vl53l8cx/vl53l8cx_api.c **** 				&(p_dev->temp_buffer[i + (uint32_t)4]), msize);
 8766              		.loc 1 791 11
 8767 0249 8B45F4   		movl	-12(%rbp), %eax
 792:src/Flightlib/vl53l8cx_driver/Core/Src/vl53l8cx/vl53l8cx_api.c **** 				break;
 8768              		.loc 1 792 28
 8769 024c 8B55EC   		movl	-20(%rbp), %edx
 8770 024f 83C204   		addl	$4, %edx
 792:src/Flightlib/vl53l8cx_driver/Core/Src/vl53l8cx/vl53l8cx_api.c **** 				break;
 8771              		.loc 1 792 5
 8772 0252 89D2     		movl	%edx, %edx
 8773 0254 488D8A10 		leaq	1296(%rdx), %rcx
 8773      050000
 8774 025b 488B55D8 		movq	-40(%rbp), %rdx
 8775 025f 4801CA   		addq	%rcx, %rdx
 8776 0262 488D7208 		leaq	8(%rdx), %rsi
 791:src/Flightlib/vl53l8cx_driver/Core/Src/vl53l8cx/vl53l8cx_api.c **** 				&(p_dev->temp_buffer[i + (uint32_t)4]), msize);
 8777              		.loc 1 791 27
 8778 0266 488B55D0 		movq	-48(%rbp), %rdx
 8779 026a 488D8A04 		leaq	260(%rdx), %rcx
 8779      010000
 791:src/Flightlib/vl53l8cx_driver/Core/Src/vl53l8cx/vl53l8cx_api.c **** 				&(p_dev->temp_buffer[i + (uint32_t)4]), msize);
 8780              		.loc 1 791 11
 8781 0271 4889C2   		movq	%rax, %rdx
 8782 0274 4889CF   		movq	%rcx, %rdi
 8783 0277 E8000000 		call	memcpy@PLT
 8783      00
 793:src/Flightlib/vl53l8cx_driver/Core/Src/vl53l8cx/vl53l8cx_api.c **** #endif
 8784              		.loc 1 793 5
 8785 027c E9480100 		jmp	.L111
 8785      00
 8786              	.L105:
 797:src/Flightlib/vl53l8cx_driver/Core/Src/vl53l8cx/vl53l8cx_api.c **** 				&(p_dev->temp_buffer[i + (uint32_t)4]), msize);
 8787              		.loc 1 797 11
 8788 0281 8B45F4   		movl	-12(%rbp), %eax
 798:src/Flightlib/vl53l8cx_driver/Core/Src/vl53l8cx/vl53l8cx_api.c **** 				break;
 8789              		.loc 1 798 28
 8790 0284 8B55EC   		movl	-20(%rbp), %edx
 8791 0287 83C204   		addl	$4, %edx
 798:src/Flightlib/vl53l8cx_driver/Core/Src/vl53l8cx/vl53l8cx_api.c **** 				break;
 8792              		.loc 1 798 5
 8793 028a 89D2     		movl	%edx, %edx
 8794 028c 488D8A10 		leaq	1296(%rdx), %rcx
 8794      050000
 8795 0293 488B55D8 		movq	-40(%rbp), %rdx
 8796 0297 4801CA   		addq	%rcx, %rdx
 8797 029a 488D7208 		leaq	8(%rdx), %rsi
 797:src/Flightlib/vl53l8cx_driver/Core/Src/vl53l8cx/vl53l8cx_api.c **** 				&(p_dev->temp_buffer[i + (uint32_t)4]), msize);
 8798              		.loc 1 797 27
 8799 029e 488B55D0 		movq	-48(%rbp), %rdx
 8800 02a2 488D8A44 		leaq	580(%rdx), %rcx
 8800      020000
 797:src/Flightlib/vl53l8cx_driver/Core/Src/vl53l8cx/vl53l8cx_api.c **** 				&(p_dev->temp_buffer[i + (uint32_t)4]), msize);
 8801              		.loc 1 797 11
 8802 02a9 4889C2   		movq	%rax, %rdx
 8803 02ac 4889CF   		movq	%rcx, %rdi
 8804 02af E8000000 		call	memcpy@PLT
 8804      00
 799:src/Flightlib/vl53l8cx_driver/Core/Src/vl53l8cx/vl53l8cx_api.c **** #endif
 8805              		.loc 1 799 5
 8806 02b4 E9100100 		jmp	.L111
 8806      00
 8807              	.L104:
 803:src/Flightlib/vl53l8cx_driver/Core/Src/vl53l8cx/vl53l8cx_api.c **** 				&(p_dev->temp_buffer[i + (uint32_t)4]), msize);
 8808              		.loc 1 803 11
 8809 02b9 8B45F4   		movl	-12(%rbp), %eax
 804:src/Flightlib/vl53l8cx_driver/Core/Src/vl53l8cx/vl53l8cx_api.c **** 				break;
 8810              		.loc 1 804 28
 8811 02bc 8B55EC   		movl	-20(%rbp), %edx
 8812 02bf 83C204   		addl	$4, %edx
 804:src/Flightlib/vl53l8cx_driver/Core/Src/vl53l8cx/vl53l8cx_api.c **** 				break;
 8813              		.loc 1 804 5
 8814 02c2 89D2     		movl	%edx, %edx
 8815 02c4 488D8A10 		leaq	1296(%rdx), %rcx
 8815      050000
 8816 02cb 488B55D8 		movq	-40(%rbp), %rdx
 8817 02cf 4801CA   		addq	%rcx, %rdx
 8818 02d2 488D7208 		leaq	8(%rdx), %rsi
 803:src/Flightlib/vl53l8cx_driver/Core/Src/vl53l8cx/vl53l8cx_api.c **** 				&(p_dev->temp_buffer[i + (uint32_t)4]), msize);
 8819              		.loc 1 803 27
 8820 02d6 488B55D0 		movq	-48(%rbp), %rdx
 8821 02da 488D8A44 		leaq	836(%rdx), %rcx
 8821      030000
 803:src/Flightlib/vl53l8cx_driver/Core/Src/vl53l8cx/vl53l8cx_api.c **** 				&(p_dev->temp_buffer[i + (uint32_t)4]), msize);
 8822              		.loc 1 803 11
 8823 02e1 4889C2   		movq	%rax, %rdx
 8824 02e4 4889CF   		movq	%rcx, %rdi
 8825 02e7 E8000000 		call	memcpy@PLT
 8825      00
 805:src/Flightlib/vl53l8cx_driver/Core/Src/vl53l8cx/vl53l8cx_api.c **** #endif
 8826              		.loc 1 805 5
 8827 02ec E9D80000 		jmp	.L111
 8827      00
 8828              	.L103:
 809:src/Flightlib/vl53l8cx_driver/Core/Src/vl53l8cx/vl53l8cx_api.c **** 				&(p_dev->temp_buffer[i + (uint32_t)4]), msize);
 8829              		.loc 1 809 11
 8830 02f1 8B45F4   		movl	-12(%rbp), %eax
 810:src/Flightlib/vl53l8cx_driver/Core/Src/vl53l8cx/vl53l8cx_api.c **** 				break;
 8831              		.loc 1 810 28
 8832 02f4 8B55EC   		movl	-20(%rbp), %edx
 8833 02f7 83C204   		addl	$4, %edx
 810:src/Flightlib/vl53l8cx_driver/Core/Src/vl53l8cx/vl53l8cx_api.c **** 				break;
 8834              		.loc 1 810 5
 8835 02fa 89D2     		movl	%edx, %edx
 8836 02fc 488D8A10 		leaq	1296(%rdx), %rcx
 8836      050000
 8837 0303 488B55D8 		movq	-40(%rbp), %rdx
 8838 0307 4801CA   		addq	%rcx, %rdx
 8839 030a 488D7208 		leaq	8(%rdx), %rsi
 809:src/Flightlib/vl53l8cx_driver/Core/Src/vl53l8cx/vl53l8cx_api.c **** 				&(p_dev->temp_buffer[i + (uint32_t)4]), msize);
 8840              		.loc 1 809 27
 8841 030e 488B55D0 		movq	-48(%rbp), %rdx
 8842 0312 488D8AC4 		leaq	964(%rdx), %rcx
 8842      030000
 809:src/Flightlib/vl53l8cx_driver/Core/Src/vl53l8cx/vl53l8cx_api.c **** 				&(p_dev->temp_buffer[i + (uint32_t)4]), msize);
 8843              		.loc 1 809 11
 8844 0319 4889C2   		movq	%rax, %rdx
 8845 031c 4889CF   		movq	%rcx, %rdi
 8846 031f E8000000 		call	memcpy@PLT
 8846      00
 811:src/Flightlib/vl53l8cx_driver/Core/Src/vl53l8cx/vl53l8cx_api.c **** #endif
 8847              		.loc 1 811 5
 8848 0324 E9A00000 		jmp	.L111
 8848      00
 8849              	.L102:
 815:src/Flightlib/vl53l8cx_driver/Core/Src/vl53l8cx/vl53l8cx_api.c **** 				&(p_dev->temp_buffer[i + (uint32_t)4]), msize);
 8850              		.loc 1 815 11
 8851 0329 8B45F4   		movl	-12(%rbp), %eax
 816:src/Flightlib/vl53l8cx_driver/Core/Src/vl53l8cx/vl53l8cx_api.c **** 				break;
 8852              		.loc 1 816 28
 8853 032c 8B55EC   		movl	-20(%rbp), %edx
 8854 032f 83C204   		addl	$4, %edx
 816:src/Flightlib/vl53l8cx_driver/Core/Src/vl53l8cx/vl53l8cx_api.c **** 				break;
 8855              		.loc 1 816 5
 8856 0332 89D2     		movl	%edx, %edx
 8857 0334 488D8A10 		leaq	1296(%rdx), %rcx
 8857      050000
 8858 033b 488B55D8 		movq	-40(%rbp), %rdx
 8859 033f 4801CA   		addq	%rcx, %rdx
 8860 0342 488D7208 		leaq	8(%rdx), %rsi
 815:src/Flightlib/vl53l8cx_driver/Core/Src/vl53l8cx/vl53l8cx_api.c **** 				&(p_dev->temp_buffer[i + (uint32_t)4]), msize);
 8861              		.loc 1 815 27
 8862 0346 488B55D0 		movq	-48(%rbp), %rdx
 8863 034a 488D8A44 		leaq	1092(%rdx), %rcx
 8863      040000
 815:src/Flightlib/vl53l8cx_driver/Core/Src/vl53l8cx/vl53l8cx_api.c **** 				&(p_dev->temp_buffer[i + (uint32_t)4]), msize);
 8864              		.loc 1 815 11
 8865 0351 4889C2   		movq	%rax, %rdx
 8866 0354 4889CF   		movq	%rcx, %rdi
 8867 0357 E8000000 		call	memcpy@PLT
 8867      00
 817:src/Flightlib/vl53l8cx_driver/Core/Src/vl53l8cx/vl53l8cx_api.c **** #endif
 8868              		.loc 1 817 5
 8869 035c EB6B     		jmp	.L111
 8870              	.L100:
 821:src/Flightlib/vl53l8cx_driver/Core/Src/vl53l8cx/vl53l8cx_api.c **** 				&(p_dev->temp_buffer[i + (uint32_t)4]), msize);
 8871              		.loc 1 821 11
 8872 035e 8B45F4   		movl	-12(%rbp), %eax
 822:src/Flightlib/vl53l8cx_driver/Core/Src/vl53l8cx/vl53l8cx_api.c **** 				break;
 8873              		.loc 1 822 28
 8874 0361 8B55EC   		movl	-20(%rbp), %edx
 8875 0364 83C204   		addl	$4, %edx
 822:src/Flightlib/vl53l8cx_driver/Core/Src/vl53l8cx/vl53l8cx_api.c **** 				break;
 8876              		.loc 1 822 5
 8877 0367 89D2     		movl	%edx, %edx
 8878 0369 488D8A10 		leaq	1296(%rdx), %rcx
 8878      050000
 8879 0370 488B55D8 		movq	-40(%rbp), %rdx
 8880 0374 4801CA   		addq	%rcx, %rdx
 8881 0377 488D7208 		leaq	8(%rdx), %rsi
 821:src/Flightlib/vl53l8cx_driver/Core/Src/vl53l8cx/vl53l8cx_api.c **** 				&(p_dev->temp_buffer[i + (uint32_t)4]), msize);
 8882              		.loc 1 821 27
 8883 037b 488B55D0 		movq	-48(%rbp), %rdx
 8884 037f 488D8A84 		leaq	1156(%rdx), %rcx
 8884      040000
 821:src/Flightlib/vl53l8cx_driver/Core/Src/vl53l8cx/vl53l8cx_api.c **** 				&(p_dev->temp_buffer[i + (uint32_t)4]), msize);
 8885              		.loc 1 821 11
 8886 0386 4889C2   		movq	%rax, %rdx
 8887 0389 4889CF   		movq	%rcx, %rdi
 8888 038c E8000000 		call	memcpy@PLT
 8888      00
 823:src/Flightlib/vl53l8cx_driver/Core/Src/vl53l8cx/vl53l8cx_api.c **** #endif
 8889              		.loc 1 823 5
 8890 0391 EB36     		jmp	.L111
 8891              	.L107:
 827:src/Flightlib/vl53l8cx_driver/Core/Src/vl53l8cx/vl53l8cx_api.c **** 				&(p_dev->temp_buffer[i + (uint32_t)4]), msize);
 8892              		.loc 1 827 11
 8893 0393 8B45F4   		movl	-12(%rbp), %eax
 828:src/Flightlib/vl53l8cx_driver/Core/Src/vl53l8cx/vl53l8cx_api.c **** 				break;
 8894              		.loc 1 828 28
 8895 0396 8B55EC   		movl	-20(%rbp), %edx
 8896 0399 83C204   		addl	$4, %edx
 828:src/Flightlib/vl53l8cx_driver/Core/Src/vl53l8cx/vl53l8cx_api.c **** 				break;
 8897              		.loc 1 828 5
 8898 039c 89D2     		movl	%edx, %edx
 8899 039e 488D8A10 		leaq	1296(%rdx), %rcx
 8899      050000
 8900 03a5 488B55D8 		movq	-40(%rbp), %rdx
 8901 03a9 4801CA   		addq	%rcx, %rdx
 8902 03ac 488D7208 		leaq	8(%rdx), %rsi
 827:src/Flightlib/vl53l8cx_driver/Core/Src/vl53l8cx/vl53l8cx_api.c **** 				&(p_dev->temp_buffer[i + (uint32_t)4]), msize);
 8903              		.loc 1 827 18
 8904 03b0 488B55D0 		movq	-48(%rbp), %rdx
 8905 03b4 488D8AC4 		leaq	1220(%rdx), %rcx
 8905      040000
 827:src/Flightlib/vl53l8cx_driver/Core/Src/vl53l8cx/vl53l8cx_api.c **** 				&(p_dev->temp_buffer[i + (uint32_t)4]), msize);
 8906              		.loc 1 827 11
 8907 03bb 4889C2   		movq	%rax, %rdx
 8908 03be 4889CF   		movq	%rcx, %rdi
 8909 03c1 E8000000 		call	memcpy@PLT
 8909      00
 829:src/Flightlib/vl53l8cx_driver/Core/Src/vl53l8cx/vl53l8cx_api.c **** #endif
 8910              		.loc 1 829 5
 8911 03c6 EB01     		jmp	.L111
 8912              	.L126:
 8913              		.loc 1 832 5
 8914 03c8 90       		nop
 8915              	.L111:
 833:src/Flightlib/vl53l8cx_driver/Core/Src/vl53l8cx/vl53l8cx_api.c **** 		}
 834:src/Flightlib/vl53l8cx_driver/Core/Src/vl53l8cx/vl53l8cx_api.c **** 		i += msize;
 8916              		.loc 1 834 5
 8917 03c9 8B45F4   		movl	-12(%rbp), %eax
 8918 03cc 0145EC   		addl	%eax, -20(%rbp)
 758:src/Flightlib/vl53l8cx_driver/Core/Src/vl53l8cx/vl53l8cx_api.c **** 	{
 8919              		.loc 1 758 50
 8920 03cf 8345EC04 		addl	$4, -20(%rbp)
 8921              	.L97:
 758:src/Flightlib/vl53l8cx_driver/Core/Src/vl53l8cx/vl53l8cx_api.c **** 	{
 8922              		.loc 1 758 31 discriminator 1
 8923 03d3 488B45D8 		movq	-40(%rbp), %rax
 8924 03d7 8B4010   		movl	16(%rax), %eax
 758:src/Flightlib/vl53l8cx_driver/Core/Src/vl53l8cx/vl53l8cx_api.c **** 	{
 8925              		.loc 1 758 14 discriminator 1
 8926 03da 3945EC   		cmpl	%eax, -20(%rbp)
 8927 03dd 0F82A5FC 		jb	.L112
 8927      FFFF
 835:src/Flightlib/vl53l8cx_driver/Core/Src/vl53l8cx/vl53l8cx_api.c **** 	}
 836:src/Flightlib/vl53l8cx_driver/Core/Src/vl53l8cx/vl53l8cx_api.c **** 
 837:src/Flightlib/vl53l8cx_driver/Core/Src/vl53l8cx/vl53l8cx_api.c **** #ifndef VL53L8CX_USE_RAW_FORMAT
 838:src/Flightlib/vl53l8cx_driver/Core/Src/vl53l8cx/vl53l8cx_api.c **** 
 839:src/Flightlib/vl53l8cx_driver/Core/Src/vl53l8cx/vl53l8cx_api.c **** 	/* Convert data into their real format */
 840:src/Flightlib/vl53l8cx_driver/Core/Src/vl53l8cx/vl53l8cx_api.c **** #ifndef VL53L8CX_DISABLE_AMBIENT_PER_SPAD
 841:src/Flightlib/vl53l8cx_driver/Core/Src/vl53l8cx/vl53l8cx_api.c **** 	for(i = 0; i < (uint32_t)VL53L8CX_RESOLUTION_8X8; i++)
 8928              		.loc 1 841 8
 8929 03e3 C745EC00 		movl	$0, -20(%rbp)
 8929      000000
 8930              		.loc 1 841 2
 8931 03ea EB1F     		jmp	.L113
 8932              	.L114:
 842:src/Flightlib/vl53l8cx_driver/Core/Src/vl53l8cx/vl53l8cx_api.c **** 	{
 843:src/Flightlib/vl53l8cx_driver/Core/Src/vl53l8cx/vl53l8cx_api.c **** 		p_results->ambient_per_spad[i] /= (uint32_t)2048;
 8933              		.loc 1 843 30
 8934 03ec 488B45D0 		movq	-48(%rbp), %rax
 8935 03f0 8B55EC   		movl	-20(%rbp), %edx
 8936 03f3 8B449004 		movl	4(%rax,%rdx,4), %eax
 8937              		.loc 1 843 34
 8938 03f7 C1E80B   		shrl	$11, %eax
 8939 03fa 89C1     		movl	%eax, %ecx
 8940 03fc 488B45D0 		movq	-48(%rbp), %rax
 8941 0400 8B55EC   		movl	-20(%rbp), %edx
 8942 0403 894C9004 		movl	%ecx, 4(%rax,%rdx,4)
 841:src/Flightlib/vl53l8cx_driver/Core/Src/vl53l8cx/vl53l8cx_api.c **** 	{
 8943              		.loc 1 841 53 discriminator 3
 8944 0407 8345EC01 		addl	$1, -20(%rbp)
 8945              	.L113:
 841:src/Flightlib/vl53l8cx_driver/Core/Src/vl53l8cx/vl53l8cx_api.c **** 	{
 8946              		.loc 1 841 15 discriminator 1
 8947 040b 837DEC3F 		cmpl	$63, -20(%rbp)
 8948 040f 76DB     		jbe	.L114
 844:src/Flightlib/vl53l8cx_driver/Core/Src/vl53l8cx/vl53l8cx_api.c **** 	}
 845:src/Flightlib/vl53l8cx_driver/Core/Src/vl53l8cx/vl53l8cx_api.c **** #endif
 846:src/Flightlib/vl53l8cx_driver/Core/Src/vl53l8cx/vl53l8cx_api.c **** 
 847:src/Flightlib/vl53l8cx_driver/Core/Src/vl53l8cx/vl53l8cx_api.c **** 	for(i = 0; i < (uint32_t)(VL53L8CX_RESOLUTION_8X8
 8949              		.loc 1 847 8
 8950 0411 C745EC00 		movl	$0, -20(%rbp)
 8950      000000
 8951              		.loc 1 847 2
 8952 0418 E9AF0000 		jmp	.L115
 8952      00
 8953              	.L116:
 848:src/Flightlib/vl53l8cx_driver/Core/Src/vl53l8cx/vl53l8cx_api.c **** 			*VL53L8CX_NB_TARGET_PER_ZONE); i++)
 849:src/Flightlib/vl53l8cx_driver/Core/Src/vl53l8cx/vl53l8cx_api.c **** 	{
 850:src/Flightlib/vl53l8cx_driver/Core/Src/vl53l8cx/vl53l8cx_api.c **** #ifndef VL53L8CX_DISABLE_DISTANCE_MM
 851:src/Flightlib/vl53l8cx_driver/Core/Src/vl53l8cx/vl53l8cx_api.c **** 		p_results->distance_mm[i] /= 4;
 8954              		.loc 1 851 25
 8955 041d 488B45D0 		movq	-48(%rbp), %rax
 8956 0421 8B55EC   		movl	-20(%rbp), %edx
 8957 0424 4881C2E0 		addq	$480, %rdx
 8957      010000
 8958 042b 0FB74450 		movzwl	4(%rax,%rdx,2), %eax
 8958      04
 8959              		.loc 1 851 29
 8960 0430 8D5003   		leal	3(%rax), %edx
 8961 0433 6685C0   		testw	%ax, %ax
 8962 0436 0F48C2   		cmovs	%edx, %eax
 8963 0439 66C1F802 		sarw	$2, %ax
 8964 043d 89C1     		movl	%eax, %ecx
 8965 043f 488B45D0 		movq	-48(%rbp), %rax
 8966 0443 8B55EC   		movl	-20(%rbp), %edx
 8967 0446 4881C2E0 		addq	$480, %rdx
 8967      010000
 8968 044d 66894C50 		movw	%cx, 4(%rax,%rdx,2)
 8968      04
 852:src/Flightlib/vl53l8cx_driver/Core/Src/vl53l8cx/vl53l8cx_api.c **** #endif
 853:src/Flightlib/vl53l8cx_driver/Core/Src/vl53l8cx/vl53l8cx_api.c **** #ifndef VL53L8CX_DISABLE_REFLECTANCE_PERCENT
 854:src/Flightlib/vl53l8cx_driver/Core/Src/vl53l8cx/vl53l8cx_api.c **** 		p_results->reflectance[i] /= (uint8_t)2;
 8969              		.loc 1 854 25
 8970 0452 488B55D0 		movq	-48(%rbp), %rdx
 8971 0456 8B45EC   		movl	-20(%rbp), %eax
 8972 0459 0FB68402 		movzbl	1092(%rdx,%rax), %eax
 8972      44040000 
 8973              		.loc 1 854 29
 8974 0461 D0E8     		shrb	%al
 8975 0463 89C1     		movl	%eax, %ecx
 8976 0465 488B55D0 		movq	-48(%rbp), %rdx
 8977 0469 8B45EC   		movl	-20(%rbp), %eax
 8978 046c 888C0244 		movb	%cl, 1092(%rdx,%rax)
 8978      040000
 855:src/Flightlib/vl53l8cx_driver/Core/Src/vl53l8cx/vl53l8cx_api.c **** #endif
 856:src/Flightlib/vl53l8cx_driver/Core/Src/vl53l8cx/vl53l8cx_api.c **** #ifndef VL53L8CX_DISABLE_RANGE_SIGMA_MM
 857:src/Flightlib/vl53l8cx_driver/Core/Src/vl53l8cx/vl53l8cx_api.c **** 		p_results->range_sigma_mm[i] /= (uint16_t)128;
 8979              		.loc 1 857 28
 8980 0473 488B45D0 		movq	-48(%rbp), %rax
 8981 0477 8B55EC   		movl	-20(%rbp), %edx
 8982 047a 4881C2A0 		addq	$416, %rdx
 8982      010000
 8983 0481 0FB74450 		movzwl	4(%rax,%rdx,2), %eax
 8983      04
 8984              		.loc 1 857 32
 8985 0486 66C1E807 		shrw	$7, %ax
 8986 048a 89C1     		movl	%eax, %ecx
 8987 048c 488B45D0 		movq	-48(%rbp), %rax
 8988 0490 8B55EC   		movl	-20(%rbp), %edx
 8989 0493 4881C2A0 		addq	$416, %rdx
 8989      010000
 8990 049a 66894C50 		movw	%cx, 4(%rax,%rdx,2)
 8990      04
 858:src/Flightlib/vl53l8cx_driver/Core/Src/vl53l8cx/vl53l8cx_api.c **** #endif
 859:src/Flightlib/vl53l8cx_driver/Core/Src/vl53l8cx/vl53l8cx_api.c **** #ifndef VL53L8CX_DISABLE_SIGNAL_PER_SPAD
 860:src/Flightlib/vl53l8cx_driver/Core/Src/vl53l8cx/vl53l8cx_api.c **** 		p_results->signal_per_spad[i] /= (uint32_t)2048;
 8991              		.loc 1 860 29
 8992 049f 488B45D0 		movq	-48(%rbp), %rax
 8993 04a3 8B55EC   		movl	-20(%rbp), %edx
 8994 04a6 4881C290 		addq	$144, %rdx
 8994      000000
 8995 04ad 8B449004 		movl	4(%rax,%rdx,4), %eax
 8996              		.loc 1 860 33
 8997 04b1 C1E80B   		shrl	$11, %eax
 8998 04b4 89C1     		movl	%eax, %ecx
 8999 04b6 488B45D0 		movq	-48(%rbp), %rax
 9000 04ba 8B55EC   		movl	-20(%rbp), %edx
 9001 04bd 4881C290 		addq	$144, %rdx
 9001      000000
 9002 04c4 894C9004 		movl	%ecx, 4(%rax,%rdx,4)
 848:src/Flightlib/vl53l8cx_driver/Core/Src/vl53l8cx/vl53l8cx_api.c **** 	{
 9003              		.loc 1 848 36
 9004 04c8 8345EC01 		addl	$1, -20(%rbp)
 9005              	.L115:
 847:src/Flightlib/vl53l8cx_driver/Core/Src/vl53l8cx/vl53l8cx_api.c **** 			*VL53L8CX_NB_TARGET_PER_ZONE); i++)
 9006              		.loc 1 847 15 discriminator 1
 9007 04cc 837DEC3F 		cmpl	$63, -20(%rbp)
 9008 04d0 0F8647FF 		jbe	.L116
 9008      FFFF
 861:src/Flightlib/vl53l8cx_driver/Core/Src/vl53l8cx/vl53l8cx_api.c **** #endif
 862:src/Flightlib/vl53l8cx_driver/Core/Src/vl53l8cx/vl53l8cx_api.c **** 	}
 863:src/Flightlib/vl53l8cx_driver/Core/Src/vl53l8cx/vl53l8cx_api.c **** 
 864:src/Flightlib/vl53l8cx_driver/Core/Src/vl53l8cx/vl53l8cx_api.c **** 	/* Set target status to 255 if no target is detected for this zone */
 865:src/Flightlib/vl53l8cx_driver/Core/Src/vl53l8cx/vl53l8cx_api.c **** #ifndef VL53L8CX_DISABLE_NB_TARGET_DETECTED
 866:src/Flightlib/vl53l8cx_driver/Core/Src/vl53l8cx/vl53l8cx_api.c **** 	for(i = 0; i < (uint32_t)VL53L8CX_RESOLUTION_8X8; i++)
 9009              		.loc 1 866 8
 9010 04d6 C745EC00 		movl	$0, -20(%rbp)
 9010      000000
 9011              		.loc 1 866 2
 9012 04dd EB40     		jmp	.L117
 9013              	.L121:
 867:src/Flightlib/vl53l8cx_driver/Core/Src/vl53l8cx/vl53l8cx_api.c **** 	{
 868:src/Flightlib/vl53l8cx_driver/Core/Src/vl53l8cx/vl53l8cx_api.c **** 		if(p_results->nb_target_detected[i] == (uint8_t)0){
 9014              		.loc 1 868 35
 9015 04df 488B55D0 		movq	-48(%rbp), %rdx
 9016 04e3 8B45EC   		movl	-20(%rbp), %eax
 9017 04e6 0FB68402 		movzbl	260(%rdx,%rax), %eax
 9017      04010000 
 9018              		.loc 1 868 5
 9019 04ee 84C0     		testb	%al, %al
 9020 04f0 7529     		jne	.L118
 869:src/Flightlib/vl53l8cx_driver/Core/Src/vl53l8cx/vl53l8cx_api.c **** 			for(j = 0; j < (uint32_t)
 9021              		.loc 1 869 10
 9022 04f2 C745F000 		movl	$0, -16(%rbp)
 9022      000000
 9023              		.loc 1 869 4
 9024 04f9 EB1A     		jmp	.L119
 9025              	.L120:
 870:src/Flightlib/vl53l8cx_driver/Core/Src/vl53l8cx/vl53l8cx_api.c **** 				VL53L8CX_NB_TARGET_PER_ZONE; j++)
 871:src/Flightlib/vl53l8cx_driver/Core/Src/vl53l8cx/vl53l8cx_api.c **** 			{
 872:src/Flightlib/vl53l8cx_driver/Core/Src/vl53l8cx/vl53l8cx_api.c **** #ifndef VL53L8CX_DISABLE_TARGET_STATUS
 873:src/Flightlib/vl53l8cx_driver/Core/Src/vl53l8cx/vl53l8cx_api.c **** 				p_results->target_status
 874:src/Flightlib/vl53l8cx_driver/Core/Src/vl53l8cx/vl53l8cx_api.c **** 				[((uint32_t)VL53L8CX_NB_TARGET_PER_ZONE
 875:src/Flightlib/vl53l8cx_driver/Core/Src/vl53l8cx/vl53l8cx_api.c **** 					*(uint32_t)i) + j]=(uint8_t)255;
 9026              		.loc 1 875 20
 9027 04fb 8B55EC   		movl	-20(%rbp), %edx
 9028 04fe 8B45F0   		movl	-16(%rbp), %eax
 9029 0501 01C2     		addl	%eax, %edx
 9030              		.loc 1 875 24
 9031 0503 488B45D0 		movq	-48(%rbp), %rax
 9032 0507 89D2     		movl	%edx, %edx
 9033 0509 C6841084 		movb	$-1, 1156(%rax,%rdx)
 9033      040000FF 
 870:src/Flightlib/vl53l8cx_driver/Core/Src/vl53l8cx/vl53l8cx_api.c **** 				VL53L8CX_NB_TARGET_PER_ZONE; j++)
 9034              		.loc 1 870 35
 9035 0511 8345F001 		addl	$1, -16(%rbp)
 9036              	.L119:
 869:src/Flightlib/vl53l8cx_driver/Core/Src/vl53l8cx/vl53l8cx_api.c **** 			for(j = 0; j < (uint32_t)
 9037              		.loc 1 869 17 discriminator 1
 9038 0515 837DF000 		cmpl	$0, -16(%rbp)
 9039 0519 74E0     		je	.L120
 9040              	.L118:
 866:src/Flightlib/vl53l8cx_driver/Core/Src/vl53l8cx/vl53l8cx_api.c **** 	{
 9041              		.loc 1 866 53 discriminator 2
 9042 051b 8345EC01 		addl	$1, -20(%rbp)
 9043              	.L117:
 866:src/Flightlib/vl53l8cx_driver/Core/Src/vl53l8cx/vl53l8cx_api.c **** 	{
 9044              		.loc 1 866 15 discriminator 1
 9045 051f 837DEC3F 		cmpl	$63, -20(%rbp)
 9046 0523 76BA     		jbe	.L121
 876:src/Flightlib/vl53l8cx_driver/Core/Src/vl53l8cx/vl53l8cx_api.c **** #endif
 877:src/Flightlib/vl53l8cx_driver/Core/Src/vl53l8cx/vl53l8cx_api.c **** 			}
 878:src/Flightlib/vl53l8cx_driver/Core/Src/vl53l8cx/vl53l8cx_api.c **** 		}
 879:src/Flightlib/vl53l8cx_driver/Core/Src/vl53l8cx/vl53l8cx_api.c **** 	}
 880:src/Flightlib/vl53l8cx_driver/Core/Src/vl53l8cx/vl53l8cx_api.c **** #endif
 881:src/Flightlib/vl53l8cx_driver/Core/Src/vl53l8cx/vl53l8cx_api.c **** 
 882:src/Flightlib/vl53l8cx_driver/Core/Src/vl53l8cx/vl53l8cx_api.c **** #ifndef VL53L8CX_DISABLE_MOTION_INDICATOR
 883:src/Flightlib/vl53l8cx_driver/Core/Src/vl53l8cx/vl53l8cx_api.c **** 	for(i = 0; i < (uint32_t)32; i++)
 9047              		.loc 1 883 8
 9048 0525 C745EC00 		movl	$0, -20(%rbp)
 9048      000000
 9049              		.loc 1 883 2
 9050 052c EB44     		jmp	.L122
 9051              	.L123:
 884:src/Flightlib/vl53l8cx_driver/Core/Src/vl53l8cx/vl53l8cx_api.c **** 	{
 885:src/Flightlib/vl53l8cx_driver/Core/Src/vl53l8cx/vl53l8cx_api.c **** 		p_results->motion_indicator.motion[i] /= (uint32_t)65535;
 9052              		.loc 1 885 37
 9053 052e 488B45D0 		movq	-48(%rbp), %rax
 9054 0532 8B55EC   		movl	-20(%rbp), %edx
 9055 0535 4881C230 		addq	$304, %rdx
 9055      010000
 9056 053c 8B449010 		movl	16(%rax,%rdx,4), %eax
 9057              		.loc 1 885 41
 9058 0540 89C2     		movl	%eax, %edx
 9059 0542 4889D0   		movq	%rdx, %rax
 9060 0545 48C1E010 		salq	$16, %rax
 9061 0549 4801D0   		addq	%rdx, %rax
 9062 054c 48C1E00F 		salq	$15, %rax
 9063 0550 4801D0   		addq	%rdx, %rax
 9064 0553 48C1E820 		shrq	$32, %rax
 9065 0557 89C1     		movl	%eax, %ecx
 9066 0559 C1E90F   		shrl	$15, %ecx
 9067 055c 488B45D0 		movq	-48(%rbp), %rax
 9068 0560 8B55EC   		movl	-20(%rbp), %edx
 9069 0563 4881C230 		addq	$304, %rdx
 9069      010000
 9070 056a 894C9010 		movl	%ecx, 16(%rax,%rdx,4)
 883:src/Flightlib/vl53l8cx_driver/Core/Src/vl53l8cx/vl53l8cx_api.c **** 	{
 9071              		.loc 1 883 32 discriminator 3
 9072 056e 8345EC01 		addl	$1, -20(%rbp)
 9073              	.L122:
 883:src/Flightlib/vl53l8cx_driver/Core/Src/vl53l8cx/vl53l8cx_api.c **** 	{
 9074              		.loc 1 883 15 discriminator 1
 9075 0572 837DEC1F 		cmpl	$31, -20(%rbp)
 9076 0576 76B6     		jbe	.L123
 886:src/Flightlib/vl53l8cx_driver/Core/Src/vl53l8cx/vl53l8cx_api.c **** 	}
 887:src/Flightlib/vl53l8cx_driver/Core/Src/vl53l8cx/vl53l8cx_api.c **** #endif
 888:src/Flightlib/vl53l8cx_driver/Core/Src/vl53l8cx/vl53l8cx_api.c **** 
 889:src/Flightlib/vl53l8cx_driver/Core/Src/vl53l8cx/vl53l8cx_api.c **** #endif
 890:src/Flightlib/vl53l8cx_driver/Core/Src/vl53l8cx/vl53l8cx_api.c **** 
 891:src/Flightlib/vl53l8cx_driver/Core/Src/vl53l8cx/vl53l8cx_api.c **** 	/* Check if footer id and header id are matching. This allows to detect
 892:src/Flightlib/vl53l8cx_driver/Core/Src/vl53l8cx/vl53l8cx_api.c **** 	 * corrupted frames */
 893:src/Flightlib/vl53l8cx_driver/Core/Src/vl53l8cx/vl53l8cx_api.c **** 	header_id = ((uint16_t)(p_dev->temp_buffer[0x8])<<8) & 0xFF00U;
 9077              		.loc 1 893 44
 9078 0578 488B45D8 		movq	-40(%rbp), %rax
 9079 057c 0FB68020 		movzbl	1312(%rax), %eax
 9079      050000
 9080 0583 0FB6C0   		movzbl	%al, %eax
 9081              		.loc 1 893 12
 9082 0586 C1E008   		sall	$8, %eax
 9083 0589 668945E8 		movw	%ax, -24(%rbp)
 894:src/Flightlib/vl53l8cx_driver/Core/Src/vl53l8cx/vl53l8cx_api.c **** 	header_id |= ((uint16_t)(p_dev->temp_buffer[0x9])) & 0x00FFU;
 9084              		.loc 1 894 45
 9085 058d 488B45D8 		movq	-40(%rbp), %rax
 9086 0591 0FB68021 		movzbl	1313(%rax), %eax
 9086      050000
 9087 0598 0FB6C0   		movzbl	%al, %eax
 9088              		.loc 1 894 12
 9089 059b 660945E8 		orw	%ax, -24(%rbp)
 895:src/Flightlib/vl53l8cx_driver/Core/Src/vl53l8cx/vl53l8cx_api.c **** 
 896:src/Flightlib/vl53l8cx_driver/Core/Src/vl53l8cx/vl53l8cx_api.c **** 	footer_id = ((uint16_t)(p_dev->temp_buffer[p_dev->data_read_size
 9090              		.loc 1 896 50
 9091 059f 488B45D8 		movq	-40(%rbp), %rax
 9092 05a3 8B4010   		movl	16(%rax), %eax
 897:src/Flightlib/vl53l8cx_driver/Core/Src/vl53l8cx/vl53l8cx_api.c **** 		- (uint32_t)4]) << 8) & 0xFF00U;
 9093              		.loc 1 897 3
 9094 05a6 8D50FC   		leal	-4(%rax), %edx
 896:src/Flightlib/vl53l8cx_driver/Core/Src/vl53l8cx/vl53l8cx_api.c **** 		- (uint32_t)4]) << 8) & 0xFF00U;
 9095              		.loc 1 896 44
 9096 05a9 488B45D8 		movq	-40(%rbp), %rax
 9097 05ad 89D2     		movl	%edx, %edx
 9098 05af 0FB68410 		movzbl	1304(%rax,%rdx), %eax
 9098      18050000 
 9099 05b7 0FB6C0   		movzbl	%al, %eax
 896:src/Flightlib/vl53l8cx_driver/Core/Src/vl53l8cx/vl53l8cx_api.c **** 		- (uint32_t)4]) << 8) & 0xFF00U;
 9100              		.loc 1 896 12
 9101 05ba C1E008   		sall	$8, %eax
 9102 05bd 668945EA 		movw	%ax, -22(%rbp)
 898:src/Flightlib/vl53l8cx_driver/Core/Src/vl53l8cx/vl53l8cx_api.c **** 	footer_id |= ((uint16_t)(p_dev->temp_buffer[p_dev->data_read_size
 9103              		.loc 1 898 51
 9104 05c1 488B45D8 		movq	-40(%rbp), %rax
 9105 05c5 8B4010   		movl	16(%rax), %eax
 899:src/Flightlib/vl53l8cx_driver/Core/Src/vl53l8cx/vl53l8cx_api.c **** 		- (uint32_t)3])) & 0xFFU;
 9106              		.loc 1 899 3
 9107 05c8 8D50FD   		leal	-3(%rax), %edx
 898:src/Flightlib/vl53l8cx_driver/Core/Src/vl53l8cx/vl53l8cx_api.c **** 	footer_id |= ((uint16_t)(p_dev->temp_buffer[p_dev->data_read_size
 9108              		.loc 1 898 45
 9109 05cb 488B45D8 		movq	-40(%rbp), %rax
 9110 05cf 89D2     		movl	%edx, %edx
 9111 05d1 0FB68410 		movzbl	1304(%rax,%rdx), %eax
 9111      18050000 
 9112 05d9 0FB6C0   		movzbl	%al, %eax
 898:src/Flightlib/vl53l8cx_driver/Core/Src/vl53l8cx/vl53l8cx_api.c **** 	footer_id |= ((uint16_t)(p_dev->temp_buffer[p_dev->data_read_size
 9113              		.loc 1 898 12
 9114 05dc 660945EA 		orw	%ax, -22(%rbp)
 900:src/Flightlib/vl53l8cx_driver/Core/Src/vl53l8cx/vl53l8cx_api.c **** 
 901:src/Flightlib/vl53l8cx_driver/Core/Src/vl53l8cx/vl53l8cx_api.c **** 	if(header_id != footer_id)
 9115              		.loc 1 901 4
 9116 05e0 0FB745E8 		movzwl	-24(%rbp), %eax
 9117 05e4 663B45EA 		cmpw	-22(%rbp), %ax
 9118 05e8 7404     		je	.L124
 902:src/Flightlib/vl53l8cx_driver/Core/Src/vl53l8cx/vl53l8cx_api.c **** 	{
 903:src/Flightlib/vl53l8cx_driver/Core/Src/vl53l8cx/vl53l8cx_api.c **** 		status |= VL53L8CX_STATUS_CORRUPTED_FRAME;
 9119              		.loc 1 903 10
 9120 05ea 804DE702 		orb	$2, -25(%rbp)
 9121              	.L124:
 904:src/Flightlib/vl53l8cx_driver/Core/Src/vl53l8cx/vl53l8cx_api.c **** 	}
 905:src/Flightlib/vl53l8cx_driver/Core/Src/vl53l8cx/vl53l8cx_api.c **** 
 906:src/Flightlib/vl53l8cx_driver/Core/Src/vl53l8cx/vl53l8cx_api.c **** 	return status;
 9122              		.loc 1 906 9
 9123 05ee 0FB645E7 		movzbl	-25(%rbp), %eax
 907:src/Flightlib/vl53l8cx_driver/Core/Src/vl53l8cx/vl53l8cx_api.c **** }
 9124              		.loc 1 907 1
 9125 05f2 C9       		leave
 9126              	.LCFI38:
 9127              		.cfi_def_cfa 7, 8
 9128 05f3 C3       		ret
 9129              		.cfi_endproc
 9130              	.LFE18:
 9132              		.section	.text.vl53l8cx_get_resolution,"ax",@progbits
 9133              		.globl	vl53l8cx_get_resolution
 9135              	vl53l8cx_get_resolution:
 9136              	.LFB19:
 908:src/Flightlib/vl53l8cx_driver/Core/Src/vl53l8cx/vl53l8cx_api.c **** 
 909:src/Flightlib/vl53l8cx_driver/Core/Src/vl53l8cx/vl53l8cx_api.c **** uint8_t vl53l8cx_get_resolution(
 910:src/Flightlib/vl53l8cx_driver/Core/Src/vl53l8cx/vl53l8cx_api.c **** 		VL53L8CX_Configuration		*p_dev,
 911:src/Flightlib/vl53l8cx_driver/Core/Src/vl53l8cx/vl53l8cx_api.c **** 		uint8_t				*p_resolution)
 912:src/Flightlib/vl53l8cx_driver/Core/Src/vl53l8cx/vl53l8cx_api.c **** {
 9137              		.loc 1 912 1
 9138              		.cfi_startproc
 9139 0000 F30F1EFA 		endbr64
 9140 0004 55       		pushq	%rbp
 9141              	.LCFI39:
 9142              		.cfi_def_cfa_offset 16
 9143              		.cfi_offset 6, -16
 9144 0005 4889E5   		movq	%rsp, %rbp
 9145              	.LCFI40:
 9146              		.cfi_def_cfa_register 6
 9147 0008 4883EC20 		subq	$32, %rsp
 9148 000c 48897DE8 		movq	%rdi, -24(%rbp)
 9149 0010 488975E0 		movq	%rsi, -32(%rbp)
 913:src/Flightlib/vl53l8cx_driver/Core/Src/vl53l8cx/vl53l8cx_api.c **** 	uint8_t status = VL53L8CX_STATUS_OK;
 9150              		.loc 1 913 10
 9151 0014 C645FF00 		movb	$0, -1(%rbp)
 914:src/Flightlib/vl53l8cx_driver/Core/Src/vl53l8cx/vl53l8cx_api.c **** 
 915:src/Flightlib/vl53l8cx_driver/Core/Src/vl53l8cx/vl53l8cx_api.c **** 	status |= vl53l8cx_dci_read_data(p_dev, p_dev->temp_buffer,
 9152              		.loc 1 915 47
 9153 0018 488B45E8 		movq	-24(%rbp), %rax
 9154 001c 488DB018 		leaq	1304(%rax), %rsi
 9154      050000
 9155              		.loc 1 915 12
 9156 0023 488B45E8 		movq	-24(%rbp), %rax
 9157 0027 B9080000 		movl	$8, %ecx
 9157      00
 9158 002c BA505400 		movl	$21584, %edx
 9158      00
 9159 0031 4889C7   		movq	%rax, %rdi
 9160 0034 E8000000 		call	vl53l8cx_dci_read_data
 9160      00
 9161              		.loc 1 915 9 discriminator 1
 9162 0039 0845FF   		orb	%al, -1(%rbp)
 916:src/Flightlib/vl53l8cx_driver/Core/Src/vl53l8cx/vl53l8cx_api.c **** 			VL53L8CX_DCI_ZONE_CONFIG, 8);
 917:src/Flightlib/vl53l8cx_driver/Core/Src/vl53l8cx/vl53l8cx_api.c **** 	*p_resolution = p_dev->temp_buffer[0x00]*p_dev->temp_buffer[0x01];
 9163              		.loc 1 917 36
 9164 003c 488B45E8 		movq	-24(%rbp), %rax
 9165 0040 0FB68818 		movzbl	1304(%rax), %ecx
 9165      050000
 9166              		.loc 1 917 61
 9167 0047 488B45E8 		movq	-24(%rbp), %rax
 9168 004b 0FB69019 		movzbl	1305(%rax), %edx
 9168      050000
 9169              		.loc 1 917 42
 9170 0052 89C8     		movl	%ecx, %eax
 9171 0054 0FAFC2   		imull	%edx, %eax
 9172 0057 89C2     		movl	%eax, %edx
 9173              		.loc 1 917 16
 9174 0059 488B45E0 		movq	-32(%rbp), %rax
 9175 005d 8810     		movb	%dl, (%rax)
 918:src/Flightlib/vl53l8cx_driver/Core/Src/vl53l8cx/vl53l8cx_api.c **** 
 919:src/Flightlib/vl53l8cx_driver/Core/Src/vl53l8cx/vl53l8cx_api.c **** 	return status;
 9176              		.loc 1 919 9
 9177 005f 0FB645FF 		movzbl	-1(%rbp), %eax
 920:src/Flightlib/vl53l8cx_driver/Core/Src/vl53l8cx/vl53l8cx_api.c **** }
 9178              		.loc 1 920 1
 9179 0063 C9       		leave
 9180              	.LCFI41:
 9181              		.cfi_def_cfa 7, 8
 9182 0064 C3       		ret
 9183              		.cfi_endproc
 9184              	.LFE19:
 9186              		.section	.text.vl53l8cx_set_resolution,"ax",@progbits
 9187              		.globl	vl53l8cx_set_resolution
 9189              	vl53l8cx_set_resolution:
 9190              	.LFB20:
 921:src/Flightlib/vl53l8cx_driver/Core/Src/vl53l8cx/vl53l8cx_api.c **** 
 922:src/Flightlib/vl53l8cx_driver/Core/Src/vl53l8cx/vl53l8cx_api.c **** 
 923:src/Flightlib/vl53l8cx_driver/Core/Src/vl53l8cx/vl53l8cx_api.c **** 
 924:src/Flightlib/vl53l8cx_driver/Core/Src/vl53l8cx/vl53l8cx_api.c **** uint8_t vl53l8cx_set_resolution(
 925:src/Flightlib/vl53l8cx_driver/Core/Src/vl53l8cx/vl53l8cx_api.c **** 		VL53L8CX_Configuration 		 *p_dev,
 926:src/Flightlib/vl53l8cx_driver/Core/Src/vl53l8cx/vl53l8cx_api.c **** 		uint8_t				resolution)
 927:src/Flightlib/vl53l8cx_driver/Core/Src/vl53l8cx/vl53l8cx_api.c **** {
 9191              		.loc 1 927 1
 9192              		.cfi_startproc
 9193 0000 F30F1EFA 		endbr64
 9194 0004 55       		pushq	%rbp
 9195              	.LCFI42:
 9196              		.cfi_def_cfa_offset 16
 9197              		.cfi_offset 6, -16
 9198 0005 4889E5   		movq	%rsp, %rbp
 9199              	.LCFI43:
 9200              		.cfi_def_cfa_register 6
 9201 0008 4883EC20 		subq	$32, %rsp
 9202 000c 48897DE8 		movq	%rdi, -24(%rbp)
 9203 0010 89F0     		movl	%esi, %eax
 9204 0012 8845E4   		movb	%al, -28(%rbp)
 928:src/Flightlib/vl53l8cx_driver/Core/Src/vl53l8cx/vl53l8cx_api.c **** 	uint8_t status = VL53L8CX_STATUS_OK;
 9205              		.loc 1 928 10
 9206 0015 C645FF00 		movb	$0, -1(%rbp)
 929:src/Flightlib/vl53l8cx_driver/Core/Src/vl53l8cx/vl53l8cx_api.c **** 
 930:src/Flightlib/vl53l8cx_driver/Core/Src/vl53l8cx/vl53l8cx_api.c **** 	switch(resolution){
 9207              		.loc 1 930 2
 9208 0019 0FB645E4 		movzbl	-28(%rbp), %eax
 9209 001d 83F810   		cmpl	$16, %eax
 9210 0020 740E     		je	.L130
 9211 0022 83F840   		cmpl	$64, %eax
 9212 0025 0F84E700 		je	.L131
 9212      0000
 9213 002b E9C10100 		jmp	.L135
 9213      00
 9214              	.L130:
 931:src/Flightlib/vl53l8cx_driver/Core/Src/vl53l8cx/vl53l8cx_api.c **** 		case VL53L8CX_RESOLUTION_4X4:
 932:src/Flightlib/vl53l8cx_driver/Core/Src/vl53l8cx/vl53l8cx_api.c **** 			status |= vl53l8cx_dci_read_data(p_dev,
 933:src/Flightlib/vl53l8cx_driver/Core/Src/vl53l8cx/vl53l8cx_api.c **** 					p_dev->temp_buffer,
 9215              		.loc 1 933 11
 9216 0030 488B45E8 		movq	-24(%rbp), %rax
 9217 0034 488DB018 		leaq	1304(%rax), %rsi
 9217      050000
 932:src/Flightlib/vl53l8cx_driver/Core/Src/vl53l8cx/vl53l8cx_api.c **** 					p_dev->temp_buffer,
 9218              		.loc 1 932 14
 9219 003b 488B45E8 		movq	-24(%rbp), %rax
 9220 003f B9100000 		movl	$16, %ecx
 9220      00
 9221 0044 BA38AD00 		movl	$44344, %edx
 9221      00
 9222 0049 4889C7   		movq	%rax, %rdi
 9223 004c E8000000 		call	vl53l8cx_dci_read_data
 9223      00
 932:src/Flightlib/vl53l8cx_driver/Core/Src/vl53l8cx/vl53l8cx_api.c **** 					p_dev->temp_buffer,
 9224              		.loc 1 932 11 discriminator 1
 9225 0051 0845FF   		orb	%al, -1(%rbp)
 934:src/Flightlib/vl53l8cx_driver/Core/Src/vl53l8cx/vl53l8cx_api.c **** 					VL53L8CX_DCI_DSS_CONFIG, 16);
 935:src/Flightlib/vl53l8cx_driver/Core/Src/vl53l8cx/vl53l8cx_api.c **** 			p_dev->temp_buffer[0x04] = 64;
 9226              		.loc 1 935 29
 9227 0054 488B45E8 		movq	-24(%rbp), %rax
 9228 0058 C6801C05 		movb	$64, 1308(%rax)
 9228      000040
 936:src/Flightlib/vl53l8cx_driver/Core/Src/vl53l8cx/vl53l8cx_api.c **** 			p_dev->temp_buffer[0x06] = 64;
 9229              		.loc 1 936 29
 9230 005f 488B45E8 		movq	-24(%rbp), %rax
 9231 0063 C6801E05 		movb	$64, 1310(%rax)
 9231      000040
 937:src/Flightlib/vl53l8cx_driver/Core/Src/vl53l8cx/vl53l8cx_api.c **** 			p_dev->temp_buffer[0x09] = 4;
 9232              		.loc 1 937 29
 9233 006a 488B45E8 		movq	-24(%rbp), %rax
 9234 006e C6802105 		movb	$4, 1313(%rax)
 9234      000004
 938:src/Flightlib/vl53l8cx_driver/Core/Src/vl53l8cx/vl53l8cx_api.c **** 			status |= vl53l8cx_dci_write_data(p_dev,
 939:src/Flightlib/vl53l8cx_driver/Core/Src/vl53l8cx/vl53l8cx_api.c **** 					p_dev->temp_buffer,
 9235              		.loc 1 939 11
 9236 0075 488B45E8 		movq	-24(%rbp), %rax
 9237 0079 488DB018 		leaq	1304(%rax), %rsi
 9237      050000
 938:src/Flightlib/vl53l8cx_driver/Core/Src/vl53l8cx/vl53l8cx_api.c **** 			status |= vl53l8cx_dci_write_data(p_dev,
 9238              		.loc 1 938 14
 9239 0080 488B45E8 		movq	-24(%rbp), %rax
 9240 0084 B9100000 		movl	$16, %ecx
 9240      00
 9241 0089 BA38AD00 		movl	$44344, %edx
 9241      00
 9242 008e 4889C7   		movq	%rax, %rdi
 9243 0091 E8000000 		call	vl53l8cx_dci_write_data
 9243      00
 938:src/Flightlib/vl53l8cx_driver/Core/Src/vl53l8cx/vl53l8cx_api.c **** 			status |= vl53l8cx_dci_write_data(p_dev,
 9244              		.loc 1 938 11 discriminator 1
 9245 0096 0845FF   		orb	%al, -1(%rbp)
 940:src/Flightlib/vl53l8cx_driver/Core/Src/vl53l8cx/vl53l8cx_api.c **** 					VL53L8CX_DCI_DSS_CONFIG, 16);
 941:src/Flightlib/vl53l8cx_driver/Core/Src/vl53l8cx/vl53l8cx_api.c **** 
 942:src/Flightlib/vl53l8cx_driver/Core/Src/vl53l8cx/vl53l8cx_api.c **** 			status |= vl53l8cx_dci_read_data(p_dev,
 943:src/Flightlib/vl53l8cx_driver/Core/Src/vl53l8cx/vl53l8cx_api.c **** 					p_dev->temp_buffer,
 9246              		.loc 1 943 11
 9247 0099 488B45E8 		movq	-24(%rbp), %rax
 9248 009d 488DB018 		leaq	1304(%rax), %rsi
 9248      050000
 942:src/Flightlib/vl53l8cx_driver/Core/Src/vl53l8cx/vl53l8cx_api.c **** 					p_dev->temp_buffer,
 9249              		.loc 1 942 14
 9250 00a4 488B45E8 		movq	-24(%rbp), %rax
 9251 00a8 B9080000 		movl	$8, %ecx
 9251      00
 9252 00ad BA505400 		movl	$21584, %edx
 9252      00
 9253 00b2 4889C7   		movq	%rax, %rdi
 9254 00b5 E8000000 		call	vl53l8cx_dci_read_data
 9254      00
 942:src/Flightlib/vl53l8cx_driver/Core/Src/vl53l8cx/vl53l8cx_api.c **** 					p_dev->temp_buffer,
 9255              		.loc 1 942 11 discriminator 1
 9256 00ba 0845FF   		orb	%al, -1(%rbp)
 944:src/Flightlib/vl53l8cx_driver/Core/Src/vl53l8cx/vl53l8cx_api.c **** 					VL53L8CX_DCI_ZONE_CONFIG, 8);
 945:src/Flightlib/vl53l8cx_driver/Core/Src/vl53l8cx/vl53l8cx_api.c **** 			p_dev->temp_buffer[0x00] = 4;
 9257              		.loc 1 945 29
 9258 00bd 488B45E8 		movq	-24(%rbp), %rax
 9259 00c1 C6801805 		movb	$4, 1304(%rax)
 9259      000004
 946:src/Flightlib/vl53l8cx_driver/Core/Src/vl53l8cx/vl53l8cx_api.c **** 			p_dev->temp_buffer[0x01] = 4;
 9260              		.loc 1 946 29
 9261 00c8 488B45E8 		movq	-24(%rbp), %rax
 9262 00cc C6801905 		movb	$4, 1305(%rax)
 9262      000004
 947:src/Flightlib/vl53l8cx_driver/Core/Src/vl53l8cx/vl53l8cx_api.c **** 			p_dev->temp_buffer[0x04] = 8;
 9263              		.loc 1 947 29
 9264 00d3 488B45E8 		movq	-24(%rbp), %rax
 9265 00d7 C6801C05 		movb	$8, 1308(%rax)
 9265      000008
 948:src/Flightlib/vl53l8cx_driver/Core/Src/vl53l8cx/vl53l8cx_api.c **** 			p_dev->temp_buffer[0x05] = 8;
 9266              		.loc 1 948 29
 9267 00de 488B45E8 		movq	-24(%rbp), %rax
 9268 00e2 C6801D05 		movb	$8, 1309(%rax)
 9268      000008
 949:src/Flightlib/vl53l8cx_driver/Core/Src/vl53l8cx/vl53l8cx_api.c **** 			status |= vl53l8cx_dci_write_data(p_dev,
 950:src/Flightlib/vl53l8cx_driver/Core/Src/vl53l8cx/vl53l8cx_api.c **** 					p_dev->temp_buffer,
 9269              		.loc 1 950 11
 9270 00e9 488B45E8 		movq	-24(%rbp), %rax
 9271 00ed 488DB018 		leaq	1304(%rax), %rsi
 9271      050000
 949:src/Flightlib/vl53l8cx_driver/Core/Src/vl53l8cx/vl53l8cx_api.c **** 			status |= vl53l8cx_dci_write_data(p_dev,
 9272              		.loc 1 949 14
 9273 00f4 488B45E8 		movq	-24(%rbp), %rax
 9274 00f8 B9080000 		movl	$8, %ecx
 9274      00
 9275 00fd BA505400 		movl	$21584, %edx
 9275      00
 9276 0102 4889C7   		movq	%rax, %rdi
 9277 0105 E8000000 		call	vl53l8cx_dci_write_data
 9277      00
 949:src/Flightlib/vl53l8cx_driver/Core/Src/vl53l8cx/vl53l8cx_api.c **** 			status |= vl53l8cx_dci_write_data(p_dev,
 9278              		.loc 1 949 11 discriminator 1
 9279 010a 0845FF   		orb	%al, -1(%rbp)
 951:src/Flightlib/vl53l8cx_driver/Core/Src/vl53l8cx/vl53l8cx_api.c **** 					VL53L8CX_DCI_ZONE_CONFIG, 8);
 952:src/Flightlib/vl53l8cx_driver/Core/Src/vl53l8cx/vl53l8cx_api.c **** 			break;
 9280              		.loc 1 952 4
 9281 010d E9E40000 		jmp	.L133
 9281      00
 9282              	.L131:
 953:src/Flightlib/vl53l8cx_driver/Core/Src/vl53l8cx/vl53l8cx_api.c **** 
 954:src/Flightlib/vl53l8cx_driver/Core/Src/vl53l8cx/vl53l8cx_api.c **** 		case VL53L8CX_RESOLUTION_8X8:
 955:src/Flightlib/vl53l8cx_driver/Core/Src/vl53l8cx/vl53l8cx_api.c **** 			status |= vl53l8cx_dci_read_data(p_dev,
 956:src/Flightlib/vl53l8cx_driver/Core/Src/vl53l8cx/vl53l8cx_api.c **** 					p_dev->temp_buffer,
 9283              		.loc 1 956 11
 9284 0112 488B45E8 		movq	-24(%rbp), %rax
 9285 0116 488DB018 		leaq	1304(%rax), %rsi
 9285      050000
 955:src/Flightlib/vl53l8cx_driver/Core/Src/vl53l8cx/vl53l8cx_api.c **** 					p_dev->temp_buffer,
 9286              		.loc 1 955 14
 9287 011d 488B45E8 		movq	-24(%rbp), %rax
 9288 0121 B9100000 		movl	$16, %ecx
 9288      00
 9289 0126 BA38AD00 		movl	$44344, %edx
 9289      00
 9290 012b 4889C7   		movq	%rax, %rdi
 9291 012e E8000000 		call	vl53l8cx_dci_read_data
 9291      00
 955:src/Flightlib/vl53l8cx_driver/Core/Src/vl53l8cx/vl53l8cx_api.c **** 					p_dev->temp_buffer,
 9292              		.loc 1 955 11 discriminator 1
 9293 0133 0845FF   		orb	%al, -1(%rbp)
 957:src/Flightlib/vl53l8cx_driver/Core/Src/vl53l8cx/vl53l8cx_api.c **** 					VL53L8CX_DCI_DSS_CONFIG, 16);
 958:src/Flightlib/vl53l8cx_driver/Core/Src/vl53l8cx/vl53l8cx_api.c **** 			p_dev->temp_buffer[0x04] = 16;
 9294              		.loc 1 958 29
 9295 0136 488B45E8 		movq	-24(%rbp), %rax
 9296 013a C6801C05 		movb	$16, 1308(%rax)
 9296      000010
 959:src/Flightlib/vl53l8cx_driver/Core/Src/vl53l8cx/vl53l8cx_api.c **** 			p_dev->temp_buffer[0x06] = 16;
 9297              		.loc 1 959 29
 9298 0141 488B45E8 		movq	-24(%rbp), %rax
 9299 0145 C6801E05 		movb	$16, 1310(%rax)
 9299      000010
 960:src/Flightlib/vl53l8cx_driver/Core/Src/vl53l8cx/vl53l8cx_api.c **** 			p_dev->temp_buffer[0x09] = 1;
 9300              		.loc 1 960 29
 9301 014c 488B45E8 		movq	-24(%rbp), %rax
 9302 0150 C6802105 		movb	$1, 1313(%rax)
 9302      000001
 961:src/Flightlib/vl53l8cx_driver/Core/Src/vl53l8cx/vl53l8cx_api.c **** 			status |= vl53l8cx_dci_write_data(p_dev,
 962:src/Flightlib/vl53l8cx_driver/Core/Src/vl53l8cx/vl53l8cx_api.c **** 					p_dev->temp_buffer,
 9303              		.loc 1 962 11
 9304 0157 488B45E8 		movq	-24(%rbp), %rax
 9305 015b 488DB018 		leaq	1304(%rax), %rsi
 9305      050000
 961:src/Flightlib/vl53l8cx_driver/Core/Src/vl53l8cx/vl53l8cx_api.c **** 			status |= vl53l8cx_dci_write_data(p_dev,
 9306              		.loc 1 961 14
 9307 0162 488B45E8 		movq	-24(%rbp), %rax
 9308 0166 B9100000 		movl	$16, %ecx
 9308      00
 9309 016b BA38AD00 		movl	$44344, %edx
 9309      00
 9310 0170 4889C7   		movq	%rax, %rdi
 9311 0173 E8000000 		call	vl53l8cx_dci_write_data
 9311      00
 961:src/Flightlib/vl53l8cx_driver/Core/Src/vl53l8cx/vl53l8cx_api.c **** 			status |= vl53l8cx_dci_write_data(p_dev,
 9312              		.loc 1 961 11 discriminator 1
 9313 0178 0845FF   		orb	%al, -1(%rbp)
 963:src/Flightlib/vl53l8cx_driver/Core/Src/vl53l8cx/vl53l8cx_api.c **** 					VL53L8CX_DCI_DSS_CONFIG, 16);
 964:src/Flightlib/vl53l8cx_driver/Core/Src/vl53l8cx/vl53l8cx_api.c **** 
 965:src/Flightlib/vl53l8cx_driver/Core/Src/vl53l8cx/vl53l8cx_api.c **** 			status |= vl53l8cx_dci_read_data(p_dev,
 966:src/Flightlib/vl53l8cx_driver/Core/Src/vl53l8cx/vl53l8cx_api.c **** 					p_dev->temp_buffer,
 9314              		.loc 1 966 11
 9315 017b 488B45E8 		movq	-24(%rbp), %rax
 9316 017f 488DB018 		leaq	1304(%rax), %rsi
 9316      050000
 965:src/Flightlib/vl53l8cx_driver/Core/Src/vl53l8cx/vl53l8cx_api.c **** 					p_dev->temp_buffer,
 9317              		.loc 1 965 14
 9318 0186 488B45E8 		movq	-24(%rbp), %rax
 9319 018a B9080000 		movl	$8, %ecx
 9319      00
 9320 018f BA505400 		movl	$21584, %edx
 9320      00
 9321 0194 4889C7   		movq	%rax, %rdi
 9322 0197 E8000000 		call	vl53l8cx_dci_read_data
 9322      00
 965:src/Flightlib/vl53l8cx_driver/Core/Src/vl53l8cx/vl53l8cx_api.c **** 					p_dev->temp_buffer,
 9323              		.loc 1 965 11 discriminator 1
 9324 019c 0845FF   		orb	%al, -1(%rbp)
 967:src/Flightlib/vl53l8cx_driver/Core/Src/vl53l8cx/vl53l8cx_api.c **** 					VL53L8CX_DCI_ZONE_CONFIG, 8);
 968:src/Flightlib/vl53l8cx_driver/Core/Src/vl53l8cx/vl53l8cx_api.c **** 			p_dev->temp_buffer[0x00] = 8;
 9325              		.loc 1 968 29
 9326 019f 488B45E8 		movq	-24(%rbp), %rax
 9327 01a3 C6801805 		movb	$8, 1304(%rax)
 9327      000008
 969:src/Flightlib/vl53l8cx_driver/Core/Src/vl53l8cx/vl53l8cx_api.c **** 			p_dev->temp_buffer[0x01] = 8;
 9328              		.loc 1 969 29
 9329 01aa 488B45E8 		movq	-24(%rbp), %rax
 9330 01ae C6801905 		movb	$8, 1305(%rax)
 9330      000008
 970:src/Flightlib/vl53l8cx_driver/Core/Src/vl53l8cx/vl53l8cx_api.c **** 			p_dev->temp_buffer[0x04] = 4;
 9331              		.loc 1 970 29
 9332 01b5 488B45E8 		movq	-24(%rbp), %rax
 9333 01b9 C6801C05 		movb	$4, 1308(%rax)
 9333      000004
 971:src/Flightlib/vl53l8cx_driver/Core/Src/vl53l8cx/vl53l8cx_api.c **** 			p_dev->temp_buffer[0x05] = 4;
 9334              		.loc 1 971 29
 9335 01c0 488B45E8 		movq	-24(%rbp), %rax
 9336 01c4 C6801D05 		movb	$4, 1309(%rax)
 9336      000004
 972:src/Flightlib/vl53l8cx_driver/Core/Src/vl53l8cx/vl53l8cx_api.c **** 			status |= vl53l8cx_dci_write_data(p_dev,
 973:src/Flightlib/vl53l8cx_driver/Core/Src/vl53l8cx/vl53l8cx_api.c **** 					p_dev->temp_buffer,
 9337              		.loc 1 973 11
 9338 01cb 488B45E8 		movq	-24(%rbp), %rax
 9339 01cf 488DB018 		leaq	1304(%rax), %rsi
 9339      050000
 972:src/Flightlib/vl53l8cx_driver/Core/Src/vl53l8cx/vl53l8cx_api.c **** 			status |= vl53l8cx_dci_write_data(p_dev,
 9340              		.loc 1 972 14
 9341 01d6 488B45E8 		movq	-24(%rbp), %rax
 9342 01da B9080000 		movl	$8, %ecx
 9342      00
 9343 01df BA505400 		movl	$21584, %edx
 9343      00
 9344 01e4 4889C7   		movq	%rax, %rdi
 9345 01e7 E8000000 		call	vl53l8cx_dci_write_data
 9345      00
 972:src/Flightlib/vl53l8cx_driver/Core/Src/vl53l8cx/vl53l8cx_api.c **** 			status |= vl53l8cx_dci_write_data(p_dev,
 9346              		.loc 1 972 11 discriminator 1
 9347 01ec 0845FF   		orb	%al, -1(%rbp)
 974:src/Flightlib/vl53l8cx_driver/Core/Src/vl53l8cx/vl53l8cx_api.c **** 					VL53L8CX_DCI_ZONE_CONFIG, 8);
 975:src/Flightlib/vl53l8cx_driver/Core/Src/vl53l8cx/vl53l8cx_api.c **** 
 976:src/Flightlib/vl53l8cx_driver/Core/Src/vl53l8cx/vl53l8cx_api.c **** 			break;
 9348              		.loc 1 976 4
 9349 01ef EB05     		jmp	.L133
 9350              	.L135:
 977:src/Flightlib/vl53l8cx_driver/Core/Src/vl53l8cx/vl53l8cx_api.c **** 
 978:src/Flightlib/vl53l8cx_driver/Core/Src/vl53l8cx/vl53l8cx_api.c **** 		default:
 979:src/Flightlib/vl53l8cx_driver/Core/Src/vl53l8cx/vl53l8cx_api.c **** 			status = VL53L8CX_STATUS_INVALID_PARAM;
 9351              		.loc 1 979 11
 9352 01f1 C645FF7F 		movb	$127, -1(%rbp)
 980:src/Flightlib/vl53l8cx_driver/Core/Src/vl53l8cx/vl53l8cx_api.c **** 			break;
 9353              		.loc 1 980 4
 9354 01f5 90       		nop
 9355              	.L133:
 981:src/Flightlib/vl53l8cx_driver/Core/Src/vl53l8cx/vl53l8cx_api.c **** 		}
 982:src/Flightlib/vl53l8cx_driver/Core/Src/vl53l8cx/vl53l8cx_api.c **** 
 983:src/Flightlib/vl53l8cx_driver/Core/Src/vl53l8cx/vl53l8cx_api.c **** 	status |= _vl53l8cx_send_offset_data(p_dev, resolution);
 9356              		.loc 1 983 12
 9357 01f6 0FB655E4 		movzbl	-28(%rbp), %edx
 9358 01fa 488B45E8 		movq	-24(%rbp), %rax
 9359 01fe 89D6     		movl	%edx, %esi
 9360 0200 4889C7   		movq	%rax, %rdi
 9361 0203 E8000000 		call	_vl53l8cx_send_offset_data
 9361      00
 9362              		.loc 1 983 9 discriminator 1
 9363 0208 0845FF   		orb	%al, -1(%rbp)
 984:src/Flightlib/vl53l8cx_driver/Core/Src/vl53l8cx/vl53l8cx_api.c **** 	status |= _vl53l8cx_send_xtalk_data(p_dev, resolution);
 9364              		.loc 1 984 12
 9365 020b 0FB655E4 		movzbl	-28(%rbp), %edx
 9366 020f 488B45E8 		movq	-24(%rbp), %rax
 9367 0213 89D6     		movl	%edx, %esi
 9368 0215 4889C7   		movq	%rax, %rdi
 9369 0218 E8000000 		call	_vl53l8cx_send_xtalk_data
 9369      00
 9370              		.loc 1 984 9 discriminator 1
 9371 021d 0845FF   		orb	%al, -1(%rbp)
 985:src/Flightlib/vl53l8cx_driver/Core/Src/vl53l8cx/vl53l8cx_api.c **** 
 986:src/Flightlib/vl53l8cx_driver/Core/Src/vl53l8cx/vl53l8cx_api.c **** 	return status;
 9372              		.loc 1 986 9
 9373 0220 0FB645FF 		movzbl	-1(%rbp), %eax
 987:src/Flightlib/vl53l8cx_driver/Core/Src/vl53l8cx/vl53l8cx_api.c **** }
 9374              		.loc 1 987 1
 9375 0224 C9       		leave
 9376              	.LCFI44:
 9377              		.cfi_def_cfa 7, 8
 9378 0225 C3       		ret
 9379              		.cfi_endproc
 9380              	.LFE20:
 9382              		.section	.text.vl53l8cx_get_ranging_frequency_hz,"ax",@progbits
 9383              		.globl	vl53l8cx_get_ranging_frequency_hz
 9385              	vl53l8cx_get_ranging_frequency_hz:
 9386              	.LFB21:
 988:src/Flightlib/vl53l8cx_driver/Core/Src/vl53l8cx/vl53l8cx_api.c **** 
 989:src/Flightlib/vl53l8cx_driver/Core/Src/vl53l8cx/vl53l8cx_api.c **** uint8_t vl53l8cx_get_ranging_frequency_hz(
 990:src/Flightlib/vl53l8cx_driver/Core/Src/vl53l8cx/vl53l8cx_api.c **** 		VL53L8CX_Configuration		*p_dev,
 991:src/Flightlib/vl53l8cx_driver/Core/Src/vl53l8cx/vl53l8cx_api.c **** 		uint8_t				*p_frequency_hz)
 992:src/Flightlib/vl53l8cx_driver/Core/Src/vl53l8cx/vl53l8cx_api.c **** {
 9387              		.loc 1 992 1
 9388              		.cfi_startproc
 9389 0000 F30F1EFA 		endbr64
 9390 0004 55       		pushq	%rbp
 9391              	.LCFI45:
 9392              		.cfi_def_cfa_offset 16
 9393              		.cfi_offset 6, -16
 9394 0005 4889E5   		movq	%rsp, %rbp
 9395              	.LCFI46:
 9396              		.cfi_def_cfa_register 6
 9397 0008 4883EC20 		subq	$32, %rsp
 9398 000c 48897DE8 		movq	%rdi, -24(%rbp)
 9399 0010 488975E0 		movq	%rsi, -32(%rbp)
 993:src/Flightlib/vl53l8cx_driver/Core/Src/vl53l8cx/vl53l8cx_api.c **** 	uint8_t status = VL53L8CX_STATUS_OK;
 9400              		.loc 1 993 10
 9401 0014 C645FF00 		movb	$0, -1(%rbp)
 994:src/Flightlib/vl53l8cx_driver/Core/Src/vl53l8cx/vl53l8cx_api.c **** 
 995:src/Flightlib/vl53l8cx_driver/Core/Src/vl53l8cx/vl53l8cx_api.c **** 	status |= vl53l8cx_dci_read_data(p_dev, (uint8_t*)p_dev->temp_buffer,
 9402              		.loc 1 995 52
 9403 0018 488B45E8 		movq	-24(%rbp), %rax
 9404 001c 488DB018 		leaq	1304(%rax), %rsi
 9404      050000
 9405              		.loc 1 995 12
 9406 0023 488B45E8 		movq	-24(%rbp), %rax
 9407 0027 B9040000 		movl	$4, %ecx
 9407      00
 9408 002c BA585400 		movl	$21592, %edx
 9408      00
 9409 0031 4889C7   		movq	%rax, %rdi
 9410 0034 E8000000 		call	vl53l8cx_dci_read_data
 9410      00
 9411              		.loc 1 995 9 discriminator 1
 9412 0039 0845FF   		orb	%al, -1(%rbp)
 996:src/Flightlib/vl53l8cx_driver/Core/Src/vl53l8cx/vl53l8cx_api.c **** 			VL53L8CX_DCI_FREQ_HZ, 4);
 997:src/Flightlib/vl53l8cx_driver/Core/Src/vl53l8cx/vl53l8cx_api.c **** 	*p_frequency_hz = p_dev->temp_buffer[0x01];
 9413              		.loc 1 997 38
 9414 003c 488B45E8 		movq	-24(%rbp), %rax
 9415 0040 0FB69019 		movzbl	1305(%rax), %edx
 9415      050000
 9416              		.loc 1 997 18
 9417 0047 488B45E0 		movq	-32(%rbp), %rax
 9418 004b 8810     		movb	%dl, (%rax)
 998:src/Flightlib/vl53l8cx_driver/Core/Src/vl53l8cx/vl53l8cx_api.c **** 
 999:src/Flightlib/vl53l8cx_driver/Core/Src/vl53l8cx/vl53l8cx_api.c **** 	return status;
 9419              		.loc 1 999 9
 9420 004d 0FB645FF 		movzbl	-1(%rbp), %eax
1000:src/Flightlib/vl53l8cx_driver/Core/Src/vl53l8cx/vl53l8cx_api.c **** }
 9421              		.loc 1 1000 1
 9422 0051 C9       		leave
 9423              	.LCFI47:
 9424              		.cfi_def_cfa 7, 8
 9425 0052 C3       		ret
 9426              		.cfi_endproc
 9427              	.LFE21:
 9429              		.section	.text.vl53l8cx_set_ranging_frequency_hz,"ax",@progbits
 9430              		.globl	vl53l8cx_set_ranging_frequency_hz
 9432              	vl53l8cx_set_ranging_frequency_hz:
 9433              	.LFB22:
1001:src/Flightlib/vl53l8cx_driver/Core/Src/vl53l8cx/vl53l8cx_api.c **** 
1002:src/Flightlib/vl53l8cx_driver/Core/Src/vl53l8cx/vl53l8cx_api.c **** uint8_t vl53l8cx_set_ranging_frequency_hz(
1003:src/Flightlib/vl53l8cx_driver/Core/Src/vl53l8cx/vl53l8cx_api.c **** 		VL53L8CX_Configuration		*p_dev,
1004:src/Flightlib/vl53l8cx_driver/Core/Src/vl53l8cx/vl53l8cx_api.c **** 		uint8_t				frequency_hz)
1005:src/Flightlib/vl53l8cx_driver/Core/Src/vl53l8cx/vl53l8cx_api.c **** {
 9434              		.loc 1 1005 1
 9435              		.cfi_startproc
 9436 0000 F30F1EFA 		endbr64
 9437 0004 55       		pushq	%rbp
 9438              	.LCFI48:
 9439              		.cfi_def_cfa_offset 16
 9440              		.cfi_offset 6, -16
 9441 0005 4889E5   		movq	%rsp, %rbp
 9442              	.LCFI49:
 9443              		.cfi_def_cfa_register 6
 9444 0008 4883EC20 		subq	$32, %rsp
 9445 000c 48897DE8 		movq	%rdi, -24(%rbp)
 9446 0010 89F0     		movl	%esi, %eax
 9447 0012 8845E4   		movb	%al, -28(%rbp)
1006:src/Flightlib/vl53l8cx_driver/Core/Src/vl53l8cx/vl53l8cx_api.c **** 	uint8_t status = VL53L8CX_STATUS_OK;
 9448              		.loc 1 1006 10
 9449 0015 C645FF00 		movb	$0, -1(%rbp)
1007:src/Flightlib/vl53l8cx_driver/Core/Src/vl53l8cx/vl53l8cx_api.c **** 
1008:src/Flightlib/vl53l8cx_driver/Core/Src/vl53l8cx/vl53l8cx_api.c **** 	status |= vl53l8cx_dci_replace_data(p_dev, p_dev->temp_buffer,
 9450              		.loc 1 1008 50
 9451 0019 488B45E8 		movq	-24(%rbp), %rax
 9452 001d 488DB018 		leaq	1304(%rax), %rsi
 9452      050000
 9453              		.loc 1 1008 12
 9454 0024 488D55E4 		leaq	-28(%rbp), %rdx
 9455 0028 488B45E8 		movq	-24(%rbp), %rax
 9456 002c 4883EC08 		subq	$8, %rsp
 9457 0030 6A01     		pushq	$1
 9458 0032 41B90100 		movl	$1, %r9d
 9458      0000
 9459 0038 4989D0   		movq	%rdx, %r8
 9460 003b B9040000 		movl	$4, %ecx
 9460      00
 9461 0040 BA585400 		movl	$21592, %edx
 9461      00
 9462 0045 4889C7   		movq	%rax, %rdi
 9463 0048 E8000000 		call	vl53l8cx_dci_replace_data
 9463      00
 9464 004d 4883C410 		addq	$16, %rsp
 9465              		.loc 1 1008 9 discriminator 1
 9466 0051 0845FF   		orb	%al, -1(%rbp)
1009:src/Flightlib/vl53l8cx_driver/Core/Src/vl53l8cx/vl53l8cx_api.c **** 					VL53L8CX_DCI_FREQ_HZ, 4,
1010:src/Flightlib/vl53l8cx_driver/Core/Src/vl53l8cx/vl53l8cx_api.c **** 					(uint8_t*)&frequency_hz, 1, 0x01);
1011:src/Flightlib/vl53l8cx_driver/Core/Src/vl53l8cx/vl53l8cx_api.c **** 
1012:src/Flightlib/vl53l8cx_driver/Core/Src/vl53l8cx/vl53l8cx_api.c **** 	return status;
 9467              		.loc 1 1012 9
 9468 0054 0FB645FF 		movzbl	-1(%rbp), %eax
1013:src/Flightlib/vl53l8cx_driver/Core/Src/vl53l8cx/vl53l8cx_api.c **** }
 9469              		.loc 1 1013 1
 9470 0058 C9       		leave
 9471              	.LCFI50:
 9472              		.cfi_def_cfa 7, 8
 9473 0059 C3       		ret
 9474              		.cfi_endproc
 9475              	.LFE22:
 9477              		.section	.text.vl53l8cx_get_integration_time_ms,"ax",@progbits
 9478              		.globl	vl53l8cx_get_integration_time_ms
 9480              	vl53l8cx_get_integration_time_ms:
 9481              	.LFB23:
1014:src/Flightlib/vl53l8cx_driver/Core/Src/vl53l8cx/vl53l8cx_api.c **** 
1015:src/Flightlib/vl53l8cx_driver/Core/Src/vl53l8cx/vl53l8cx_api.c **** uint8_t vl53l8cx_get_integration_time_ms(
1016:src/Flightlib/vl53l8cx_driver/Core/Src/vl53l8cx/vl53l8cx_api.c **** 		VL53L8CX_Configuration		*p_dev,
1017:src/Flightlib/vl53l8cx_driver/Core/Src/vl53l8cx/vl53l8cx_api.c **** 		uint32_t			*p_time_ms)
1018:src/Flightlib/vl53l8cx_driver/Core/Src/vl53l8cx/vl53l8cx_api.c **** {
 9482              		.loc 1 1018 1
 9483              		.cfi_startproc
 9484 0000 F30F1EFA 		endbr64
 9485 0004 55       		pushq	%rbp
 9486              	.LCFI51:
 9487              		.cfi_def_cfa_offset 16
 9488              		.cfi_offset 6, -16
 9489 0005 4889E5   		movq	%rsp, %rbp
 9490              	.LCFI52:
 9491              		.cfi_def_cfa_register 6
 9492 0008 4883EC20 		subq	$32, %rsp
 9493 000c 48897DE8 		movq	%rdi, -24(%rbp)
 9494 0010 488975E0 		movq	%rsi, -32(%rbp)
1019:src/Flightlib/vl53l8cx_driver/Core/Src/vl53l8cx/vl53l8cx_api.c **** 	uint8_t status = VL53L8CX_STATUS_OK;
 9495              		.loc 1 1019 10
 9496 0014 C645FF00 		movb	$0, -1(%rbp)
1020:src/Flightlib/vl53l8cx_driver/Core/Src/vl53l8cx/vl53l8cx_api.c **** 
1021:src/Flightlib/vl53l8cx_driver/Core/Src/vl53l8cx/vl53l8cx_api.c **** 	status |= vl53l8cx_dci_read_data(p_dev, (uint8_t*)p_dev->temp_buffer,
 9497              		.loc 1 1021 52
 9498 0018 488B45E8 		movq	-24(%rbp), %rax
 9499 001c 488DB018 		leaq	1304(%rax), %rsi
 9499      050000
 9500              		.loc 1 1021 12
 9501 0023 488B45E8 		movq	-24(%rbp), %rax
 9502 0027 B9140000 		movl	$20, %ecx
 9502      00
 9503 002c BA5C5400 		movl	$21596, %edx
 9503      00
 9504 0031 4889C7   		movq	%rax, %rdi
 9505 0034 E8000000 		call	vl53l8cx_dci_read_data
 9505      00
 9506              		.loc 1 1021 9 discriminator 1
 9507 0039 0845FF   		orb	%al, -1(%rbp)
1022:src/Flightlib/vl53l8cx_driver/Core/Src/vl53l8cx/vl53l8cx_api.c **** 			VL53L8CX_DCI_INT_TIME, 20);
1023:src/Flightlib/vl53l8cx_driver/Core/Src/vl53l8cx/vl53l8cx_api.c **** 
1024:src/Flightlib/vl53l8cx_driver/Core/Src/vl53l8cx/vl53l8cx_api.c **** 	(void)memcpy(p_time_ms, &(p_dev->temp_buffer[0x0]), 4);
 9508              		.loc 1 1024 26
 9509 003c 488B45E8 		movq	-24(%rbp), %rax
 9510 0040 48051805 		addq	$1304, %rax
 9510      0000
 9511              		.loc 1 1024 8
 9512 0046 8B10     		movl	(%rax), %edx
 9513 0048 488B45E0 		movq	-32(%rbp), %rax
 9514 004c 8910     		movl	%edx, (%rax)
1025:src/Flightlib/vl53l8cx_driver/Core/Src/vl53l8cx/vl53l8cx_api.c **** 	*p_time_ms /= (uint32_t)1000;
 9515              		.loc 1 1025 2
 9516 004e 488B45E0 		movq	-32(%rbp), %rax
 9517 0052 8B00     		movl	(%rax), %eax
 9518              		.loc 1 1025 13
 9519 0054 89C0     		movl	%eax, %eax
 9520 0056 4869C0D3 		imulq	$274877907, %rax, %rax
 9520      4D6210
 9521 005d 48C1E820 		shrq	$32, %rax
 9522 0061 89C2     		movl	%eax, %edx
 9523 0063 C1EA06   		shrl	$6, %edx
 9524 0066 488B45E0 		movq	-32(%rbp), %rax
 9525 006a 8910     		movl	%edx, (%rax)
1026:src/Flightlib/vl53l8cx_driver/Core/Src/vl53l8cx/vl53l8cx_api.c **** 
1027:src/Flightlib/vl53l8cx_driver/Core/Src/vl53l8cx/vl53l8cx_api.c **** 	return status;
 9526              		.loc 1 1027 9
 9527 006c 0FB645FF 		movzbl	-1(%rbp), %eax
1028:src/Flightlib/vl53l8cx_driver/Core/Src/vl53l8cx/vl53l8cx_api.c **** }
 9528              		.loc 1 1028 1
 9529 0070 C9       		leave
 9530              	.LCFI53:
 9531              		.cfi_def_cfa 7, 8
 9532 0071 C3       		ret
 9533              		.cfi_endproc
 9534              	.LFE23:
 9536              		.section	.text.vl53l8cx_set_integration_time_ms,"ax",@progbits
 9537              		.globl	vl53l8cx_set_integration_time_ms
 9539              	vl53l8cx_set_integration_time_ms:
 9540              	.LFB24:
1029:src/Flightlib/vl53l8cx_driver/Core/Src/vl53l8cx/vl53l8cx_api.c **** 
1030:src/Flightlib/vl53l8cx_driver/Core/Src/vl53l8cx/vl53l8cx_api.c **** uint8_t vl53l8cx_set_integration_time_ms(
1031:src/Flightlib/vl53l8cx_driver/Core/Src/vl53l8cx/vl53l8cx_api.c **** 		VL53L8CX_Configuration		*p_dev,
1032:src/Flightlib/vl53l8cx_driver/Core/Src/vl53l8cx/vl53l8cx_api.c **** 		uint32_t			integration_time_ms)
1033:src/Flightlib/vl53l8cx_driver/Core/Src/vl53l8cx/vl53l8cx_api.c **** {
 9541              		.loc 1 1033 1
 9542              		.cfi_startproc
 9543 0000 F30F1EFA 		endbr64
 9544 0004 55       		pushq	%rbp
 9545              	.LCFI54:
 9546              		.cfi_def_cfa_offset 16
 9547              		.cfi_offset 6, -16
 9548 0005 4889E5   		movq	%rsp, %rbp
 9549              	.LCFI55:
 9550              		.cfi_def_cfa_register 6
 9551 0008 4883EC20 		subq	$32, %rsp
 9552 000c 48897DE8 		movq	%rdi, -24(%rbp)
 9553 0010 8975E4   		movl	%esi, -28(%rbp)
 9554              		.loc 1 1033 1
 9555 0013 64488B04 		movq	%fs:40, %rax
 9555      25280000 
 9555      00
 9556 001c 488945F8 		movq	%rax, -8(%rbp)
 9557 0020 31C0     		xorl	%eax, %eax
1034:src/Flightlib/vl53l8cx_driver/Core/Src/vl53l8cx/vl53l8cx_api.c **** 	uint8_t status = VL53L8CX_STATUS_OK;
 9558              		.loc 1 1034 10
 9559 0022 C645F300 		movb	$0, -13(%rbp)
1035:src/Flightlib/vl53l8cx_driver/Core/Src/vl53l8cx/vl53l8cx_api.c ****         uint32_t integration = integration_time_ms;
 9560              		.loc 1 1035 18
 9561 0026 8B45E4   		movl	-28(%rbp), %eax
 9562 0029 8945F4   		movl	%eax, -12(%rbp)
1036:src/Flightlib/vl53l8cx_driver/Core/Src/vl53l8cx/vl53l8cx_api.c **** 
1037:src/Flightlib/vl53l8cx_driver/Core/Src/vl53l8cx/vl53l8cx_api.c **** 	/* Integration time must be between 2ms and 1000ms */
1038:src/Flightlib/vl53l8cx_driver/Core/Src/vl53l8cx/vl53l8cx_api.c **** 	if((integration < (uint32_t)2)
 9563              		.loc 1 1038 18
 9564 002c 8B45F4   		movl	-12(%rbp), %eax
 9565              		.loc 1 1038 4
 9566 002f 83F801   		cmpl	$1, %eax
 9567 0032 760A     		jbe	.L143
1039:src/Flightlib/vl53l8cx_driver/Core/Src/vl53l8cx/vl53l8cx_api.c ****            || (integration > (uint32_t)1000))
 9568              		.loc 1 1039 28
 9569 0034 8B45F4   		movl	-12(%rbp), %eax
 9570              		.loc 1 1039 12
 9571 0037 3DE80300 		cmpl	$1000, %eax
 9571      00
 9572 003c 7606     		jbe	.L144
 9573              	.L143:
1040:src/Flightlib/vl53l8cx_driver/Core/Src/vl53l8cx/vl53l8cx_api.c **** 	{
1041:src/Flightlib/vl53l8cx_driver/Core/Src/vl53l8cx/vl53l8cx_api.c **** 		status |= VL53L8CX_STATUS_INVALID_PARAM;
 9574              		.loc 1 1041 10
 9575 003e 804DF37F 		orb	$127, -13(%rbp)
 9576 0042 EB47     		jmp	.L145
 9577              	.L144:
1042:src/Flightlib/vl53l8cx_driver/Core/Src/vl53l8cx/vl53l8cx_api.c **** 	}else
1043:src/Flightlib/vl53l8cx_driver/Core/Src/vl53l8cx/vl53l8cx_api.c **** 	{
1044:src/Flightlib/vl53l8cx_driver/Core/Src/vl53l8cx/vl53l8cx_api.c **** 		integration *= (uint32_t)1000;
 9578              		.loc 1 1044 15
 9579 0044 8B45F4   		movl	-12(%rbp), %eax
 9580 0047 69C0E803 		imull	$1000, %eax, %eax
 9580      0000
 9581 004d 8945F4   		movl	%eax, -12(%rbp)
1045:src/Flightlib/vl53l8cx_driver/Core/Src/vl53l8cx/vl53l8cx_api.c **** 
1046:src/Flightlib/vl53l8cx_driver/Core/Src/vl53l8cx/vl53l8cx_api.c **** 		status |= vl53l8cx_dci_replace_data(p_dev, p_dev->temp_buffer,
 9582              		.loc 1 1046 51
 9583 0050 488B45E8 		movq	-24(%rbp), %rax
 9584 0054 488DB018 		leaq	1304(%rax), %rsi
 9584      050000
 9585              		.loc 1 1046 13
 9586 005b 488D55F4 		leaq	-12(%rbp), %rdx
 9587 005f 488B45E8 		movq	-24(%rbp), %rax
 9588 0063 4883EC08 		subq	$8, %rsp
 9589 0067 6A00     		pushq	$0
 9590 0069 41B90400 		movl	$4, %r9d
 9590      0000
 9591 006f 4989D0   		movq	%rdx, %r8
 9592 0072 B9140000 		movl	$20, %ecx
 9592      00
 9593 0077 BA5C5400 		movl	$21596, %edx
 9593      00
 9594 007c 4889C7   		movq	%rax, %rdi
 9595 007f E8000000 		call	vl53l8cx_dci_replace_data
 9595      00
 9596 0084 4883C410 		addq	$16, %rsp
 9597              		.loc 1 1046 10 discriminator 1
 9598 0088 0845F3   		orb	%al, -13(%rbp)
 9599              	.L145:
1047:src/Flightlib/vl53l8cx_driver/Core/Src/vl53l8cx/vl53l8cx_api.c **** 				VL53L8CX_DCI_INT_TIME, 20,
1048:src/Flightlib/vl53l8cx_driver/Core/Src/vl53l8cx/vl53l8cx_api.c **** 				(uint8_t*)&integration, 4, 0x00);
1049:src/Flightlib/vl53l8cx_driver/Core/Src/vl53l8cx/vl53l8cx_api.c **** 	}
1050:src/Flightlib/vl53l8cx_driver/Core/Src/vl53l8cx/vl53l8cx_api.c **** 
1051:src/Flightlib/vl53l8cx_driver/Core/Src/vl53l8cx/vl53l8cx_api.c **** 	return status;
 9600              		.loc 1 1051 9
 9601 008b 0FB645F3 		movzbl	-13(%rbp), %eax
1052:src/Flightlib/vl53l8cx_driver/Core/Src/vl53l8cx/vl53l8cx_api.c **** }
 9602              		.loc 1 1052 1
 9603 008f 488B55F8 		movq	-8(%rbp), %rdx
 9604 0093 64482B14 		subq	%fs:40, %rdx
 9604      25280000 
 9604      00
 9605 009c 7405     		je	.L147
 9606 009e E8000000 		call	__stack_chk_fail@PLT
 9606      00
 9607              	.L147:
 9608 00a3 C9       		leave
 9609              	.LCFI56:
 9610              		.cfi_def_cfa 7, 8
 9611 00a4 C3       		ret
 9612              		.cfi_endproc
 9613              	.LFE24:
 9615              		.section	.text.vl53l8cx_get_sharpener_percent,"ax",@progbits
 9616              		.globl	vl53l8cx_get_sharpener_percent
 9618              	vl53l8cx_get_sharpener_percent:
 9619              	.LFB25:
1053:src/Flightlib/vl53l8cx_driver/Core/Src/vl53l8cx/vl53l8cx_api.c **** 
1054:src/Flightlib/vl53l8cx_driver/Core/Src/vl53l8cx/vl53l8cx_api.c **** uint8_t vl53l8cx_get_sharpener_percent(
1055:src/Flightlib/vl53l8cx_driver/Core/Src/vl53l8cx/vl53l8cx_api.c **** 		VL53L8CX_Configuration		*p_dev,
1056:src/Flightlib/vl53l8cx_driver/Core/Src/vl53l8cx/vl53l8cx_api.c **** 		uint8_t				*p_sharpener_percent)
1057:src/Flightlib/vl53l8cx_driver/Core/Src/vl53l8cx/vl53l8cx_api.c **** {
 9620              		.loc 1 1057 1
 9621              		.cfi_startproc
 9622 0000 F30F1EFA 		endbr64
 9623 0004 55       		pushq	%rbp
 9624              	.LCFI57:
 9625              		.cfi_def_cfa_offset 16
 9626              		.cfi_offset 6, -16
 9627 0005 4889E5   		movq	%rsp, %rbp
 9628              	.LCFI58:
 9629              		.cfi_def_cfa_register 6
 9630 0008 4883EC20 		subq	$32, %rsp
 9631 000c 48897DE8 		movq	%rdi, -24(%rbp)
 9632 0010 488975E0 		movq	%rsi, -32(%rbp)
1058:src/Flightlib/vl53l8cx_driver/Core/Src/vl53l8cx/vl53l8cx_api.c **** 	uint8_t status = VL53L8CX_STATUS_OK;
 9633              		.loc 1 1058 10
 9634 0014 C645FF00 		movb	$0, -1(%rbp)
1059:src/Flightlib/vl53l8cx_driver/Core/Src/vl53l8cx/vl53l8cx_api.c **** 
1060:src/Flightlib/vl53l8cx_driver/Core/Src/vl53l8cx/vl53l8cx_api.c **** 	status |= vl53l8cx_dci_read_data(p_dev,p_dev->temp_buffer,
 9635              		.loc 1 1060 46
 9636 0018 488B45E8 		movq	-24(%rbp), %rax
 9637 001c 488DB018 		leaq	1304(%rax), %rsi
 9637      050000
 9638              		.loc 1 1060 12
 9639 0023 488B45E8 		movq	-24(%rbp), %rax
 9640 0027 B9100000 		movl	$16, %ecx
 9640      00
 9641 002c BAD8AE00 		movl	$44760, %edx
 9641      00
 9642 0031 4889C7   		movq	%rax, %rdi
 9643 0034 E8000000 		call	vl53l8cx_dci_read_data
 9643      00
 9644              		.loc 1 1060 9 discriminator 1
 9645 0039 0845FF   		orb	%al, -1(%rbp)
1061:src/Flightlib/vl53l8cx_driver/Core/Src/vl53l8cx/vl53l8cx_api.c **** 			VL53L8CX_DCI_SHARPENER, 16);
1062:src/Flightlib/vl53l8cx_driver/Core/Src/vl53l8cx/vl53l8cx_api.c **** 
1063:src/Flightlib/vl53l8cx_driver/Core/Src/vl53l8cx/vl53l8cx_api.c **** 	*p_sharpener_percent = (p_dev->temp_buffer[0xD]
 9646              		.loc 1 1063 44
 9647 003c 488B45E8 		movq	-24(%rbp), %rax
 9648 0040 0FB68025 		movzbl	1317(%rax), %eax
 9648      050000
 9649 0047 0FB6C0   		movzbl	%al, %eax
1064:src/Flightlib/vl53l8cx_driver/Core/Src/vl53l8cx/vl53l8cx_api.c ****                                 *(uint8_t)100)/(uint8_t)255;
 9650              		.loc 1 1064 33
 9651 004a 6BC064   		imull	$100, %eax, %eax
 9652              		.loc 1 1064 47
 9653 004d 4863D0   		movslq	%eax, %rdx
 9654 0050 4869D281 		imulq	$-2139062143, %rdx, %rdx
 9654      808080
 9655 0057 48C1EA20 		shrq	$32, %rdx
 9656 005b 01C2     		addl	%eax, %edx
 9657 005d C1FA07   		sarl	$7, %edx
 9658 0060 C1F81F   		sarl	$31, %eax
 9659 0063 29C2     		subl	%eax, %edx
1063:src/Flightlib/vl53l8cx_driver/Core/Src/vl53l8cx/vl53l8cx_api.c ****                                 *(uint8_t)100)/(uint8_t)255;
 9660              		.loc 1 1063 23
 9661 0065 488B45E0 		movq	-32(%rbp), %rax
 9662 0069 8810     		movb	%dl, (%rax)
1065:src/Flightlib/vl53l8cx_driver/Core/Src/vl53l8cx/vl53l8cx_api.c **** 
1066:src/Flightlib/vl53l8cx_driver/Core/Src/vl53l8cx/vl53l8cx_api.c **** 	return status;
 9663              		.loc 1 1066 9
 9664 006b 0FB645FF 		movzbl	-1(%rbp), %eax
1067:src/Flightlib/vl53l8cx_driver/Core/Src/vl53l8cx/vl53l8cx_api.c **** }
 9665              		.loc 1 1067 1
 9666 006f C9       		leave
 9667              	.LCFI59:
 9668              		.cfi_def_cfa 7, 8
 9669 0070 C3       		ret
 9670              		.cfi_endproc
 9671              	.LFE25:
 9673              		.section	.text.vl53l8cx_set_sharpener_percent,"ax",@progbits
 9674              		.globl	vl53l8cx_set_sharpener_percent
 9676              	vl53l8cx_set_sharpener_percent:
 9677              	.LFB26:
1068:src/Flightlib/vl53l8cx_driver/Core/Src/vl53l8cx/vl53l8cx_api.c **** 
1069:src/Flightlib/vl53l8cx_driver/Core/Src/vl53l8cx/vl53l8cx_api.c **** uint8_t vl53l8cx_set_sharpener_percent(
1070:src/Flightlib/vl53l8cx_driver/Core/Src/vl53l8cx/vl53l8cx_api.c **** 		VL53L8CX_Configuration		*p_dev,
1071:src/Flightlib/vl53l8cx_driver/Core/Src/vl53l8cx/vl53l8cx_api.c **** 		uint8_t				sharpener_percent)
1072:src/Flightlib/vl53l8cx_driver/Core/Src/vl53l8cx/vl53l8cx_api.c **** {
 9678              		.loc 1 1072 1
 9679              		.cfi_startproc
 9680 0000 F30F1EFA 		endbr64
 9681 0004 55       		pushq	%rbp
 9682              	.LCFI60:
 9683              		.cfi_def_cfa_offset 16
 9684              		.cfi_offset 6, -16
 9685 0005 4889E5   		movq	%rsp, %rbp
 9686              	.LCFI61:
 9687              		.cfi_def_cfa_register 6
 9688 0008 4883EC20 		subq	$32, %rsp
 9689 000c 48897DE8 		movq	%rdi, -24(%rbp)
 9690 0010 89F0     		movl	%esi, %eax
 9691 0012 8845E4   		movb	%al, -28(%rbp)
 9692              		.loc 1 1072 1
 9693 0015 64488B04 		movq	%fs:40, %rax
 9693      25280000 
 9693      00
 9694 001e 488945F8 		movq	%rax, -8(%rbp)
 9695 0022 31C0     		xorl	%eax, %eax
1073:src/Flightlib/vl53l8cx_driver/Core/Src/vl53l8cx/vl53l8cx_api.c **** 	uint8_t status = VL53L8CX_STATUS_OK;
 9696              		.loc 1 1073 10
 9697 0024 C645F700 		movb	$0, -9(%rbp)
1074:src/Flightlib/vl53l8cx_driver/Core/Src/vl53l8cx/vl53l8cx_api.c ****         uint8_t sharpener;
1075:src/Flightlib/vl53l8cx_driver/Core/Src/vl53l8cx/vl53l8cx_api.c **** 
1076:src/Flightlib/vl53l8cx_driver/Core/Src/vl53l8cx/vl53l8cx_api.c **** 	if(sharpener_percent >= (uint8_t)100)
 9698              		.loc 1 1076 4
 9699 0028 807DE463 		cmpb	$99, -28(%rbp)
 9700 002c 7606     		jbe	.L151
1077:src/Flightlib/vl53l8cx_driver/Core/Src/vl53l8cx/vl53l8cx_api.c **** 	{
1078:src/Flightlib/vl53l8cx_driver/Core/Src/vl53l8cx/vl53l8cx_api.c **** 		status |= VL53L8CX_STATUS_INVALID_PARAM;
 9701              		.loc 1 1078 10
 9702 002e 804DF77F 		orb	$127, -9(%rbp)
 9703 0032 EB61     		jmp	.L152
 9704              	.L151:
1079:src/Flightlib/vl53l8cx_driver/Core/Src/vl53l8cx/vl53l8cx_api.c **** 	}
1080:src/Flightlib/vl53l8cx_driver/Core/Src/vl53l8cx/vl53l8cx_api.c **** 	else
1081:src/Flightlib/vl53l8cx_driver/Core/Src/vl53l8cx/vl53l8cx_api.c **** 	{
1082:src/Flightlib/vl53l8cx_driver/Core/Src/vl53l8cx/vl53l8cx_api.c **** 		sharpener = (sharpener_percent*(uint8_t)255)/(uint8_t)100;
 9705              		.loc 1 1082 33
 9706 0034 0FB655E4 		movzbl	-28(%rbp), %edx
 9707 0038 89D0     		movl	%edx, %eax
 9708 003a C1E008   		sall	$8, %eax
 9709 003d 29D0     		subl	%edx, %eax
 9710              		.loc 1 1082 47
 9711 003f 4863D0   		movslq	%eax, %rdx
 9712 0042 4869D21F 		imulq	$1374389535, %rdx, %rdx
 9712      85EB51
 9713 0049 48C1EA20 		shrq	$32, %rdx
 9714 004d C1FA05   		sarl	$5, %edx
 9715 0050 C1F81F   		sarl	$31, %eax
 9716 0053 29C2     		subl	%eax, %edx
 9717              		.loc 1 1082 13
 9718 0055 89D0     		movl	%edx, %eax
 9719 0057 8845F6   		movb	%al, -10(%rbp)
1083:src/Flightlib/vl53l8cx_driver/Core/Src/vl53l8cx/vl53l8cx_api.c **** 		status |= vl53l8cx_dci_replace_data(p_dev, p_dev->temp_buffer,
 9720              		.loc 1 1083 51
 9721 005a 488B45E8 		movq	-24(%rbp), %rax
 9722 005e 488DB018 		leaq	1304(%rax), %rsi
 9722      050000
 9723              		.loc 1 1083 13
 9724 0065 488D55F6 		leaq	-10(%rbp), %rdx
 9725 0069 488B45E8 		movq	-24(%rbp), %rax
 9726 006d 4883EC08 		subq	$8, %rsp
 9727 0071 6A0D     		pushq	$13
 9728 0073 41B90100 		movl	$1, %r9d
 9728      0000
 9729 0079 4989D0   		movq	%rdx, %r8
 9730 007c B9100000 		movl	$16, %ecx
 9730      00
 9731 0081 BAD8AE00 		movl	$44760, %edx
 9731      00
 9732 0086 4889C7   		movq	%rax, %rdi
 9733 0089 E8000000 		call	vl53l8cx_dci_replace_data
 9733      00
 9734 008e 4883C410 		addq	$16, %rsp
 9735              		.loc 1 1083 10 discriminator 1
 9736 0092 0845F7   		orb	%al, -9(%rbp)
 9737              	.L152:
1084:src/Flightlib/vl53l8cx_driver/Core/Src/vl53l8cx/vl53l8cx_api.c **** 				VL53L8CX_DCI_SHARPENER, 16,
1085:src/Flightlib/vl53l8cx_driver/Core/Src/vl53l8cx/vl53l8cx_api.c ****                                 (uint8_t*)&sharpener, 1, 0xD);
1086:src/Flightlib/vl53l8cx_driver/Core/Src/vl53l8cx/vl53l8cx_api.c **** 	}
1087:src/Flightlib/vl53l8cx_driver/Core/Src/vl53l8cx/vl53l8cx_api.c **** 
1088:src/Flightlib/vl53l8cx_driver/Core/Src/vl53l8cx/vl53l8cx_api.c **** 	return status;
 9738              		.loc 1 1088 9
 9739 0095 0FB645F7 		movzbl	-9(%rbp), %eax
1089:src/Flightlib/vl53l8cx_driver/Core/Src/vl53l8cx/vl53l8cx_api.c **** }
 9740              		.loc 1 1089 1
 9741 0099 488B55F8 		movq	-8(%rbp), %rdx
 9742 009d 64482B14 		subq	%fs:40, %rdx
 9742      25280000 
 9742      00
 9743 00a6 7405     		je	.L154
 9744 00a8 E8000000 		call	__stack_chk_fail@PLT
 9744      00
 9745              	.L154:
 9746 00ad C9       		leave
 9747              	.LCFI62:
 9748              		.cfi_def_cfa 7, 8
 9749 00ae C3       		ret
 9750              		.cfi_endproc
 9751              	.LFE26:
 9753              		.section	.text.vl53l8cx_get_target_order,"ax",@progbits
 9754              		.globl	vl53l8cx_get_target_order
 9756              	vl53l8cx_get_target_order:
 9757              	.LFB27:
1090:src/Flightlib/vl53l8cx_driver/Core/Src/vl53l8cx/vl53l8cx_api.c **** 
1091:src/Flightlib/vl53l8cx_driver/Core/Src/vl53l8cx/vl53l8cx_api.c **** uint8_t vl53l8cx_get_target_order(
1092:src/Flightlib/vl53l8cx_driver/Core/Src/vl53l8cx/vl53l8cx_api.c **** 		VL53L8CX_Configuration		*p_dev,
1093:src/Flightlib/vl53l8cx_driver/Core/Src/vl53l8cx/vl53l8cx_api.c **** 		uint8_t				*p_target_order)
1094:src/Flightlib/vl53l8cx_driver/Core/Src/vl53l8cx/vl53l8cx_api.c **** {
 9758              		.loc 1 1094 1
 9759              		.cfi_startproc
 9760 0000 F30F1EFA 		endbr64
 9761 0004 55       		pushq	%rbp
 9762              	.LCFI63:
 9763              		.cfi_def_cfa_offset 16
 9764              		.cfi_offset 6, -16
 9765 0005 4889E5   		movq	%rsp, %rbp
 9766              	.LCFI64:
 9767              		.cfi_def_cfa_register 6
 9768 0008 4883EC20 		subq	$32, %rsp
 9769 000c 48897DE8 		movq	%rdi, -24(%rbp)
 9770 0010 488975E0 		movq	%rsi, -32(%rbp)
1095:src/Flightlib/vl53l8cx_driver/Core/Src/vl53l8cx/vl53l8cx_api.c **** 	uint8_t status = VL53L8CX_STATUS_OK;
 9771              		.loc 1 1095 10
 9772 0014 C645FF00 		movb	$0, -1(%rbp)
1096:src/Flightlib/vl53l8cx_driver/Core/Src/vl53l8cx/vl53l8cx_api.c **** 
1097:src/Flightlib/vl53l8cx_driver/Core/Src/vl53l8cx/vl53l8cx_api.c **** 	status |= vl53l8cx_dci_read_data(p_dev, (uint8_t*)p_dev->temp_buffer,
 9773              		.loc 1 1097 52
 9774 0018 488B45E8 		movq	-24(%rbp), %rax
 9775 001c 488DB018 		leaq	1304(%rax), %rsi
 9775      050000
 9776              		.loc 1 1097 12
 9777 0023 488B45E8 		movq	-24(%rbp), %rax
 9778 0027 B9040000 		movl	$4, %ecx
 9778      00
 9779 002c BA64AE00 		movl	$44644, %edx
 9779      00
 9780 0031 4889C7   		movq	%rax, %rdi
 9781 0034 E8000000 		call	vl53l8cx_dci_read_data
 9781      00
 9782              		.loc 1 1097 9 discriminator 1
 9783 0039 0845FF   		orb	%al, -1(%rbp)
1098:src/Flightlib/vl53l8cx_driver/Core/Src/vl53l8cx/vl53l8cx_api.c **** 			VL53L8CX_DCI_TARGET_ORDER, 4);
1099:src/Flightlib/vl53l8cx_driver/Core/Src/vl53l8cx/vl53l8cx_api.c **** 	*p_target_order = (uint8_t)p_dev->temp_buffer[0x0];
 9784              		.loc 1 1099 47
 9785 003c 488B45E8 		movq	-24(%rbp), %rax
 9786 0040 0FB69018 		movzbl	1304(%rax), %edx
 9786      050000
 9787              		.loc 1 1099 18
 9788 0047 488B45E0 		movq	-32(%rbp), %rax
 9789 004b 8810     		movb	%dl, (%rax)
1100:src/Flightlib/vl53l8cx_driver/Core/Src/vl53l8cx/vl53l8cx_api.c **** 
1101:src/Flightlib/vl53l8cx_driver/Core/Src/vl53l8cx/vl53l8cx_api.c **** 	return status;
 9790              		.loc 1 1101 9
 9791 004d 0FB645FF 		movzbl	-1(%rbp), %eax
1102:src/Flightlib/vl53l8cx_driver/Core/Src/vl53l8cx/vl53l8cx_api.c **** }
 9792              		.loc 1 1102 1
 9793 0051 C9       		leave
 9794              	.LCFI65:
 9795              		.cfi_def_cfa 7, 8
 9796 0052 C3       		ret
 9797              		.cfi_endproc
 9798              	.LFE27:
 9800              		.section	.text.vl53l8cx_set_target_order,"ax",@progbits
 9801              		.globl	vl53l8cx_set_target_order
 9803              	vl53l8cx_set_target_order:
 9804              	.LFB28:
1103:src/Flightlib/vl53l8cx_driver/Core/Src/vl53l8cx/vl53l8cx_api.c **** 
1104:src/Flightlib/vl53l8cx_driver/Core/Src/vl53l8cx/vl53l8cx_api.c **** uint8_t vl53l8cx_set_target_order(
1105:src/Flightlib/vl53l8cx_driver/Core/Src/vl53l8cx/vl53l8cx_api.c **** 		VL53L8CX_Configuration		*p_dev,
1106:src/Flightlib/vl53l8cx_driver/Core/Src/vl53l8cx/vl53l8cx_api.c **** 		uint8_t				target_order)
1107:src/Flightlib/vl53l8cx_driver/Core/Src/vl53l8cx/vl53l8cx_api.c **** {
 9805              		.loc 1 1107 1
 9806              		.cfi_startproc
 9807 0000 F30F1EFA 		endbr64
 9808 0004 55       		pushq	%rbp
 9809              	.LCFI66:
 9810              		.cfi_def_cfa_offset 16
 9811              		.cfi_offset 6, -16
 9812 0005 4889E5   		movq	%rsp, %rbp
 9813              	.LCFI67:
 9814              		.cfi_def_cfa_register 6
 9815 0008 4883EC20 		subq	$32, %rsp
 9816 000c 48897DE8 		movq	%rdi, -24(%rbp)
 9817 0010 89F0     		movl	%esi, %eax
 9818 0012 8845E4   		movb	%al, -28(%rbp)
1108:src/Flightlib/vl53l8cx_driver/Core/Src/vl53l8cx/vl53l8cx_api.c **** 	uint8_t status = VL53L8CX_STATUS_OK;
 9819              		.loc 1 1108 10
 9820 0015 C645FF00 		movb	$0, -1(%rbp)
1109:src/Flightlib/vl53l8cx_driver/Core/Src/vl53l8cx/vl53l8cx_api.c **** 
1110:src/Flightlib/vl53l8cx_driver/Core/Src/vl53l8cx/vl53l8cx_api.c **** 	if((target_order == (uint8_t)VL53L8CX_TARGET_ORDER_CLOSEST)
 9821              		.loc 1 1110 19
 9822 0019 0FB645E4 		movzbl	-28(%rbp), %eax
 9823              		.loc 1 1110 4
 9824 001d 3C01     		cmpb	$1, %al
 9825 001f 7408     		je	.L158
1111:src/Flightlib/vl53l8cx_driver/Core/Src/vl53l8cx/vl53l8cx_api.c **** 		|| (target_order == (uint8_t)VL53L8CX_TARGET_ORDER_STRONGEST))
 9826              		.loc 1 1111 20
 9827 0021 0FB645E4 		movzbl	-28(%rbp), %eax
 9828              		.loc 1 1111 3
 9829 0025 3C02     		cmpb	$2, %al
 9830 0027 753D     		jne	.L159
 9831              	.L158:
1112:src/Flightlib/vl53l8cx_driver/Core/Src/vl53l8cx/vl53l8cx_api.c **** 	{
1113:src/Flightlib/vl53l8cx_driver/Core/Src/vl53l8cx/vl53l8cx_api.c **** 		status |= vl53l8cx_dci_replace_data(p_dev, p_dev->temp_buffer,
 9832              		.loc 1 1113 51
 9833 0029 488B45E8 		movq	-24(%rbp), %rax
 9834 002d 488DB018 		leaq	1304(%rax), %rsi
 9834      050000
 9835              		.loc 1 1113 13
 9836 0034 488D55E4 		leaq	-28(%rbp), %rdx
 9837 0038 488B45E8 		movq	-24(%rbp), %rax
 9838 003c 4883EC08 		subq	$8, %rsp
 9839 0040 6A00     		pushq	$0
 9840 0042 41B90100 		movl	$1, %r9d
 9840      0000
 9841 0048 4989D0   		movq	%rdx, %r8
 9842 004b B9040000 		movl	$4, %ecx
 9842      00
 9843 0050 BA64AE00 		movl	$44644, %edx
 9843      00
 9844 0055 4889C7   		movq	%rax, %rdi
 9845 0058 E8000000 		call	vl53l8cx_dci_replace_data
 9845      00
 9846 005d 4883C410 		addq	$16, %rsp
 9847              		.loc 1 1113 10 discriminator 1
 9848 0061 0845FF   		orb	%al, -1(%rbp)
1114:src/Flightlib/vl53l8cx_driver/Core/Src/vl53l8cx/vl53l8cx_api.c **** 				VL53L8CX_DCI_TARGET_ORDER, 4,
1115:src/Flightlib/vl53l8cx_driver/Core/Src/vl53l8cx/vl53l8cx_api.c ****                                 (uint8_t*)&target_order, 1, 0x0);
 9849              		.loc 1 1115 33
 9850 0064 EB04     		jmp	.L160
 9851              	.L159:
1116:src/Flightlib/vl53l8cx_driver/Core/Src/vl53l8cx/vl53l8cx_api.c **** 	}else
1117:src/Flightlib/vl53l8cx_driver/Core/Src/vl53l8cx/vl53l8cx_api.c **** 	{
1118:src/Flightlib/vl53l8cx_driver/Core/Src/vl53l8cx/vl53l8cx_api.c **** 		status |= VL53L8CX_STATUS_INVALID_PARAM;
 9852              		.loc 1 1118 10
 9853 0066 804DFF7F 		orb	$127, -1(%rbp)
 9854              	.L160:
1119:src/Flightlib/vl53l8cx_driver/Core/Src/vl53l8cx/vl53l8cx_api.c **** 	}
1120:src/Flightlib/vl53l8cx_driver/Core/Src/vl53l8cx/vl53l8cx_api.c **** 
1121:src/Flightlib/vl53l8cx_driver/Core/Src/vl53l8cx/vl53l8cx_api.c **** 	return status;
 9855              		.loc 1 1121 9
 9856 006a 0FB645FF 		movzbl	-1(%rbp), %eax
1122:src/Flightlib/vl53l8cx_driver/Core/Src/vl53l8cx/vl53l8cx_api.c **** }
 9857              		.loc 1 1122 1
 9858 006e C9       		leave
 9859              	.LCFI68:
 9860              		.cfi_def_cfa 7, 8
 9861 006f C3       		ret
 9862              		.cfi_endproc
 9863              	.LFE28:
 9865              		.section	.text.vl53l8cx_get_ranging_mode,"ax",@progbits
 9866              		.globl	vl53l8cx_get_ranging_mode
 9868              	vl53l8cx_get_ranging_mode:
 9869              	.LFB29:
1123:src/Flightlib/vl53l8cx_driver/Core/Src/vl53l8cx/vl53l8cx_api.c **** 
1124:src/Flightlib/vl53l8cx_driver/Core/Src/vl53l8cx/vl53l8cx_api.c **** uint8_t vl53l8cx_get_ranging_mode(
1125:src/Flightlib/vl53l8cx_driver/Core/Src/vl53l8cx/vl53l8cx_api.c **** 		VL53L8CX_Configuration		*p_dev,
1126:src/Flightlib/vl53l8cx_driver/Core/Src/vl53l8cx/vl53l8cx_api.c **** 		uint8_t				*p_ranging_mode)
1127:src/Flightlib/vl53l8cx_driver/Core/Src/vl53l8cx/vl53l8cx_api.c **** {
 9870              		.loc 1 1127 1
 9871              		.cfi_startproc
 9872 0000 F30F1EFA 		endbr64
 9873 0004 55       		pushq	%rbp
 9874              	.LCFI69:
 9875              		.cfi_def_cfa_offset 16
 9876              		.cfi_offset 6, -16
 9877 0005 4889E5   		movq	%rsp, %rbp
 9878              	.LCFI70:
 9879              		.cfi_def_cfa_register 6
 9880 0008 4883EC20 		subq	$32, %rsp
 9881 000c 48897DE8 		movq	%rdi, -24(%rbp)
 9882 0010 488975E0 		movq	%rsi, -32(%rbp)
1128:src/Flightlib/vl53l8cx_driver/Core/Src/vl53l8cx/vl53l8cx_api.c **** 	uint8_t status = VL53L8CX_STATUS_OK;
 9883              		.loc 1 1128 10
 9884 0014 C645FF00 		movb	$0, -1(%rbp)
1129:src/Flightlib/vl53l8cx_driver/Core/Src/vl53l8cx/vl53l8cx_api.c **** 
1130:src/Flightlib/vl53l8cx_driver/Core/Src/vl53l8cx/vl53l8cx_api.c **** 	status |= vl53l8cx_dci_read_data(p_dev, p_dev->temp_buffer,
 9885              		.loc 1 1130 47
 9886 0018 488B45E8 		movq	-24(%rbp), %rax
 9887 001c 488DB018 		leaq	1304(%rax), %rsi
 9887      050000
 9888              		.loc 1 1130 12
 9889 0023 488B45E8 		movq	-24(%rbp), %rax
 9890 0027 B9080000 		movl	$8, %ecx
 9890      00
 9891 002c BA30AD00 		movl	$44336, %edx
 9891      00
 9892 0031 4889C7   		movq	%rax, %rdi
 9893 0034 E8000000 		call	vl53l8cx_dci_read_data
 9893      00
 9894              		.loc 1 1130 9 discriminator 1
 9895 0039 0845FF   		orb	%al, -1(%rbp)
1131:src/Flightlib/vl53l8cx_driver/Core/Src/vl53l8cx/vl53l8cx_api.c **** 			VL53L8CX_DCI_RANGING_MODE, 8);
1132:src/Flightlib/vl53l8cx_driver/Core/Src/vl53l8cx/vl53l8cx_api.c **** 
1133:src/Flightlib/vl53l8cx_driver/Core/Src/vl53l8cx/vl53l8cx_api.c **** 	if(p_dev->temp_buffer[0x01] == (uint8_t)0x1)
 9896              		.loc 1 1133 23
 9897 003c 488B45E8 		movq	-24(%rbp), %rax
 9898 0040 0FB68019 		movzbl	1305(%rax), %eax
 9898      050000
 9899              		.loc 1 1133 4
 9900 0047 3C01     		cmpb	$1, %al
 9901 0049 7509     		jne	.L163
1134:src/Flightlib/vl53l8cx_driver/Core/Src/vl53l8cx/vl53l8cx_api.c **** 	{
1135:src/Flightlib/vl53l8cx_driver/Core/Src/vl53l8cx/vl53l8cx_api.c **** 		*p_ranging_mode = VL53L8CX_RANGING_MODE_CONTINUOUS;
 9902              		.loc 1 1135 19
 9903 004b 488B45E0 		movq	-32(%rbp), %rax
 9904 004f C60001   		movb	$1, (%rax)
 9905 0052 EB07     		jmp	.L164
 9906              	.L163:
1136:src/Flightlib/vl53l8cx_driver/Core/Src/vl53l8cx/vl53l8cx_api.c **** 	}
1137:src/Flightlib/vl53l8cx_driver/Core/Src/vl53l8cx/vl53l8cx_api.c **** 	else
1138:src/Flightlib/vl53l8cx_driver/Core/Src/vl53l8cx/vl53l8cx_api.c **** 	{
1139:src/Flightlib/vl53l8cx_driver/Core/Src/vl53l8cx/vl53l8cx_api.c **** 		*p_ranging_mode = VL53L8CX_RANGING_MODE_AUTONOMOUS;
 9907              		.loc 1 1139 19
 9908 0054 488B45E0 		movq	-32(%rbp), %rax
 9909 0058 C60003   		movb	$3, (%rax)
 9910              	.L164:
1140:src/Flightlib/vl53l8cx_driver/Core/Src/vl53l8cx/vl53l8cx_api.c **** 	}
1141:src/Flightlib/vl53l8cx_driver/Core/Src/vl53l8cx/vl53l8cx_api.c **** 
1142:src/Flightlib/vl53l8cx_driver/Core/Src/vl53l8cx/vl53l8cx_api.c **** 	return status;
 9911              		.loc 1 1142 9
 9912 005b 0FB645FF 		movzbl	-1(%rbp), %eax
1143:src/Flightlib/vl53l8cx_driver/Core/Src/vl53l8cx/vl53l8cx_api.c **** }
 9913              		.loc 1 1143 1
 9914 005f C9       		leave
 9915              	.LCFI71:
 9916              		.cfi_def_cfa 7, 8
 9917 0060 C3       		ret
 9918              		.cfi_endproc
 9919              	.LFE29:
 9921              		.section	.text.vl53l8cx_set_ranging_mode,"ax",@progbits
 9922              		.globl	vl53l8cx_set_ranging_mode
 9924              	vl53l8cx_set_ranging_mode:
 9925              	.LFB30:
1144:src/Flightlib/vl53l8cx_driver/Core/Src/vl53l8cx/vl53l8cx_api.c **** 
1145:src/Flightlib/vl53l8cx_driver/Core/Src/vl53l8cx/vl53l8cx_api.c **** uint8_t vl53l8cx_set_ranging_mode(
1146:src/Flightlib/vl53l8cx_driver/Core/Src/vl53l8cx/vl53l8cx_api.c **** 		VL53L8CX_Configuration		*p_dev,
1147:src/Flightlib/vl53l8cx_driver/Core/Src/vl53l8cx/vl53l8cx_api.c **** 		uint8_t				ranging_mode)
1148:src/Flightlib/vl53l8cx_driver/Core/Src/vl53l8cx/vl53l8cx_api.c **** {
 9926              		.loc 1 1148 1
 9927              		.cfi_startproc
 9928 0000 F30F1EFA 		endbr64
 9929 0004 55       		pushq	%rbp
 9930              	.LCFI72:
 9931              		.cfi_def_cfa_offset 16
 9932              		.cfi_offset 6, -16
 9933 0005 4889E5   		movq	%rsp, %rbp
 9934              	.LCFI73:
 9935              		.cfi_def_cfa_register 6
 9936 0008 4883EC20 		subq	$32, %rsp
 9937 000c 48897DE8 		movq	%rdi, -24(%rbp)
 9938 0010 89F0     		movl	%esi, %eax
 9939 0012 8845E4   		movb	%al, -28(%rbp)
 9940              		.loc 1 1148 1
 9941 0015 64488B04 		movq	%fs:40, %rax
 9941      25280000 
 9941      00
 9942 001e 488945F8 		movq	%rax, -8(%rbp)
 9943 0022 31C0     		xorl	%eax, %eax
1149:src/Flightlib/vl53l8cx_driver/Core/Src/vl53l8cx/vl53l8cx_api.c **** 	uint8_t status = VL53L8CX_STATUS_OK;
 9944              		.loc 1 1149 10
 9945 0024 C645F300 		movb	$0, -13(%rbp)
1150:src/Flightlib/vl53l8cx_driver/Core/Src/vl53l8cx/vl53l8cx_api.c **** 	uint32_t single_range = 0x00;
 9946              		.loc 1 1150 11
 9947 0028 C745F400 		movl	$0, -12(%rbp)
 9947      000000
1151:src/Flightlib/vl53l8cx_driver/Core/Src/vl53l8cx/vl53l8cx_api.c **** 
1152:src/Flightlib/vl53l8cx_driver/Core/Src/vl53l8cx/vl53l8cx_api.c **** 	status |= vl53l8cx_dci_read_data(p_dev, p_dev->temp_buffer,
 9948              		.loc 1 1152 47
 9949 002f 488B45E8 		movq	-24(%rbp), %rax
 9950 0033 488DB018 		leaq	1304(%rax), %rsi
 9950      050000
 9951              		.loc 1 1152 12
 9952 003a 488B45E8 		movq	-24(%rbp), %rax
 9953 003e B9080000 		movl	$8, %ecx
 9953      00
 9954 0043 BA30AD00 		movl	$44336, %edx
 9954      00
 9955 0048 4889C7   		movq	%rax, %rdi
 9956 004b E8000000 		call	vl53l8cx_dci_read_data
 9956      00
 9957              		.loc 1 1152 9 discriminator 1
 9958 0050 0845F3   		orb	%al, -13(%rbp)
1153:src/Flightlib/vl53l8cx_driver/Core/Src/vl53l8cx/vl53l8cx_api.c **** 			VL53L8CX_DCI_RANGING_MODE, 8);
1154:src/Flightlib/vl53l8cx_driver/Core/Src/vl53l8cx/vl53l8cx_api.c **** 
1155:src/Flightlib/vl53l8cx_driver/Core/Src/vl53l8cx/vl53l8cx_api.c **** 	switch(ranging_mode)
 9959              		.loc 1 1155 2
 9960 0053 0FB645E4 		movzbl	-28(%rbp), %eax
 9961 0057 83F801   		cmpl	$1, %eax
 9962 005a 7407     		je	.L167
 9963 005c 83F803   		cmpl	$3, %eax
 9964 005f 7421     		je	.L168
 9965 0061 EB3E     		jmp	.L173
 9966              	.L167:
1156:src/Flightlib/vl53l8cx_driver/Core/Src/vl53l8cx/vl53l8cx_api.c **** 	{
1157:src/Flightlib/vl53l8cx_driver/Core/Src/vl53l8cx/vl53l8cx_api.c **** 		case VL53L8CX_RANGING_MODE_CONTINUOUS:
1158:src/Flightlib/vl53l8cx_driver/Core/Src/vl53l8cx/vl53l8cx_api.c **** 			p_dev->temp_buffer[0x01] = 0x1;
 9967              		.loc 1 1158 29
 9968 0063 488B45E8 		movq	-24(%rbp), %rax
 9969 0067 C6801905 		movb	$1, 1305(%rax)
 9969      000001
1159:src/Flightlib/vl53l8cx_driver/Core/Src/vl53l8cx/vl53l8cx_api.c **** 			p_dev->temp_buffer[0x03] = 0x3;
 9970              		.loc 1 1159 29
 9971 006e 488B45E8 		movq	-24(%rbp), %rax
 9972 0072 C6801B05 		movb	$3, 1307(%rax)
 9972      000003
1160:src/Flightlib/vl53l8cx_driver/Core/Src/vl53l8cx/vl53l8cx_api.c **** 			single_range = 0x00;
 9973              		.loc 1 1160 17
 9974 0079 C745F400 		movl	$0, -12(%rbp)
 9974      000000
1161:src/Flightlib/vl53l8cx_driver/Core/Src/vl53l8cx/vl53l8cx_api.c **** 			break;
 9975              		.loc 1 1161 4
 9976 0080 EB24     		jmp	.L170
 9977              	.L168:
1162:src/Flightlib/vl53l8cx_driver/Core/Src/vl53l8cx/vl53l8cx_api.c **** 
1163:src/Flightlib/vl53l8cx_driver/Core/Src/vl53l8cx/vl53l8cx_api.c **** 		case VL53L8CX_RANGING_MODE_AUTONOMOUS:
1164:src/Flightlib/vl53l8cx_driver/Core/Src/vl53l8cx/vl53l8cx_api.c **** 			p_dev->temp_buffer[0x01] = 0x3;
 9978              		.loc 1 1164 29
 9979 0082 488B45E8 		movq	-24(%rbp), %rax
 9980 0086 C6801905 		movb	$3, 1305(%rax)
 9980      000003
1165:src/Flightlib/vl53l8cx_driver/Core/Src/vl53l8cx/vl53l8cx_api.c **** 			p_dev->temp_buffer[0x03] = 0x2;
 9981              		.loc 1 1165 29
 9982 008d 488B45E8 		movq	-24(%rbp), %rax
 9983 0091 C6801B05 		movb	$2, 1307(%rax)
 9983      000002
1166:src/Flightlib/vl53l8cx_driver/Core/Src/vl53l8cx/vl53l8cx_api.c **** 			single_range = 0x01;
 9984              		.loc 1 1166 17
 9985 0098 C745F401 		movl	$1, -12(%rbp)
 9985      000000
1167:src/Flightlib/vl53l8cx_driver/Core/Src/vl53l8cx/vl53l8cx_api.c **** 			break;
 9986              		.loc 1 1167 4
 9987 009f EB05     		jmp	.L170
 9988              	.L173:
1168:src/Flightlib/vl53l8cx_driver/Core/Src/vl53l8cx/vl53l8cx_api.c **** 
1169:src/Flightlib/vl53l8cx_driver/Core/Src/vl53l8cx/vl53l8cx_api.c **** 		default:
1170:src/Flightlib/vl53l8cx_driver/Core/Src/vl53l8cx/vl53l8cx_api.c **** 			status = VL53L8CX_STATUS_INVALID_PARAM;
 9989              		.loc 1 1170 11
 9990 00a1 C645F37F 		movb	$127, -13(%rbp)
1171:src/Flightlib/vl53l8cx_driver/Core/Src/vl53l8cx/vl53l8cx_api.c **** 			break;
 9991              		.loc 1 1171 4
 9992 00a5 90       		nop
 9993              	.L170:
1172:src/Flightlib/vl53l8cx_driver/Core/Src/vl53l8cx/vl53l8cx_api.c **** 	}
1173:src/Flightlib/vl53l8cx_driver/Core/Src/vl53l8cx/vl53l8cx_api.c **** 
1174:src/Flightlib/vl53l8cx_driver/Core/Src/vl53l8cx/vl53l8cx_api.c **** 	status |= vl53l8cx_dci_write_data(p_dev, p_dev->temp_buffer,
 9994              		.loc 1 1174 48
 9995 00a6 488B45E8 		movq	-24(%rbp), %rax
 9996 00aa 488DB018 		leaq	1304(%rax), %rsi
 9996      050000
 9997              		.loc 1 1174 12
 9998 00b1 488B45E8 		movq	-24(%rbp), %rax
 9999 00b5 B9080000 		movl	$8, %ecx
 9999      00
 10000 00ba BA30AD00 		movl	$44336, %edx
 10000      00
 10001 00bf 4889C7   		movq	%rax, %rdi
 10002 00c2 E8000000 		call	vl53l8cx_dci_write_data
 10002      00
 10003              		.loc 1 1174 9 discriminator 1
 10004 00c7 0845F3   		orb	%al, -13(%rbp)
1175:src/Flightlib/vl53l8cx_driver/Core/Src/vl53l8cx/vl53l8cx_api.c **** 			VL53L8CX_DCI_RANGING_MODE, (uint16_t)8);
1176:src/Flightlib/vl53l8cx_driver/Core/Src/vl53l8cx/vl53l8cx_api.c **** 
1177:src/Flightlib/vl53l8cx_driver/Core/Src/vl53l8cx/vl53l8cx_api.c **** 	status |= vl53l8cx_dci_write_data(p_dev, (uint8_t*)&single_range,
 10005              		.loc 1 1177 12
 10006 00ca 488D75F4 		leaq	-12(%rbp), %rsi
 10007 00ce 488B45E8 		movq	-24(%rbp), %rax
 10008 00d2 B9040000 		movl	$4, %ecx
 10008      00
 10009 00d7 BA64D900 		movl	$55652, %edx
 10009      00
 10010 00dc 4889C7   		movq	%rax, %rdi
 10011 00df E8000000 		call	vl53l8cx_dci_write_data
 10011      00
 10012              		.loc 1 1177 9 discriminator 1
 10013 00e4 0845F3   		orb	%al, -13(%rbp)
1178:src/Flightlib/vl53l8cx_driver/Core/Src/vl53l8cx/vl53l8cx_api.c **** 			VL53L8CX_DCI_SINGLE_RANGE,
1179:src/Flightlib/vl53l8cx_driver/Core/Src/vl53l8cx/vl53l8cx_api.c ****                         (uint16_t)sizeof(single_range));
1180:src/Flightlib/vl53l8cx_driver/Core/Src/vl53l8cx/vl53l8cx_api.c **** 
1181:src/Flightlib/vl53l8cx_driver/Core/Src/vl53l8cx/vl53l8cx_api.c **** 	return status;
 10014              		.loc 1 1181 9
 10015 00e7 0FB645F3 		movzbl	-13(%rbp), %eax
1182:src/Flightlib/vl53l8cx_driver/Core/Src/vl53l8cx/vl53l8cx_api.c **** }
 10016              		.loc 1 1182 1
 10017 00eb 488B55F8 		movq	-8(%rbp), %rdx
 10018 00ef 64482B14 		subq	%fs:40, %rdx
 10018      25280000 
 10018      00
 10019 00f8 7405     		je	.L172
 10020 00fa E8000000 		call	__stack_chk_fail@PLT
 10020      00
 10021              	.L172:
 10022 00ff C9       		leave
 10023              	.LCFI74:
 10024              		.cfi_def_cfa 7, 8
 10025 0100 C3       		ret
 10026              		.cfi_endproc
 10027              	.LFE30:
 10029              		.section	.text.vl53l8cx_get_external_sync_pin_enable,"ax",@progbits
 10030              		.globl	vl53l8cx_get_external_sync_pin_enable
 10032              	vl53l8cx_get_external_sync_pin_enable:
 10033              	.LFB31:
1183:src/Flightlib/vl53l8cx_driver/Core/Src/vl53l8cx/vl53l8cx_api.c **** 
1184:src/Flightlib/vl53l8cx_driver/Core/Src/vl53l8cx/vl53l8cx_api.c **** uint8_t vl53l8cx_get_external_sync_pin_enable(
1185:src/Flightlib/vl53l8cx_driver/Core/Src/vl53l8cx/vl53l8cx_api.c **** 		VL53L8CX_Configuration		*p_dev,
1186:src/Flightlib/vl53l8cx_driver/Core/Src/vl53l8cx/vl53l8cx_api.c **** 		uint8_t				*p_is_sync_pin_enabled)
1187:src/Flightlib/vl53l8cx_driver/Core/Src/vl53l8cx/vl53l8cx_api.c **** {
 10034              		.loc 1 1187 1
 10035              		.cfi_startproc
 10036 0000 F30F1EFA 		endbr64
 10037 0004 55       		pushq	%rbp
 10038              	.LCFI75:
 10039              		.cfi_def_cfa_offset 16
 10040              		.cfi_offset 6, -16
 10041 0005 4889E5   		movq	%rsp, %rbp
 10042              	.LCFI76:
 10043              		.cfi_def_cfa_register 6
 10044 0008 4883EC20 		subq	$32, %rsp
 10045 000c 48897DE8 		movq	%rdi, -24(%rbp)
 10046 0010 488975E0 		movq	%rsi, -32(%rbp)
1188:src/Flightlib/vl53l8cx_driver/Core/Src/vl53l8cx/vl53l8cx_api.c **** 	uint8_t status = VL53L8CX_STATUS_OK;
 10047              		.loc 1 1188 10
 10048 0014 C645FF00 		movb	$0, -1(%rbp)
1189:src/Flightlib/vl53l8cx_driver/Core/Src/vl53l8cx/vl53l8cx_api.c **** 
1190:src/Flightlib/vl53l8cx_driver/Core/Src/vl53l8cx/vl53l8cx_api.c **** 	status |= vl53l8cx_dci_read_data(p_dev, p_dev->temp_buffer,
 10049              		.loc 1 1190 47
 10050 0018 488B45E8 		movq	-24(%rbp), %rax
 10051 001c 488DB018 		leaq	1304(%rax), %rsi
 10051      050000
 10052              		.loc 1 1190 12
 10053 0023 488B45E8 		movq	-24(%rbp), %rax
 10054 0027 B9040000 		movl	$4, %ecx
 10054      00
 10055 002c BAF0B500 		movl	$46576, %edx
 10055      00
 10056 0031 4889C7   		movq	%rax, %rdi
 10057 0034 E8000000 		call	vl53l8cx_dci_read_data
 10057      00
 10058              		.loc 1 1190 9 discriminator 1
 10059 0039 0845FF   		orb	%al, -1(%rbp)
1191:src/Flightlib/vl53l8cx_driver/Core/Src/vl53l8cx/vl53l8cx_api.c **** 			VL53L8CX_DCI_SYNC_PIN, 4);
1192:src/Flightlib/vl53l8cx_driver/Core/Src/vl53l8cx/vl53l8cx_api.c **** 
1193:src/Flightlib/vl53l8cx_driver/Core/Src/vl53l8cx/vl53l8cx_api.c **** 	/* Check bit 1 value (get sync pause bit) */
1194:src/Flightlib/vl53l8cx_driver/Core/Src/vl53l8cx/vl53l8cx_api.c **** 	if((p_dev->temp_buffer[3] & (uint8_t)0x2) != (uint8_t)0)
 10060              		.loc 1 1194 24
 10061 003c 488B45E8 		movq	-24(%rbp), %rax
 10062 0040 0FB6801B 		movzbl	1307(%rax), %eax
 10062      050000
 10063              		.loc 1 1194 28
 10064 0047 0FB6C0   		movzbl	%al, %eax
 10065 004a 83E002   		andl	$2, %eax
 10066              		.loc 1 1194 4
 10067 004d 85C0     		testl	%eax, %eax
 10068 004f 7409     		je	.L175
1195:src/Flightlib/vl53l8cx_driver/Core/Src/vl53l8cx/vl53l8cx_api.c **** 	{
1196:src/Flightlib/vl53l8cx_driver/Core/Src/vl53l8cx/vl53l8cx_api.c **** 		*p_is_sync_pin_enabled = (uint8_t)1;
 10069              		.loc 1 1196 26
 10070 0051 488B45E0 		movq	-32(%rbp), %rax
 10071 0055 C60001   		movb	$1, (%rax)
 10072 0058 EB07     		jmp	.L176
 10073              	.L175:
1197:src/Flightlib/vl53l8cx_driver/Core/Src/vl53l8cx/vl53l8cx_api.c **** 	}
1198:src/Flightlib/vl53l8cx_driver/Core/Src/vl53l8cx/vl53l8cx_api.c **** 	else
1199:src/Flightlib/vl53l8cx_driver/Core/Src/vl53l8cx/vl53l8cx_api.c **** 	{
1200:src/Flightlib/vl53l8cx_driver/Core/Src/vl53l8cx/vl53l8cx_api.c **** 		*p_is_sync_pin_enabled = (uint8_t)0;
 10074              		.loc 1 1200 26
 10075 005a 488B45E0 		movq	-32(%rbp), %rax
 10076 005e C60000   		movb	$0, (%rax)
 10077              	.L176:
1201:src/Flightlib/vl53l8cx_driver/Core/Src/vl53l8cx/vl53l8cx_api.c **** 	}
1202:src/Flightlib/vl53l8cx_driver/Core/Src/vl53l8cx/vl53l8cx_api.c **** 
1203:src/Flightlib/vl53l8cx_driver/Core/Src/vl53l8cx/vl53l8cx_api.c **** 	return status;
 10078              		.loc 1 1203 9
 10079 0061 0FB645FF 		movzbl	-1(%rbp), %eax
1204:src/Flightlib/vl53l8cx_driver/Core/Src/vl53l8cx/vl53l8cx_api.c **** }
 10080              		.loc 1 1204 1
 10081 0065 C9       		leave
 10082              	.LCFI77:
 10083              		.cfi_def_cfa 7, 8
 10084 0066 C3       		ret
 10085              		.cfi_endproc
 10086              	.LFE31:
 10088              		.section	.text.vl53l8cx_set_external_sync_pin_enable,"ax",@progbits
 10089              		.globl	vl53l8cx_set_external_sync_pin_enable
 10091              	vl53l8cx_set_external_sync_pin_enable:
 10092              	.LFB32:
1205:src/Flightlib/vl53l8cx_driver/Core/Src/vl53l8cx/vl53l8cx_api.c **** 
1206:src/Flightlib/vl53l8cx_driver/Core/Src/vl53l8cx/vl53l8cx_api.c **** uint8_t vl53l8cx_set_external_sync_pin_enable(
1207:src/Flightlib/vl53l8cx_driver/Core/Src/vl53l8cx/vl53l8cx_api.c **** 		VL53L8CX_Configuration		*p_dev,
1208:src/Flightlib/vl53l8cx_driver/Core/Src/vl53l8cx/vl53l8cx_api.c **** 		uint8_t				enable_sync_pin)
1209:src/Flightlib/vl53l8cx_driver/Core/Src/vl53l8cx/vl53l8cx_api.c **** {
 10093              		.loc 1 1209 1
 10094              		.cfi_startproc
 10095 0000 F30F1EFA 		endbr64
 10096 0004 55       		pushq	%rbp
 10097              	.LCFI78:
 10098              		.cfi_def_cfa_offset 16
 10099              		.cfi_offset 6, -16
 10100 0005 4889E5   		movq	%rsp, %rbp
 10101              	.LCFI79:
 10102              		.cfi_def_cfa_register 6
 10103 0008 4883EC20 		subq	$32, %rsp
 10104 000c 48897DE8 		movq	%rdi, -24(%rbp)
 10105 0010 89F0     		movl	%esi, %eax
 10106 0012 8845E4   		movb	%al, -28(%rbp)
1210:src/Flightlib/vl53l8cx_driver/Core/Src/vl53l8cx/vl53l8cx_api.c **** 	uint8_t status = VL53L8CX_STATUS_OK;
 10107              		.loc 1 1210 10
 10108 0015 C645FB00 		movb	$0, -5(%rbp)
1211:src/Flightlib/vl53l8cx_driver/Core/Src/vl53l8cx/vl53l8cx_api.c ****         uint32_t tmp;
1212:src/Flightlib/vl53l8cx_driver/Core/Src/vl53l8cx/vl53l8cx_api.c **** 
1213:src/Flightlib/vl53l8cx_driver/Core/Src/vl53l8cx/vl53l8cx_api.c **** 	status |= vl53l8cx_dci_read_data(p_dev, p_dev->temp_buffer,
 10109              		.loc 1 1213 47
 10110 0019 488B45E8 		movq	-24(%rbp), %rax
 10111 001d 488DB018 		leaq	1304(%rax), %rsi
 10111      050000
 10112              		.loc 1 1213 12
 10113 0024 488B45E8 		movq	-24(%rbp), %rax
 10114 0028 B9040000 		movl	$4, %ecx
 10114      00
 10115 002d BAF0B500 		movl	$46576, %edx
 10115      00
 10116 0032 4889C7   		movq	%rax, %rdi
 10117 0035 E8000000 		call	vl53l8cx_dci_read_data
 10117      00
 10118              		.loc 1 1213 9 discriminator 1
 10119 003a 0845FB   		orb	%al, -5(%rbp)
1214:src/Flightlib/vl53l8cx_driver/Core/Src/vl53l8cx/vl53l8cx_api.c **** 			VL53L8CX_DCI_SYNC_PIN, 4);
1215:src/Flightlib/vl53l8cx_driver/Core/Src/vl53l8cx/vl53l8cx_api.c ****         tmp = (uint32_t)p_dev->temp_buffer[3];
 10120              		.loc 1 1215 43
 10121 003d 488B45E8 		movq	-24(%rbp), %rax
 10122 0041 0FB6801B 		movzbl	1307(%rax), %eax
 10122      050000
 10123              		.loc 1 1215 13
 10124 0048 0FB6C0   		movzbl	%al, %eax
 10125 004b 8945FC   		movl	%eax, -4(%rbp)
1216:src/Flightlib/vl53l8cx_driver/Core/Src/vl53l8cx/vl53l8cx_api.c **** 
1217:src/Flightlib/vl53l8cx_driver/Core/Src/vl53l8cx/vl53l8cx_api.c **** 	/* Update bit 1 with mask (set sync pause bit) */
1218:src/Flightlib/vl53l8cx_driver/Core/Src/vl53l8cx/vl53l8cx_api.c **** 	if(enable_sync_pin == (uint8_t)0)
 10126              		.loc 1 1218 4
 10127 004e 807DE400 		cmpb	$0, -28(%rbp)
 10128 0052 7506     		jne	.L179
1219:src/Flightlib/vl53l8cx_driver/Core/Src/vl53l8cx/vl53l8cx_api.c **** 	{
1220:src/Flightlib/vl53l8cx_driver/Core/Src/vl53l8cx/vl53l8cx_api.c ****                 tmp &= ~(1UL << 1);
 10129              		.loc 1 1220 21
 10130 0054 8365FCFD 		andl	$-3, -4(%rbp)
 10131 0058 EB04     		jmp	.L180
 10132              	.L179:
1221:src/Flightlib/vl53l8cx_driver/Core/Src/vl53l8cx/vl53l8cx_api.c **** 
1222:src/Flightlib/vl53l8cx_driver/Core/Src/vl53l8cx/vl53l8cx_api.c **** 	}
1223:src/Flightlib/vl53l8cx_driver/Core/Src/vl53l8cx/vl53l8cx_api.c **** 	else
1224:src/Flightlib/vl53l8cx_driver/Core/Src/vl53l8cx/vl53l8cx_api.c **** 	{
1225:src/Flightlib/vl53l8cx_driver/Core/Src/vl53l8cx/vl53l8cx_api.c ****                 tmp |= 1UL << 1;
 10133              		.loc 1 1225 21
 10134 005a 834DFC02 		orl	$2, -4(%rbp)
 10135              	.L180:
1226:src/Flightlib/vl53l8cx_driver/Core/Src/vl53l8cx/vl53l8cx_api.c **** 	}
1227:src/Flightlib/vl53l8cx_driver/Core/Src/vl53l8cx/vl53l8cx_api.c **** 
1228:src/Flightlib/vl53l8cx_driver/Core/Src/vl53l8cx/vl53l8cx_api.c ****         p_dev->temp_buffer[3] = (uint8_t)tmp;
 10136              		.loc 1 1228 33
 10137 005e 8B45FC   		movl	-4(%rbp), %eax
 10138 0061 89C2     		movl	%eax, %edx
 10139              		.loc 1 1228 31
 10140 0063 488B45E8 		movq	-24(%rbp), %rax
 10141 0067 88901B05 		movb	%dl, 1307(%rax)
 10141      0000
1229:src/Flightlib/vl53l8cx_driver/Core/Src/vl53l8cx/vl53l8cx_api.c **** 	status |= vl53l8cx_dci_write_data(p_dev, p_dev->temp_buffer,
 10142              		.loc 1 1229 48
 10143 006d 488B45E8 		movq	-24(%rbp), %rax
 10144 0071 488DB018 		leaq	1304(%rax), %rsi
 10144      050000
 10145              		.loc 1 1229 12
 10146 0078 488B45E8 		movq	-24(%rbp), %rax
 10147 007c B9040000 		movl	$4, %ecx
 10147      00
 10148 0081 BAF0B500 		movl	$46576, %edx
 10148      00
 10149 0086 4889C7   		movq	%rax, %rdi
 10150 0089 E8000000 		call	vl53l8cx_dci_write_data
 10150      00
 10151              		.loc 1 1229 9 discriminator 1
 10152 008e 0845FB   		orb	%al, -5(%rbp)
1230:src/Flightlib/vl53l8cx_driver/Core/Src/vl53l8cx/vl53l8cx_api.c **** 			VL53L8CX_DCI_SYNC_PIN, 4);
1231:src/Flightlib/vl53l8cx_driver/Core/Src/vl53l8cx/vl53l8cx_api.c **** 
1232:src/Flightlib/vl53l8cx_driver/Core/Src/vl53l8cx/vl53l8cx_api.c **** 	return status;
 10153              		.loc 1 1232 9
 10154 0091 0FB645FB 		movzbl	-5(%rbp), %eax
1233:src/Flightlib/vl53l8cx_driver/Core/Src/vl53l8cx/vl53l8cx_api.c **** }
 10155              		.loc 1 1233 1
 10156 0095 C9       		leave
 10157              	.LCFI80:
 10158              		.cfi_def_cfa 7, 8
 10159 0096 C3       		ret
 10160              		.cfi_endproc
 10161              	.LFE32:
 10163              		.section	.text.vl53l8cx_get_VHV_repeat_count,"ax",@progbits
 10164              		.globl	vl53l8cx_get_VHV_repeat_count
 10166              	vl53l8cx_get_VHV_repeat_count:
 10167              	.LFB33:
1234:src/Flightlib/vl53l8cx_driver/Core/Src/vl53l8cx/vl53l8cx_api.c **** 
1235:src/Flightlib/vl53l8cx_driver/Core/Src/vl53l8cx/vl53l8cx_api.c **** uint8_t vl53l8cx_get_VHV_repeat_count(
1236:src/Flightlib/vl53l8cx_driver/Core/Src/vl53l8cx/vl53l8cx_api.c **** 		VL53L8CX_Configuration *p_dev,
1237:src/Flightlib/vl53l8cx_driver/Core/Src/vl53l8cx/vl53l8cx_api.c **** 		uint32_t *p_repeat_count)
1238:src/Flightlib/vl53l8cx_driver/Core/Src/vl53l8cx/vl53l8cx_api.c **** {
 10168              		.loc 1 1238 1
 10169              		.cfi_startproc
 10170 0000 F30F1EFA 		endbr64
 10171 0004 55       		pushq	%rbp
 10172              	.LCFI81:
 10173              		.cfi_def_cfa_offset 16
 10174              		.cfi_offset 6, -16
 10175 0005 4889E5   		movq	%rsp, %rbp
 10176              	.LCFI82:
 10177              		.cfi_def_cfa_register 6
 10178 0008 4883EC20 		subq	$32, %rsp
 10179 000c 48897DE8 		movq	%rdi, -24(%rbp)
 10180 0010 488975E0 		movq	%rsi, -32(%rbp)
1239:src/Flightlib/vl53l8cx_driver/Core/Src/vl53l8cx/vl53l8cx_api.c **** 	uint8_t status = VL53L8CX_STATUS_OK;
 10181              		.loc 1 1239 10
 10182 0014 C645FF00 		movb	$0, -1(%rbp)
1240:src/Flightlib/vl53l8cx_driver/Core/Src/vl53l8cx/vl53l8cx_api.c **** 	status |= vl53l8cx_dci_read_data(p_dev, (uint8_t*)p_dev->temp_buffer,
 10183              		.loc 1 1240 52
 10184 0018 488B45E8 		movq	-24(%rbp), %rax
 10185 001c 488DB018 		leaq	1304(%rax), %rsi
 10185      050000
 10186              		.loc 1 1240 12
 10187 0023 488B45E8 		movq	-24(%rbp), %rax
 10188 0027 B9100000 		movl	$16, %ecx
 10188      00
 10189 002c BA60AD00 		movl	$44384, %edx
 10189      00
 10190 0031 4889C7   		movq	%rax, %rdi
 10191 0034 E8000000 		call	vl53l8cx_dci_read_data
 10191      00
 10192              		.loc 1 1240 9 discriminator 1
 10193 0039 0845FF   		orb	%al, -1(%rbp)
1241:src/Flightlib/vl53l8cx_driver/Core/Src/vl53l8cx/vl53l8cx_api.c **** 			VL53L8CX_DCI_VHV_CONFIG, 16);
1242:src/Flightlib/vl53l8cx_driver/Core/Src/vl53l8cx/vl53l8cx_api.c **** 
1243:src/Flightlib/vl53l8cx_driver/Core/Src/vl53l8cx/vl53l8cx_api.c **** 	*p_repeat_count = ((uint32_t)p_dev->temp_buffer[7] << 24)
 10194              		.loc 1 1243 49
 10195 003c 488B45E8 		movq	-24(%rbp), %rax
 10196 0040 0FB6801F 		movzbl	1311(%rax), %eax
 10196      050000
 10197              		.loc 1 1243 21
 10198 0047 0FB6C0   		movzbl	%al, %eax
 10199              		.loc 1 1243 53
 10200 004a C1E018   		sall	$24, %eax
 10201 004d 89C2     		movl	%eax, %edx
1244:src/Flightlib/vl53l8cx_driver/Core/Src/vl53l8cx/vl53l8cx_api.c **** 			| ((uint32_t)p_dev->temp_buffer[6]  << 16)
 10202              		.loc 1 1244 35
 10203 004f 488B45E8 		movq	-24(%rbp), %rax
 10204 0053 0FB6801E 		movzbl	1310(%rax), %eax
 10204      050000
 10205              		.loc 1 1244 7
 10206 005a 0FB6C0   		movzbl	%al, %eax
 10207              		.loc 1 1244 40
 10208 005d C1E010   		sall	$16, %eax
 10209              		.loc 1 1244 4
 10210 0060 09C2     		orl	%eax, %edx
1245:src/Flightlib/vl53l8cx_driver/Core/Src/vl53l8cx/vl53l8cx_api.c **** 			| ((uint32_t)p_dev->temp_buffer[5]  << 8)
 10211              		.loc 1 1245 35
 10212 0062 488B45E8 		movq	-24(%rbp), %rax
 10213 0066 0FB6801D 		movzbl	1309(%rax), %eax
 10213      050000
 10214              		.loc 1 1245 7
 10215 006d 0FB6C0   		movzbl	%al, %eax
 10216              		.loc 1 1245 40
 10217 0070 C1E008   		sall	$8, %eax
 10218              		.loc 1 1245 4
 10219 0073 09C2     		orl	%eax, %edx
1246:src/Flightlib/vl53l8cx_driver/Core/Src/vl53l8cx/vl53l8cx_api.c **** 			| (uint32_t)p_dev->temp_buffer[4];
 10220              		.loc 1 1246 34
 10221 0075 488B45E8 		movq	-24(%rbp), %rax
 10222 0079 0FB6801C 		movzbl	1308(%rax), %eax
 10222      050000
 10223              		.loc 1 1246 6
 10224 0080 0FB6C0   		movzbl	%al, %eax
 10225              		.loc 1 1246 4
 10226 0083 09C2     		orl	%eax, %edx
1243:src/Flightlib/vl53l8cx_driver/Core/Src/vl53l8cx/vl53l8cx_api.c **** 			| ((uint32_t)p_dev->temp_buffer[6]  << 16)
 10227              		.loc 1 1243 18
 10228 0085 488B45E0 		movq	-32(%rbp), %rax
 10229 0089 8910     		movl	%edx, (%rax)
1247:src/Flightlib/vl53l8cx_driver/Core/Src/vl53l8cx/vl53l8cx_api.c **** 
1248:src/Flightlib/vl53l8cx_driver/Core/Src/vl53l8cx/vl53l8cx_api.c **** 	return status;
 10230              		.loc 1 1248 9
 10231 008b 0FB645FF 		movzbl	-1(%rbp), %eax
1249:src/Flightlib/vl53l8cx_driver/Core/Src/vl53l8cx/vl53l8cx_api.c **** }
 10232              		.loc 1 1249 1
 10233 008f C9       		leave
 10234              	.LCFI83:
 10235              		.cfi_def_cfa 7, 8
 10236 0090 C3       		ret
 10237              		.cfi_endproc
 10238              	.LFE33:
 10240              		.section	.text.vl53l8cx_set_VHV_repeat_count,"ax",@progbits
 10241              		.globl	vl53l8cx_set_VHV_repeat_count
 10243              	vl53l8cx_set_VHV_repeat_count:
 10244              	.LFB34:
1250:src/Flightlib/vl53l8cx_driver/Core/Src/vl53l8cx/vl53l8cx_api.c **** 
1251:src/Flightlib/vl53l8cx_driver/Core/Src/vl53l8cx/vl53l8cx_api.c **** uint8_t vl53l8cx_set_VHV_repeat_count(
1252:src/Flightlib/vl53l8cx_driver/Core/Src/vl53l8cx/vl53l8cx_api.c **** 		VL53L8CX_Configuration *p_dev,
1253:src/Flightlib/vl53l8cx_driver/Core/Src/vl53l8cx/vl53l8cx_api.c **** 		uint32_t repeat_count)
1254:src/Flightlib/vl53l8cx_driver/Core/Src/vl53l8cx/vl53l8cx_api.c **** {
 10245              		.loc 1 1254 1
 10246              		.cfi_startproc
 10247 0000 F30F1EFA 		endbr64
 10248 0004 55       		pushq	%rbp
 10249              	.LCFI84:
 10250              		.cfi_def_cfa_offset 16
 10251              		.cfi_offset 6, -16
 10252 0005 4889E5   		movq	%rsp, %rbp
 10253              	.LCFI85:
 10254              		.cfi_def_cfa_register 6
 10255 0008 4883EC20 		subq	$32, %rsp
 10256 000c 48897DE8 		movq	%rdi, -24(%rbp)
 10257 0010 8975E4   		movl	%esi, -28(%rbp)
1255:src/Flightlib/vl53l8cx_driver/Core/Src/vl53l8cx/vl53l8cx_api.c **** 	uint8_t status = VL53L8CX_STATUS_OK;
 10258              		.loc 1 1255 10
 10259 0013 C645FF00 		movb	$0, -1(%rbp)
1256:src/Flightlib/vl53l8cx_driver/Core/Src/vl53l8cx/vl53l8cx_api.c **** 	status |= vl53l8cx_dci_replace_data(p_dev, p_dev->temp_buffer,
 10260              		.loc 1 1256 50
 10261 0017 488B45E8 		movq	-24(%rbp), %rax
 10262 001b 488DB018 		leaq	1304(%rax), %rsi
 10262      050000
 10263              		.loc 1 1256 12
 10264 0022 488D55E4 		leaq	-28(%rbp), %rdx
 10265 0026 488B45E8 		movq	-24(%rbp), %rax
 10266 002a 4883EC08 		subq	$8, %rsp
 10267 002e 6A04     		pushq	$4
 10268 0030 41B90400 		movl	$4, %r9d
 10268      0000
 10269 0036 4989D0   		movq	%rdx, %r8
 10270 0039 B9100000 		movl	$16, %ecx
 10270      00
 10271 003e BA60AD00 		movl	$44384, %edx
 10271      00
 10272 0043 4889C7   		movq	%rax, %rdi
 10273 0046 E8000000 		call	vl53l8cx_dci_replace_data
 10273      00
 10274 004b 4883C410 		addq	$16, %rsp
 10275              		.loc 1 1256 9 discriminator 1
 10276 004f 0845FF   		orb	%al, -1(%rbp)
1257:src/Flightlib/vl53l8cx_driver/Core/Src/vl53l8cx/vl53l8cx_api.c **** 			VL53L8CX_DCI_VHV_CONFIG, 16, (uint8_t*)&repeat_count, 4, 0x4);
1258:src/Flightlib/vl53l8cx_driver/Core/Src/vl53l8cx/vl53l8cx_api.c **** 	return status;
 10277              		.loc 1 1258 9
 10278 0052 0FB645FF 		movzbl	-1(%rbp), %eax
1259:src/Flightlib/vl53l8cx_driver/Core/Src/vl53l8cx/vl53l8cx_api.c **** }
 10279              		.loc 1 1259 1
 10280 0056 C9       		leave
 10281              	.LCFI86:
 10282              		.cfi_def_cfa 7, 8
 10283 0057 C3       		ret
 10284              		.cfi_endproc
 10285              	.LFE34:
 10287              		.section	.text.vl53l8cx_dci_read_data,"ax",@progbits
 10288              		.globl	vl53l8cx_dci_read_data
 10290              	vl53l8cx_dci_read_data:
 10291              	.LFB35:
1260:src/Flightlib/vl53l8cx_driver/Core/Src/vl53l8cx/vl53l8cx_api.c **** 
1261:src/Flightlib/vl53l8cx_driver/Core/Src/vl53l8cx/vl53l8cx_api.c **** uint8_t vl53l8cx_dci_read_data(
1262:src/Flightlib/vl53l8cx_driver/Core/Src/vl53l8cx/vl53l8cx_api.c **** 		VL53L8CX_Configuration		*p_dev,
1263:src/Flightlib/vl53l8cx_driver/Core/Src/vl53l8cx/vl53l8cx_api.c **** 		uint8_t				*data,
1264:src/Flightlib/vl53l8cx_driver/Core/Src/vl53l8cx/vl53l8cx_api.c **** 		uint32_t			index,
1265:src/Flightlib/vl53l8cx_driver/Core/Src/vl53l8cx/vl53l8cx_api.c **** 		uint16_t			data_size)
1266:src/Flightlib/vl53l8cx_driver/Core/Src/vl53l8cx/vl53l8cx_api.c **** {
 10292              		.loc 1 1266 1
 10293              		.cfi_startproc
 10294 0000 F30F1EFA 		endbr64
 10295 0004 55       		pushq	%rbp
 10296              	.LCFI87:
 10297              		.cfi_def_cfa_offset 16
 10298              		.cfi_offset 6, -16
 10299 0005 4889E5   		movq	%rsp, %rbp
 10300              	.LCFI88:
 10301              		.cfi_def_cfa_register 6
 10302 0008 4883EC40 		subq	$64, %rsp
 10303 000c 48897DD8 		movq	%rdi, -40(%rbp)
 10304 0010 488975D0 		movq	%rsi, -48(%rbp)
 10305 0014 8955CC   		movl	%edx, -52(%rbp)
 10306 0017 89C8     		movl	%ecx, %eax
 10307 0019 668945C8 		movw	%ax, -56(%rbp)
 10308              		.loc 1 1266 1
 10309 001d 64488B04 		movq	%fs:40, %rax
 10309      25280000 
 10309      00
 10310 0026 488945F8 		movq	%rax, -8(%rbp)
 10311 002a 31C0     		xorl	%eax, %eax
1267:src/Flightlib/vl53l8cx_driver/Core/Src/vl53l8cx/vl53l8cx_api.c **** 	int16_t i;
1268:src/Flightlib/vl53l8cx_driver/Core/Src/vl53l8cx/vl53l8cx_api.c **** 	uint8_t status = VL53L8CX_STATUS_OK;
 10312              		.loc 1 1268 10
 10313 002c C645E500 		movb	$0, -27(%rbp)
1269:src/Flightlib/vl53l8cx_driver/Core/Src/vl53l8cx/vl53l8cx_api.c ****         uint32_t rd_size = (uint32_t) data_size + (uint32_t)12;
 10314              		.loc 1 1269 28
 10315 0030 0FB745C8 		movzwl	-56(%rbp), %eax
 10316              		.loc 1 1269 18
 10317 0034 83C00C   		addl	$12, %eax
 10318 0037 8945E8   		movl	%eax, -24(%rbp)
1270:src/Flightlib/vl53l8cx_driver/Core/Src/vl53l8cx/vl53l8cx_api.c **** 	uint8_t cmd[] = {0x00, 0x00, 0x00, 0x00,
 10319              		.loc 1 1270 10
 10320 003a 48B80000 		movabsq	$1080863910568919040, %rax
 10320      00000000 
 10320      000F
 10321 0044 488945EC 		movq	%rax, -20(%rbp)
 10322 0048 C745F400 		movl	$134218240, -12(%rbp)
 10322      020008
1271:src/Flightlib/vl53l8cx_driver/Core/Src/vl53l8cx/vl53l8cx_api.c **** 			0x00, 0x00, 0x00, 0x0f,
1272:src/Flightlib/vl53l8cx_driver/Core/Src/vl53l8cx/vl53l8cx_api.c **** 			0x00, 0x02, 0x00, 0x08};
1273:src/Flightlib/vl53l8cx_driver/Core/Src/vl53l8cx/vl53l8cx_api.c **** 
1274:src/Flightlib/vl53l8cx_driver/Core/Src/vl53l8cx/vl53l8cx_api.c **** 	/* Check if tmp buffer is large enough */
1275:src/Flightlib/vl53l8cx_driver/Core/Src/vl53l8cx/vl53l8cx_api.c **** 	if((data_size + (uint16_t)12)>(uint16_t)VL53L8CX_TEMPORARY_BUFFER_SIZE)
 10323              		.loc 1 1275 4
 10324 004f 66817DC8 		cmpw	$1440, -56(%rbp)
 10324      A005
 10325 0055 7609     		jbe	.L187
1276:src/Flightlib/vl53l8cx_driver/Core/Src/vl53l8cx/vl53l8cx_api.c **** 	{
1277:src/Flightlib/vl53l8cx_driver/Core/Src/vl53l8cx/vl53l8cx_api.c **** 		status |= VL53L8CX_STATUS_ERROR;
 10326              		.loc 1 1277 10
 10327 0057 C645E5FF 		movb	$-1, -27(%rbp)
 10328 005b E9FE0000 		jmp	.L188
 10328      00
 10329              	.L187:
1278:src/Flightlib/vl53l8cx_driver/Core/Src/vl53l8cx/vl53l8cx_api.c **** 	}
1279:src/Flightlib/vl53l8cx_driver/Core/Src/vl53l8cx/vl53l8cx_api.c **** 	else
1280:src/Flightlib/vl53l8cx_driver/Core/Src/vl53l8cx/vl53l8cx_api.c **** 	{
1281:src/Flightlib/vl53l8cx_driver/Core/Src/vl53l8cx/vl53l8cx_api.c **** 		cmd[0] = (uint8_t)(index >> 8);	
 10330              		.loc 1 1281 28
 10331 0060 8B45CC   		movl	-52(%rbp), %eax
 10332 0063 C1E808   		shrl	$8, %eax
 10333              		.loc 1 1281 10
 10334 0066 8845EC   		movb	%al, -20(%rbp)
1282:src/Flightlib/vl53l8cx_driver/Core/Src/vl53l8cx/vl53l8cx_api.c **** 		cmd[1] = (uint8_t)(index & (uint32_t)0xff);			
 10335              		.loc 1 1282 12
 10336 0069 8B45CC   		movl	-52(%rbp), %eax
 10337              		.loc 1 1282 10
 10338 006c 8845ED   		movb	%al, -19(%rbp)
1283:src/Flightlib/vl53l8cx_driver/Core/Src/vl53l8cx/vl53l8cx_api.c **** 		cmd[2] = (uint8_t)((data_size & (uint16_t)0xff0) >> 4);
 10339              		.loc 1 1283 52
 10340 006f 0FB745C8 		movzwl	-56(%rbp), %eax
 10341 0073 C1F804   		sarl	$4, %eax
 10342              		.loc 1 1283 10
 10343 0076 8845EE   		movb	%al, -18(%rbp)
1284:src/Flightlib/vl53l8cx_driver/Core/Src/vl53l8cx/vl53l8cx_api.c **** 		cmd[3] = (uint8_t)((data_size & (uint16_t)0xf) << 4);
 10344              		.loc 1 1284 33
 10345 0079 0FB745C8 		movzwl	-56(%rbp), %eax
 10346              		.loc 1 1284 12
 10347 007d C1E004   		sall	$4, %eax
 10348              		.loc 1 1284 10
 10349 0080 8845EF   		movb	%al, -17(%rbp)
1285:src/Flightlib/vl53l8cx_driver/Core/Src/vl53l8cx/vl53l8cx_api.c **** 
1286:src/Flightlib/vl53l8cx_driver/Core/Src/vl53l8cx/vl53l8cx_api.c **** 	/* Request data reading from FW */
1287:src/Flightlib/vl53l8cx_driver/Core/Src/vl53l8cx/vl53l8cx_api.c **** 		status |= VL53L8CX_WrMulti(&(p_dev->platform),
 10350              		.loc 1 1287 13
 10351 0083 488B45D8 		movq	-40(%rbp), %rax
 10352 0087 488D55EC 		leaq	-20(%rbp), %rdx
 10353 008b B90C0000 		movl	$12, %ecx
 10353      00
 10354 0090 BEF42F00 		movl	$12276, %esi
 10354      00
 10355 0095 4889C7   		movq	%rax, %rdi
 10356 0098 E8000000 		call	VL53L8CX_WrMulti@PLT
 10356      00
 10357              		.loc 1 1287 10 discriminator 1
 10358 009d 89C2     		movl	%eax, %edx
 10359 009f 0FB645E5 		movzbl	-27(%rbp), %eax
 10360 00a3 09D0     		orl	%edx, %eax
 10361 00a5 8845E5   		movb	%al, -27(%rbp)
1288:src/Flightlib/vl53l8cx_driver/Core/Src/vl53l8cx/vl53l8cx_api.c **** 			(VL53L8CX_UI_CMD_END-(uint16_t)11),cmd, sizeof(cmd));
1289:src/Flightlib/vl53l8cx_driver/Core/Src/vl53l8cx/vl53l8cx_api.c **** 		status |= _vl53l8cx_poll_for_answer(p_dev, 4, 1,
 10362              		.loc 1 1289 13
 10363 00a8 488B45D8 		movq	-40(%rbp), %rax
 10364 00ac 41B90300 		movl	$3, %r9d
 10364      0000
 10365 00b2 41B8FF00 		movl	$255, %r8d
 10365      0000
 10366 00b8 B9002C00 		movl	$11264, %ecx
 10366      00
 10367 00bd BA010000 		movl	$1, %edx
 10367      00
 10368 00c2 BE040000 		movl	$4, %esi
 10368      00
 10369 00c7 4889C7   		movq	%rax, %rdi
 10370 00ca E8000000 		call	_vl53l8cx_poll_for_answer
 10370      00
 10371              		.loc 1 1289 10 discriminator 1
 10372 00cf 0845E5   		orb	%al, -27(%rbp)
1290:src/Flightlib/vl53l8cx_driver/Core/Src/vl53l8cx/vl53l8cx_api.c **** 			VL53L8CX_UI_CMD_STATUS,
1291:src/Flightlib/vl53l8cx_driver/Core/Src/vl53l8cx/vl53l8cx_api.c **** 			0xff, 0x03);
1292:src/Flightlib/vl53l8cx_driver/Core/Src/vl53l8cx/vl53l8cx_api.c **** 
1293:src/Flightlib/vl53l8cx_driver/Core/Src/vl53l8cx/vl53l8cx_api.c **** 	/* Read new data sent (4 bytes header + data_size + 8 bytes footer) */
1294:src/Flightlib/vl53l8cx_driver/Core/Src/vl53l8cx/vl53l8cx_api.c **** 		status |= VL53L8CX_RdMulti(&(p_dev->platform), VL53L8CX_UI_CMD_START,
1295:src/Flightlib/vl53l8cx_driver/Core/Src/vl53l8cx/vl53l8cx_api.c **** 			p_dev->temp_buffer, rd_size);
 10373              		.loc 1 1295 9
 10374 00d2 488B45D8 		movq	-40(%rbp), %rax
 10375 00d6 488DB018 		leaq	1304(%rax), %rsi
 10375      050000
1294:src/Flightlib/vl53l8cx_driver/Core/Src/vl53l8cx/vl53l8cx_api.c **** 			p_dev->temp_buffer, rd_size);
 10376              		.loc 1 1294 13
 10377 00dd 488B45D8 		movq	-40(%rbp), %rax
 10378 00e1 8B55E8   		movl	-24(%rbp), %edx
 10379 00e4 89D1     		movl	%edx, %ecx
 10380 00e6 4889F2   		movq	%rsi, %rdx
 10381 00e9 BE042C00 		movl	$11268, %esi
 10381      00
 10382 00ee 4889C7   		movq	%rax, %rdi
 10383 00f1 E8000000 		call	VL53L8CX_RdMulti@PLT
 10383      00
1294:src/Flightlib/vl53l8cx_driver/Core/Src/vl53l8cx/vl53l8cx_api.c **** 			p_dev->temp_buffer, rd_size);
 10384              		.loc 1 1294 10 discriminator 1
 10385 00f6 89C2     		movl	%eax, %edx
 10386 00f8 0FB645E5 		movzbl	-27(%rbp), %eax
 10387 00fc 09D0     		orl	%edx, %eax
 10388 00fe 8845E5   		movb	%al, -27(%rbp)
1296:src/Flightlib/vl53l8cx_driver/Core/Src/vl53l8cx/vl53l8cx_api.c **** 		VL53L8CX_SwapBuffer(p_dev->temp_buffer, data_size + (uint16_t)12);
 10389              		.loc 1 1296 3
 10390 0101 0FB745C8 		movzwl	-56(%rbp), %eax
 10391 0105 8D500C   		leal	12(%rax), %edx
 10392              		.loc 1 1296 28
 10393 0108 488B45D8 		movq	-40(%rbp), %rax
 10394 010c 48051805 		addq	$1304, %rax
 10394      0000
 10395              		.loc 1 1296 3
 10396 0112 89D6     		movl	%edx, %esi
 10397 0114 4889C7   		movq	%rax, %rdi
 10398 0117 E8000000 		call	VL53L8CX_SwapBuffer@PLT
 10398      00
1297:src/Flightlib/vl53l8cx_driver/Core/Src/vl53l8cx/vl53l8cx_api.c **** 
1298:src/Flightlib/vl53l8cx_driver/Core/Src/vl53l8cx/vl53l8cx_api.c **** 	/* Copy data from FW into input structure (-4 bytes to remove header) */
1299:src/Flightlib/vl53l8cx_driver/Core/Src/vl53l8cx/vl53l8cx_api.c **** 		for(i = 0 ; i < (int16_t)data_size;i++){
 10399              		.loc 1 1299 9
 10400 011c 66C745E6 		movw	$0, -26(%rbp)
 10400      0000
 10401              		.loc 1 1299 3
 10402 0122 EB30     		jmp	.L189
 10403              	.L190:
1300:src/Flightlib/vl53l8cx_driver/Core/Src/vl53l8cx/vl53l8cx_api.c **** 			data[i] = p_dev->temp_buffer[i + 4];
 10404              		.loc 1 1300 35
 10405 0124 0FBF45E6 		movswl	-26(%rbp), %eax
 10406 0128 8D7004   		leal	4(%rax), %esi
 10407              		.loc 1 1300 8
 10408 012b 480FBF55 		movswq	-26(%rbp), %rdx
 10408      E6
 10409 0130 488B45D0 		movq	-48(%rbp), %rax
 10410 0134 488D0C02 		leaq	(%rdx,%rax), %rcx
 10411              		.loc 1 1300 32
 10412 0138 488B55D8 		movq	-40(%rbp), %rdx
 10413 013c 4863C6   		movslq	%esi, %rax
 10414 013f 0FB68402 		movzbl	1304(%rdx,%rax), %eax
 10414      18050000 
 10415              		.loc 1 1300 12
 10416 0147 8801     		movb	%al, (%rcx)
1299:src/Flightlib/vl53l8cx_driver/Core/Src/vl53l8cx/vl53l8cx_api.c **** 			data[i] = p_dev->temp_buffer[i + 4];
 10417              		.loc 1 1299 39 discriminator 3
 10418 0149 0FB745E6 		movzwl	-26(%rbp), %eax
 10419 014d 83C001   		addl	$1, %eax
 10420 0150 668945E6 		movw	%ax, -26(%rbp)
 10421              	.L189:
1299:src/Flightlib/vl53l8cx_driver/Core/Src/vl53l8cx/vl53l8cx_api.c **** 			data[i] = p_dev->temp_buffer[i + 4];
 10422              		.loc 1 1299 17 discriminator 1
 10423 0154 0FB745C8 		movzwl	-56(%rbp), %eax
 10424 0158 663945E6 		cmpw	%ax, -26(%rbp)
 10425 015c 7CC6     		jl	.L190
 10426              	.L188:
1301:src/Flightlib/vl53l8cx_driver/Core/Src/vl53l8cx/vl53l8cx_api.c **** 		}
1302:src/Flightlib/vl53l8cx_driver/Core/Src/vl53l8cx/vl53l8cx_api.c **** 	}
1303:src/Flightlib/vl53l8cx_driver/Core/Src/vl53l8cx/vl53l8cx_api.c **** 
1304:src/Flightlib/vl53l8cx_driver/Core/Src/vl53l8cx/vl53l8cx_api.c **** 	return status;
 10427              		.loc 1 1304 9
 10428 015e 0FB645E5 		movzbl	-27(%rbp), %eax
1305:src/Flightlib/vl53l8cx_driver/Core/Src/vl53l8cx/vl53l8cx_api.c **** }
 10429              		.loc 1 1305 1
 10430 0162 488B55F8 		movq	-8(%rbp), %rdx
 10431 0166 64482B14 		subq	%fs:40, %rdx
 10431      25280000 
 10431      00
 10432 016f 7405     		je	.L192
 10433 0171 E8000000 		call	__stack_chk_fail@PLT
 10433      00
 10434              	.L192:
 10435 0176 C9       		leave
 10436              	.LCFI89:
 10437              		.cfi_def_cfa 7, 8
 10438 0177 C3       		ret
 10439              		.cfi_endproc
 10440              	.LFE35:
 10442              		.section	.text.vl53l8cx_dci_write_data,"ax",@progbits
 10443              		.globl	vl53l8cx_dci_write_data
 10445              	vl53l8cx_dci_write_data:
 10446              	.LFB36:
1306:src/Flightlib/vl53l8cx_driver/Core/Src/vl53l8cx/vl53l8cx_api.c **** 
1307:src/Flightlib/vl53l8cx_driver/Core/Src/vl53l8cx/vl53l8cx_api.c **** uint8_t vl53l8cx_dci_write_data(
1308:src/Flightlib/vl53l8cx_driver/Core/Src/vl53l8cx/vl53l8cx_api.c **** 		VL53L8CX_Configuration		*p_dev,
1309:src/Flightlib/vl53l8cx_driver/Core/Src/vl53l8cx/vl53l8cx_api.c **** 		uint8_t				*data,
1310:src/Flightlib/vl53l8cx_driver/Core/Src/vl53l8cx/vl53l8cx_api.c **** 		uint32_t			index,
1311:src/Flightlib/vl53l8cx_driver/Core/Src/vl53l8cx/vl53l8cx_api.c **** 		uint16_t			data_size)
1312:src/Flightlib/vl53l8cx_driver/Core/Src/vl53l8cx/vl53l8cx_api.c **** {
 10447              		.loc 1 1312 1
 10448              		.cfi_startproc
 10449 0000 F30F1EFA 		endbr64
 10450 0004 55       		pushq	%rbp
 10451              	.LCFI90:
 10452              		.cfi_def_cfa_offset 16
 10453              		.cfi_offset 6, -16
 10454 0005 4889E5   		movq	%rsp, %rbp
 10455              	.LCFI91:
 10456              		.cfi_def_cfa_register 6
 10457 0008 4883EC40 		subq	$64, %rsp
 10458 000c 48897DD8 		movq	%rdi, -40(%rbp)
 10459 0010 488975D0 		movq	%rsi, -48(%rbp)
 10460 0014 8955CC   		movl	%edx, -52(%rbp)
 10461 0017 89C8     		movl	%ecx, %eax
 10462 0019 668945C8 		movw	%ax, -56(%rbp)
 10463              		.loc 1 1312 1
 10464 001d 64488B04 		movq	%fs:40, %rax
 10464      25280000 
 10464      00
 10465 0026 488945F8 		movq	%rax, -8(%rbp)
 10466 002a 31C0     		xorl	%eax, %eax
1313:src/Flightlib/vl53l8cx_driver/Core/Src/vl53l8cx/vl53l8cx_api.c **** 	uint8_t status = VL53L8CX_STATUS_OK;
 10467              		.loc 1 1313 10
 10468 002c C645E700 		movb	$0, -25(%rbp)
1314:src/Flightlib/vl53l8cx_driver/Core/Src/vl53l8cx/vl53l8cx_api.c **** 	int16_t i;
1315:src/Flightlib/vl53l8cx_driver/Core/Src/vl53l8cx/vl53l8cx_api.c **** 
1316:src/Flightlib/vl53l8cx_driver/Core/Src/vl53l8cx/vl53l8cx_api.c **** 	uint8_t headers[] = {0x00, 0x00, 0x00, 0x00};
 10469              		.loc 1 1316 10
 10470 0030 C745EC00 		movl	$0, -20(%rbp)
 10470      000000
1317:src/Flightlib/vl53l8cx_driver/Core/Src/vl53l8cx/vl53l8cx_api.c **** 	uint8_t footer[] = {0x00, 0x00, 0x00, 0x0f, 0x05, 0x01,
 10471              		.loc 1 1317 10
 10472 0037 C645F000 		movb	$0, -16(%rbp)
 10473 003b C645F100 		movb	$0, -15(%rbp)
 10474 003f C645F200 		movb	$0, -14(%rbp)
 10475 0043 C645F30F 		movb	$15, -13(%rbp)
 10476 0047 C645F405 		movb	$5, -12(%rbp)
 10477 004b C645F501 		movb	$1, -11(%rbp)
1318:src/Flightlib/vl53l8cx_driver/Core/Src/vl53l8cx/vl53l8cx_api.c **** 			(uint8_t)((data_size + (uint16_t)8) >> 8), 
 10478              		.loc 1 1318 25
 10479 004f 0FB745C8 		movzwl	-56(%rbp), %eax
 10480 0053 83C008   		addl	$8, %eax
 10481              		.loc 1 1318 40
 10482 0056 C1F808   		sarl	$8, %eax
1317:src/Flightlib/vl53l8cx_driver/Core/Src/vl53l8cx/vl53l8cx_api.c **** 	uint8_t footer[] = {0x00, 0x00, 0x00, 0x0f, 0x05, 0x01,
 10483              		.loc 1 1317 10
 10484 0059 8845F6   		movb	%al, -10(%rbp)
1319:src/Flightlib/vl53l8cx_driver/Core/Src/vl53l8cx/vl53l8cx_api.c **** 			(uint8_t)((data_size + (uint16_t)8) & (uint8_t)0xFF)};
 10485              		.loc 1 1319 4
 10486 005c 0FB745C8 		movzwl	-56(%rbp), %eax
 10487              		.loc 1 1319 25
 10488 0060 83C008   		addl	$8, %eax
1317:src/Flightlib/vl53l8cx_driver/Core/Src/vl53l8cx/vl53l8cx_api.c **** 	uint8_t footer[] = {0x00, 0x00, 0x00, 0x0f, 0x05, 0x01,
 10489              		.loc 1 1317 10
 10490 0063 8845F7   		movb	%al, -9(%rbp)
1320:src/Flightlib/vl53l8cx_driver/Core/Src/vl53l8cx/vl53l8cx_api.c **** 
1321:src/Flightlib/vl53l8cx_driver/Core/Src/vl53l8cx/vl53l8cx_api.c **** 	uint16_t address = (uint16_t)VL53L8CX_UI_CMD_END -
 10491              		.loc 1 1321 11
 10492 0066 B8F42F00 		movl	$12276, %eax
 10492      00
 10493 006b 662B45C8 		subw	-56(%rbp), %ax
 10494 006f 668945EA 		movw	%ax, -22(%rbp)
1322:src/Flightlib/vl53l8cx_driver/Core/Src/vl53l8cx/vl53l8cx_api.c **** 		(data_size + (uint16_t)12) + (uint16_t)1;
1323:src/Flightlib/vl53l8cx_driver/Core/Src/vl53l8cx/vl53l8cx_api.c **** 
1324:src/Flightlib/vl53l8cx_driver/Core/Src/vl53l8cx/vl53l8cx_api.c **** 	/* Check if cmd buffer is large enough */
1325:src/Flightlib/vl53l8cx_driver/Core/Src/vl53l8cx/vl53l8cx_api.c **** 	if((data_size + (uint16_t)12) 
 10495              		.loc 1 1325 4
 10496 0073 66817DC8 		cmpw	$1440, -56(%rbp)
 10496      A005
 10497 0079 7609     		jbe	.L194
1326:src/Flightlib/vl53l8cx_driver/Core/Src/vl53l8cx/vl53l8cx_api.c ****            > (uint16_t)VL53L8CX_TEMPORARY_BUFFER_SIZE)
1327:src/Flightlib/vl53l8cx_driver/Core/Src/vl53l8cx/vl53l8cx_api.c **** 	{
1328:src/Flightlib/vl53l8cx_driver/Core/Src/vl53l8cx/vl53l8cx_api.c **** 		status |= VL53L8CX_STATUS_ERROR;
 10498              		.loc 1 1328 10
 10499 007b C645E7FF 		movb	$-1, -25(%rbp)
 10500 007f E9130100 		jmp	.L195
 10500      00
 10501              	.L194:
1329:src/Flightlib/vl53l8cx_driver/Core/Src/vl53l8cx/vl53l8cx_api.c **** 	}
1330:src/Flightlib/vl53l8cx_driver/Core/Src/vl53l8cx/vl53l8cx_api.c **** 	else
1331:src/Flightlib/vl53l8cx_driver/Core/Src/vl53l8cx/vl53l8cx_api.c **** 	{
1332:src/Flightlib/vl53l8cx_driver/Core/Src/vl53l8cx/vl53l8cx_api.c **** 		headers[0] = (uint8_t)(index >> 8);
 10502              		.loc 1 1332 32
 10503 0084 8B45CC   		movl	-52(%rbp), %eax
 10504 0087 C1E808   		shrl	$8, %eax
 10505              		.loc 1 1332 14
 10506 008a 8845EC   		movb	%al, -20(%rbp)
1333:src/Flightlib/vl53l8cx_driver/Core/Src/vl53l8cx/vl53l8cx_api.c **** 		headers[1] = (uint8_t)(index & (uint32_t)0xff);
 10507              		.loc 1 1333 16
 10508 008d 8B45CC   		movl	-52(%rbp), %eax
 10509              		.loc 1 1333 14
 10510 0090 8845ED   		movb	%al, -19(%rbp)
1334:src/Flightlib/vl53l8cx_driver/Core/Src/vl53l8cx/vl53l8cx_api.c **** 		headers[2] = (uint8_t)(((data_size & (uint16_t)0xff0) >> 4));
 10511              		.loc 1 1334 57
 10512 0093 0FB745C8 		movzwl	-56(%rbp), %eax
 10513 0097 C1F804   		sarl	$4, %eax
 10514              		.loc 1 1334 14
 10515 009a 8845EE   		movb	%al, -18(%rbp)
1335:src/Flightlib/vl53l8cx_driver/Core/Src/vl53l8cx/vl53l8cx_api.c **** 		headers[3] = (uint8_t)((data_size & (uint16_t)0xf) << 4);
 10516              		.loc 1 1335 37
 10517 009d 0FB745C8 		movzwl	-56(%rbp), %eax
 10518              		.loc 1 1335 16
 10519 00a1 C1E004   		sall	$4, %eax
 10520              		.loc 1 1335 14
 10521 00a4 8845EF   		movb	%al, -17(%rbp)
1336:src/Flightlib/vl53l8cx_driver/Core/Src/vl53l8cx/vl53l8cx_api.c **** 
1337:src/Flightlib/vl53l8cx_driver/Core/Src/vl53l8cx/vl53l8cx_api.c **** 	/* Copy data from structure to FW format (+4 bytes to add header) */
1338:src/Flightlib/vl53l8cx_driver/Core/Src/vl53l8cx/vl53l8cx_api.c **** 		VL53L8CX_SwapBuffer(data, data_size);
 10522              		.loc 1 1338 3
 10523 00a7 0FB755C8 		movzwl	-56(%rbp), %edx
 10524 00ab 488B45D0 		movq	-48(%rbp), %rax
 10525 00af 89D6     		movl	%edx, %esi
 10526 00b1 4889C7   		movq	%rax, %rdi
 10527 00b4 E8000000 		call	VL53L8CX_SwapBuffer@PLT
 10527      00
1339:src/Flightlib/vl53l8cx_driver/Core/Src/vl53l8cx/vl53l8cx_api.c **** 		for(i = (int16_t)data_size - (int16_t)1 ; i >= 0; i--)
 10528              		.loc 1 1339 30
 10529 00b9 0FB745C8 		movzwl	-56(%rbp), %eax
 10530 00bd 83E801   		subl	$1, %eax
 10531              		.loc 1 1339 9
 10532 00c0 668945E8 		movw	%ax, -24(%rbp)
 10533              		.loc 1 1339 3
 10534 00c4 EB2F     		jmp	.L196
 10535              	.L197:
1340:src/Flightlib/vl53l8cx_driver/Core/Src/vl53l8cx/vl53l8cx_api.c **** 		{
1341:src/Flightlib/vl53l8cx_driver/Core/Src/vl53l8cx/vl53l8cx_api.c **** 			p_dev->temp_buffer[i + 4] = data[i];
 10536              		.loc 1 1341 36
 10537 00c6 480FBF55 		movswq	-24(%rbp), %rdx
 10537      E8
 10538 00cb 488B45D0 		movq	-48(%rbp), %rax
 10539 00cf 4801D0   		addq	%rdx, %rax
 10540              		.loc 1 1341 25
 10541 00d2 0FBF55E8 		movswl	-24(%rbp), %edx
 10542 00d6 8D7204   		leal	4(%rdx), %esi
 10543              		.loc 1 1341 36
 10544 00d9 0FB608   		movzbl	(%rax), %ecx
 10545              		.loc 1 1341 30
 10546 00dc 488B55D8 		movq	-40(%rbp), %rdx
 10547 00e0 4863C6   		movslq	%esi, %rax
 10548 00e3 888C0218 		movb	%cl, 1304(%rdx,%rax)
 10548      050000
1339:src/Flightlib/vl53l8cx_driver/Core/Src/vl53l8cx/vl53l8cx_api.c **** 		for(i = (int16_t)data_size - (int16_t)1 ; i >= 0; i--)
 10549              		.loc 1 1339 54 discriminator 3
 10550 00ea 0FB745E8 		movzwl	-24(%rbp), %eax
 10551 00ee 83E801   		subl	$1, %eax
 10552 00f1 668945E8 		movw	%ax, -24(%rbp)
 10553              	.L196:
1339:src/Flightlib/vl53l8cx_driver/Core/Src/vl53l8cx/vl53l8cx_api.c **** 		for(i = (int16_t)data_size - (int16_t)1 ; i >= 0; i--)
 10554              		.loc 1 1339 47 discriminator 1
 10555 00f5 66837DE8 		cmpw	$0, -24(%rbp)
 10555      00
 10556 00fa 79CA     		jns	.L197
1342:src/Flightlib/vl53l8cx_driver/Core/Src/vl53l8cx/vl53l8cx_api.c **** 		}
1343:src/Flightlib/vl53l8cx_driver/Core/Src/vl53l8cx/vl53l8cx_api.c **** 
1344:src/Flightlib/vl53l8cx_driver/Core/Src/vl53l8cx/vl53l8cx_api.c **** 	/* Add headers and footer */
1345:src/Flightlib/vl53l8cx_driver/Core/Src/vl53l8cx/vl53l8cx_api.c **** 		(void)memcpy(&p_dev->temp_buffer[0], headers, sizeof(headers));
 10557              		.loc 1 1345 16
 10558 00fc 488B45D8 		movq	-40(%rbp), %rax
 10559 0100 488D9018 		leaq	1304(%rax), %rdx
 10559      050000
 10560              		.loc 1 1345 9
 10561 0107 8B45EC   		movl	-20(%rbp), %eax
 10562 010a 8902     		movl	%eax, (%rdx)
1346:src/Flightlib/vl53l8cx_driver/Core/Src/vl53l8cx/vl53l8cx_api.c **** 		(void)memcpy(&p_dev->temp_buffer[data_size + (uint16_t)4],
 10563              		.loc 1 1346 46
 10564 010c 0FB745C8 		movzwl	-56(%rbp), %eax
 10565 0110 83C004   		addl	$4, %eax
 10566              		.loc 1 1346 16
 10567 0113 4898     		cltq
 10568 0115 488D9010 		leaq	1296(%rax), %rdx
 10568      050000
 10569 011c 488B45D8 		movq	-40(%rbp), %rax
 10570 0120 4801D0   		addq	%rdx, %rax
 10571 0123 488D5008 		leaq	8(%rax), %rdx
 10572              		.loc 1 1346 9
 10573 0127 488B45F0 		movq	-16(%rbp), %rax
 10574 012b 488902   		movq	%rax, (%rdx)
1347:src/Flightlib/vl53l8cx_driver/Core/Src/vl53l8cx/vl53l8cx_api.c **** 			footer, sizeof(footer));
1348:src/Flightlib/vl53l8cx_driver/Core/Src/vl53l8cx/vl53l8cx_api.c **** 
1349:src/Flightlib/vl53l8cx_driver/Core/Src/vl53l8cx/vl53l8cx_api.c **** 	/* Send data to FW */
1350:src/Flightlib/vl53l8cx_driver/Core/Src/vl53l8cx/vl53l8cx_api.c **** 		status |= VL53L8CX_WrMulti(&(p_dev->platform),address,
1351:src/Flightlib/vl53l8cx_driver/Core/Src/vl53l8cx/vl53l8cx_api.c **** 			p_dev->temp_buffer,
1352:src/Flightlib/vl53l8cx_driver/Core/Src/vl53l8cx/vl53l8cx_api.c **** 			(uint32_t)((uint32_t)data_size + (uint32_t)12));
 10575              		.loc 1 1352 15
 10576 012e 0FB745C8 		movzwl	-56(%rbp), %eax
1350:src/Flightlib/vl53l8cx_driver/Core/Src/vl53l8cx/vl53l8cx_api.c **** 			p_dev->temp_buffer,
 10577              		.loc 1 1350 13
 10578 0132 8D480C   		leal	12(%rax), %ecx
1351:src/Flightlib/vl53l8cx_driver/Core/Src/vl53l8cx/vl53l8cx_api.c **** 			(uint32_t)((uint32_t)data_size + (uint32_t)12));
 10579              		.loc 1 1351 9
 10580 0135 488B45D8 		movq	-40(%rbp), %rax
 10581 0139 488D9018 		leaq	1304(%rax), %rdx
 10581      050000
1350:src/Flightlib/vl53l8cx_driver/Core/Src/vl53l8cx/vl53l8cx_api.c **** 			p_dev->temp_buffer,
 10582              		.loc 1 1350 13
 10583 0140 0FB775EA 		movzwl	-22(%rbp), %esi
 10584 0144 488B45D8 		movq	-40(%rbp), %rax
 10585 0148 4889C7   		movq	%rax, %rdi
 10586 014b E8000000 		call	VL53L8CX_WrMulti@PLT
 10586      00
1350:src/Flightlib/vl53l8cx_driver/Core/Src/vl53l8cx/vl53l8cx_api.c **** 			p_dev->temp_buffer,
 10587              		.loc 1 1350 10 discriminator 1
 10588 0150 89C2     		movl	%eax, %edx
 10589 0152 0FB645E7 		movzbl	-25(%rbp), %eax
 10590 0156 09D0     		orl	%edx, %eax
 10591 0158 8845E7   		movb	%al, -25(%rbp)
1353:src/Flightlib/vl53l8cx_driver/Core/Src/vl53l8cx/vl53l8cx_api.c **** 		status |= _vl53l8cx_poll_for_answer(p_dev, 4, 1,
 10592              		.loc 1 1353 13
 10593 015b 488B45D8 		movq	-40(%rbp), %rax
 10594 015f 41B90300 		movl	$3, %r9d
 10594      0000
 10595 0165 41B8FF00 		movl	$255, %r8d
 10595      0000
 10596 016b B9002C00 		movl	$11264, %ecx
 10596      00
 10597 0170 BA010000 		movl	$1, %edx
 10597      00
 10598 0175 BE040000 		movl	$4, %esi
 10598      00
 10599 017a 4889C7   		movq	%rax, %rdi
 10600 017d E8000000 		call	_vl53l8cx_poll_for_answer
 10600      00
 10601              		.loc 1 1353 10 discriminator 1
 10602 0182 0845E7   		orb	%al, -25(%rbp)
1354:src/Flightlib/vl53l8cx_driver/Core/Src/vl53l8cx/vl53l8cx_api.c **** 			VL53L8CX_UI_CMD_STATUS, 0xff, 0x03);
1355:src/Flightlib/vl53l8cx_driver/Core/Src/vl53l8cx/vl53l8cx_api.c **** 
1356:src/Flightlib/vl53l8cx_driver/Core/Src/vl53l8cx/vl53l8cx_api.c **** 		VL53L8CX_SwapBuffer(data, data_size);
 10603              		.loc 1 1356 3
 10604 0185 0FB755C8 		movzwl	-56(%rbp), %edx
 10605 0189 488B45D0 		movq	-48(%rbp), %rax
 10606 018d 89D6     		movl	%edx, %esi
 10607 018f 4889C7   		movq	%rax, %rdi
 10608 0192 E8000000 		call	VL53L8CX_SwapBuffer@PLT
 10608      00
 10609              	.L195:
1357:src/Flightlib/vl53l8cx_driver/Core/Src/vl53l8cx/vl53l8cx_api.c **** 	}
1358:src/Flightlib/vl53l8cx_driver/Core/Src/vl53l8cx/vl53l8cx_api.c **** 
1359:src/Flightlib/vl53l8cx_driver/Core/Src/vl53l8cx/vl53l8cx_api.c **** 	return status;
 10610              		.loc 1 1359 9
 10611 0197 0FB645E7 		movzbl	-25(%rbp), %eax
1360:src/Flightlib/vl53l8cx_driver/Core/Src/vl53l8cx/vl53l8cx_api.c **** }
 10612              		.loc 1 1360 1
 10613 019b 488B55F8 		movq	-8(%rbp), %rdx
 10614 019f 64482B14 		subq	%fs:40, %rdx
 10614      25280000 
 10614      00
 10615 01a8 7405     		je	.L199
 10616 01aa E8000000 		call	__stack_chk_fail@PLT
 10616      00
 10617              	.L199:
 10618 01af C9       		leave
 10619              	.LCFI92:
 10620              		.cfi_def_cfa 7, 8
 10621 01b0 C3       		ret
 10622              		.cfi_endproc
 10623              	.LFE36:
 10625              		.section	.text.vl53l8cx_dci_replace_data,"ax",@progbits
 10626              		.globl	vl53l8cx_dci_replace_data
 10628              	vl53l8cx_dci_replace_data:
 10629              	.LFB37:
1361:src/Flightlib/vl53l8cx_driver/Core/Src/vl53l8cx/vl53l8cx_api.c **** 
1362:src/Flightlib/vl53l8cx_driver/Core/Src/vl53l8cx/vl53l8cx_api.c **** uint8_t vl53l8cx_dci_replace_data(
1363:src/Flightlib/vl53l8cx_driver/Core/Src/vl53l8cx/vl53l8cx_api.c **** 		VL53L8CX_Configuration		*p_dev,
1364:src/Flightlib/vl53l8cx_driver/Core/Src/vl53l8cx/vl53l8cx_api.c **** 		uint8_t				*data,
1365:src/Flightlib/vl53l8cx_driver/Core/Src/vl53l8cx/vl53l8cx_api.c **** 		uint32_t			index,
1366:src/Flightlib/vl53l8cx_driver/Core/Src/vl53l8cx/vl53l8cx_api.c **** 		uint16_t			data_size,
1367:src/Flightlib/vl53l8cx_driver/Core/Src/vl53l8cx/vl53l8cx_api.c **** 		uint8_t				*new_data,
1368:src/Flightlib/vl53l8cx_driver/Core/Src/vl53l8cx/vl53l8cx_api.c **** 		uint16_t			new_data_size,
1369:src/Flightlib/vl53l8cx_driver/Core/Src/vl53l8cx/vl53l8cx_api.c **** 		uint16_t			new_data_pos)
1370:src/Flightlib/vl53l8cx_driver/Core/Src/vl53l8cx/vl53l8cx_api.c **** {
 10630              		.loc 1 1370 1
 10631              		.cfi_startproc
 10632 0000 F30F1EFA 		endbr64
 10633 0004 55       		pushq	%rbp
 10634              	.LCFI93:
 10635              		.cfi_def_cfa_offset 16
 10636              		.cfi_offset 6, -16
 10637 0005 4889E5   		movq	%rsp, %rbp
 10638              	.LCFI94:
 10639              		.cfi_def_cfa_register 6
 10640 0008 4883EC40 		subq	$64, %rsp
 10641 000c 48897DE8 		movq	%rdi, -24(%rbp)
 10642 0010 488975E0 		movq	%rsi, -32(%rbp)
 10643 0014 8955DC   		movl	%edx, -36(%rbp)
 10644 0017 89C8     		movl	%ecx, %eax
 10645 0019 4C8945D0 		movq	%r8, -48(%rbp)
 10646 001d 4489C9   		movl	%r9d, %ecx
 10647 0020 8B5510   		movl	16(%rbp), %edx
 10648 0023 668945D8 		movw	%ax, -40(%rbp)
 10649 0027 89C8     		movl	%ecx, %eax
 10650 0029 668945CC 		movw	%ax, -52(%rbp)
 10651 002d 89D0     		movl	%edx, %eax
 10652 002f 668945C8 		movw	%ax, -56(%rbp)
1371:src/Flightlib/vl53l8cx_driver/Core/Src/vl53l8cx/vl53l8cx_api.c **** 	uint8_t status = VL53L8CX_STATUS_OK;
 10653              		.loc 1 1371 10
 10654 0033 C645FF00 		movb	$0, -1(%rbp)
1372:src/Flightlib/vl53l8cx_driver/Core/Src/vl53l8cx/vl53l8cx_api.c **** 
1373:src/Flightlib/vl53l8cx_driver/Core/Src/vl53l8cx/vl53l8cx_api.c **** 	status |= vl53l8cx_dci_read_data(p_dev, data, index, data_size);
 10655              		.loc 1 1373 12
 10656 0037 0FB74DD8 		movzwl	-40(%rbp), %ecx
 10657 003b 8B55DC   		movl	-36(%rbp), %edx
 10658 003e 488B75E0 		movq	-32(%rbp), %rsi
 10659 0042 488B45E8 		movq	-24(%rbp), %rax
 10660 0046 4889C7   		movq	%rax, %rdi
 10661 0049 E8000000 		call	vl53l8cx_dci_read_data
 10661      00
 10662              		.loc 1 1373 9 discriminator 1
 10663 004e 0845FF   		orb	%al, -1(%rbp)
1374:src/Flightlib/vl53l8cx_driver/Core/Src/vl53l8cx/vl53l8cx_api.c **** 	(void)memcpy(&(data[new_data_pos]), new_data, new_data_size);
 10664              		.loc 1 1374 8
 10665 0051 0FB755CC 		movzwl	-52(%rbp), %edx
 10666 0055 0FB74DC8 		movzwl	-56(%rbp), %ecx
 10667              		.loc 1 1374 15
 10668 0059 488B45E0 		movq	-32(%rbp), %rax
 10669 005d 4801C1   		addq	%rax, %rcx
 10670              		.loc 1 1374 8
 10671 0060 488B45D0 		movq	-48(%rbp), %rax
 10672 0064 4889C6   		movq	%rax, %rsi
 10673 0067 4889CF   		movq	%rcx, %rdi
 10674 006a E8000000 		call	memcpy@PLT
 10674      00
1375:src/Flightlib/vl53l8cx_driver/Core/Src/vl53l8cx/vl53l8cx_api.c **** 	status |= vl53l8cx_dci_write_data(p_dev, data, index, data_size);
 10675              		.loc 1 1375 12
 10676 006f 0FB74DD8 		movzwl	-40(%rbp), %ecx
 10677 0073 8B55DC   		movl	-36(%rbp), %edx
 10678 0076 488B75E0 		movq	-32(%rbp), %rsi
 10679 007a 488B45E8 		movq	-24(%rbp), %rax
 10680 007e 4889C7   		movq	%rax, %rdi
 10681 0081 E8000000 		call	vl53l8cx_dci_write_data
 10681      00
 10682              		.loc 1 1375 9 discriminator 1
 10683 0086 0845FF   		orb	%al, -1(%rbp)
1376:src/Flightlib/vl53l8cx_driver/Core/Src/vl53l8cx/vl53l8cx_api.c **** 
1377:src/Flightlib/vl53l8cx_driver/Core/Src/vl53l8cx/vl53l8cx_api.c **** 	return status;
 10684              		.loc 1 1377 9
 10685 0089 0FB645FF 		movzbl	-1(%rbp), %eax
1378:src/Flightlib/vl53l8cx_driver/Core/Src/vl53l8cx/vl53l8cx_api.c **** }
 10686              		.loc 1 1378 1
 10687 008d C9       		leave
 10688              	.LCFI95:
 10689              		.cfi_def_cfa 7, 8
 10690 008e C3       		ret
 10691              		.cfi_endproc
 10692              	.LFE37:
 10694              		.text
 10695              	.Letext0:
 10696              		.file 2 "/usr/lib/gcc/x86_64-linux-gnu/13/include/stddef.h"
 10697              		.file 3 "/usr/include/x86_64-linux-gnu/bits/types.h"
 10698              		.file 4 "/usr/include/x86_64-linux-gnu/bits/stdint-intn.h"
 10699              		.file 5 "/usr/include/x86_64-linux-gnu/bits/stdint-uintn.h"
 10700              		.file 6 "src/Flightlib/vl53l8cx_driver/Core/Inc/vl53l8cx/vl53l8cx_platform.h"
 10701              		.file 7 "src/Flightlib/vl53l8cx_driver/Core/Inc/vl53l8cx/vl53l8cx_api.h"
 10702              		.file 8 "src/Flightlib/vl53l8cx_driver/Core/Inc/vl53l8cx/vl53l8cx_buffers.h"
 10703              		.file 9 "/usr/include/string.h"
 15325              		.section	.note.gnu.property,"a"
 15326              		.align 8
 15327 0000 04000000 		.long	1f - 0f
 15328 0004 10000000 		.long	4f - 1f
 15329 0008 05000000 		.long	5
 15330              	0:
 15331 000c 474E5500 		.string	"GNU"
 15332              	1:
 15333              		.align 8
 15334 0010 020000C0 		.long	0xc0000002
 15335 0014 04000000 		.long	3f - 2f
 15336              	2:
 15337 0018 03000000 		.long	0x3
 15338              	3:
 15339 001c 00000000 		.align 8
 15340              	4:
DEFINED SYMBOLS
                            *ABS*:0000000000000000 vl53l8cx_api.c
     /tmp/ccPBJcm7.s:10     .rodata.VL53L8CX_FIRMWARE:0000000000000000 VL53L8CX_FIRMWARE
     /tmp/ccPBJcm7.s:4290   .rodata.VL53L8CX_DEFAULT_CONFIGURATION:0000000000000000 VL53L8CX_DEFAULT_CONFIGURATION
     /tmp/ccPBJcm7.s:4902   .rodata.VL53L8CX_DEFAULT_XTALK:0000000000000000 VL53L8CX_DEFAULT_XTALK
     /tmp/ccPBJcm7.s:5448   .rodata.VL53L8CX_GET_NVM_CMD:0000000000000000 VL53L8CX_GET_NVM_CMD
     /tmp/ccPBJcm7.s:5462   .text._vl53l8cx_poll_for_answer:0000000000000000 _vl53l8cx_poll_for_answer
     /tmp/ccPBJcm7.s:5566   .text._vl53l8cx_poll_for_mcu_boot:0000000000000000 _vl53l8cx_poll_for_mcu_boot
     /tmp/ccPBJcm7.s:5669   .text._vl53l8cx_send_offset_data:0000000000000000 _vl53l8cx_send_offset_data
     /tmp/ccPBJcm7.s:6013   .text._vl53l8cx_send_xtalk_data:0000000000000000 _vl53l8cx_send_xtalk_data
     /tmp/ccPBJcm7.s:6254   .text.vl53l8cx_is_alive:0000000000000000 vl53l8cx_is_alive
     /tmp/ccPBJcm7.s:6356   .text.vl53l8cx_init:0000000000000000 vl53l8cx_init
     /tmp/ccPBJcm7.s:10445  .text.vl53l8cx_dci_write_data:0000000000000000 vl53l8cx_dci_write_data
     /tmp/ccPBJcm7.s:7371   .text.vl53l8cx_set_i2c_address:0000000000000000 vl53l8cx_set_i2c_address
     /tmp/ccPBJcm7.s:7443   .text.vl53l8cx_get_power_mode:0000000000000000 vl53l8cx_get_power_mode
     /tmp/ccPBJcm7.s:7564   .text.vl53l8cx_set_power_mode:0000000000000000 vl53l8cx_set_power_mode
     /tmp/ccPBJcm7.s:7805   .text.vl53l8cx_start_ranging:0000000000000000 vl53l8cx_start_ranging
     /tmp/ccPBJcm7.s:9135   .text.vl53l8cx_get_resolution:0000000000000000 vl53l8cx_get_resolution
     /tmp/ccPBJcm7.s:10290  .text.vl53l8cx_dci_read_data:0000000000000000 vl53l8cx_dci_read_data
     /tmp/ccPBJcm7.s:8214   .text.vl53l8cx_stop_ranging:0000000000000000 vl53l8cx_stop_ranging
     /tmp/ccPBJcm7.s:8452   .text.vl53l8cx_check_data_ready:0000000000000000 vl53l8cx_check_data_ready
     /tmp/ccPBJcm7.s:8562   .text.vl53l8cx_get_ranging_data:0000000000000000 vl53l8cx_get_ranging_data
     /tmp/ccPBJcm7.s:9189   .text.vl53l8cx_set_resolution:0000000000000000 vl53l8cx_set_resolution
     /tmp/ccPBJcm7.s:9385   .text.vl53l8cx_get_ranging_frequency_hz:0000000000000000 vl53l8cx_get_ranging_frequency_hz
     /tmp/ccPBJcm7.s:9432   .text.vl53l8cx_set_ranging_frequency_hz:0000000000000000 vl53l8cx_set_ranging_frequency_hz
     /tmp/ccPBJcm7.s:10628  .text.vl53l8cx_dci_replace_data:0000000000000000 vl53l8cx_dci_replace_data
     /tmp/ccPBJcm7.s:9480   .text.vl53l8cx_get_integration_time_ms:0000000000000000 vl53l8cx_get_integration_time_ms
     /tmp/ccPBJcm7.s:9539   .text.vl53l8cx_set_integration_time_ms:0000000000000000 vl53l8cx_set_integration_time_ms
     /tmp/ccPBJcm7.s:9618   .text.vl53l8cx_get_sharpener_percent:0000000000000000 vl53l8cx_get_sharpener_percent
     /tmp/ccPBJcm7.s:9676   .text.vl53l8cx_set_sharpener_percent:0000000000000000 vl53l8cx_set_sharpener_percent
     /tmp/ccPBJcm7.s:9756   .text.vl53l8cx_get_target_order:0000000000000000 vl53l8cx_get_target_order
     /tmp/ccPBJcm7.s:9803   .text.vl53l8cx_set_target_order:0000000000000000 vl53l8cx_set_target_order
     /tmp/ccPBJcm7.s:9868   .text.vl53l8cx_get_ranging_mode:0000000000000000 vl53l8cx_get_ranging_mode
     /tmp/ccPBJcm7.s:9924   .text.vl53l8cx_set_ranging_mode:0000000000000000 vl53l8cx_set_ranging_mode
     /tmp/ccPBJcm7.s:10032  .text.vl53l8cx_get_external_sync_pin_enable:0000000000000000 vl53l8cx_get_external_sync_pin_enable
     /tmp/ccPBJcm7.s:10091  .text.vl53l8cx_set_external_sync_pin_enable:0000000000000000 vl53l8cx_set_external_sync_pin_enable
     /tmp/ccPBJcm7.s:10166  .text.vl53l8cx_get_VHV_repeat_count:0000000000000000 vl53l8cx_get_VHV_repeat_count
     /tmp/ccPBJcm7.s:10243  .text.vl53l8cx_set_VHV_repeat_count:0000000000000000 vl53l8cx_set_VHV_repeat_count

UNDEFINED SYMBOLS
VL53L8CX_RdMulti
VL53L8CX_WaitMs
VL53L8CX_RdByte
__stack_chk_fail
memcpy
VL53L8CX_SwapBuffer
memset
VL53L8CX_WrMulti
VL53L8CX_WrByte
